Transfer starting: 19728 files
./
build/
build/annotationProcessors/
build/annotationProcessors/classloader/
build/annotationProcessors/utils/
build/autoconf/
build/clang-plugin/
build/clang-plugin/tests/
build/compare-mozconfig/
.clang-format
.clang-format-ignore
.eslintignore
.eslintrc
.gdbinit
.gitignore
.hg_archival.txt
.hgignore
.hgtags
.lldbinit
.ycm_extra_conf.py
104fx_copy.sh
104fx_fix_links.sh
104fx_import_esr115_stspreload.pl
104fx_import_esr128_stspreload.pl
104fx_import_shavar_cryptominers.pl
104fx_upcerts.sh
104fx_uptzdata.sh
AUTHORS
Android.mk
CLOBBER
CONTRIBUTING.md
DEBUG-gprof.mozcfg
DEBUG.mozcfg
G3.mozcfg
G4-7400.mozcfg
G4-7450-nostrip.mozcfg
G4-7450.mozcfg
G5-nostrip-gprof.mozcfg
G5-nostrip.mozcfg
G5.mozcfg
GNUmakefile
LEGAL
LICENSE
Makefile.in
README.md
README.txt
aclocal.m4
build.gradle
build/.lldbinit.in
build/Makefile.in
build/__init__.py
build/annotationProcessors/AnnotationInfo.java
build/annotationProcessors/AnnotationProcessor.java
build/annotationProcessors/CodeGenerator.java
build/annotationProcessors/Makefile.in
build/annotationProcessors/SDKProcessor.java
build/annotationProcessors/classloader/AnnotatableEntity.java
build/annotationProcessors/classloader/ClassWithOptions.java
build/annotationProcessors/classloader/IterableJarLoadingURLClassLoader.java
build/docs/
build/docs/mozbuild/
build/gabi++/
build/gabi++/include/
build/gabi++/src/
build/macosx/
build/macosx/permissions/
build/macosx/universal/
build/mobile/
build/mobile/sutagent/
build/mobile/sutagent/android/
build/mobile/sutagent/android/fencp/
build/mobile/sutagent/android/fencp/res/
build/mobile/sutagent/android/fencp/res/drawable-hdpi/
build/mobile/sutagent/android/fencp/res/drawable-ldpi/
build/mobile/sutagent/android/fencp/res/drawable-mdpi/
build/mobile/sutagent/android/fencp/res/layout/
build/mobile/sutagent/android/fencp/res/values/
build/mobile/sutagent/android/ffxcp/
build/mobile/sutagent/android/ffxcp/res/
build/mobile/sutagent/android/ffxcp/res/drawable-hdpi/
build/mobile/sutagent/android/ffxcp/res/drawable-ldpi/
build/mobile/sutagent/android/ffxcp/res/drawable-mdpi/
build/mobile/sutagent/android/ffxcp/res/layout/
build/mobile/sutagent/android/ffxcp/res/values/
build/mobile/sutagent/android/network-libs/
build/mobile/sutagent/android/res/
build/mobile/sutagent/android/res/drawable/
build/mobile/sutagent/android/res/layout/
build/mobile/sutagent/android/res/values/
build/mobile/sutagent/android/watcher/
build/mobile/sutagent/android/watcher/res/
build/mobile/sutagent/android/watcher/res/drawable-hdpi/
build/mobile/sutagent/android/watcher/res/drawable-ldpi/
build/mobile/sutagent/android/watcher/res/drawable-mdpi/
build/mobile/sutagent/android/watcher/res/layout/
build/mobile/sutagent/android/watcher/res/values/
build/package/
build/package/mac_osx/
build/pgo/
build/pgo/blueprint/
build/pgo/certs/
build/pgo/js-input/
build/pgo/js-input/sunspider/
build/annotationProcessors/classloader/JarClassIterator.java
build/annotationProcessors/moz.build
build/annotationProcessors/utils/AlphabeticAnnotatableEntityComparator.java
build/annotationProcessors/utils/GeneratableElementIterator.java
build/annotationProcessors/utils/Utils.java
build/appini_header.py
build/application.ini
build/autoconf/acwinpaths.m4
build/autoconf/alloc.m4
build/autoconf/altoptions.m4
build/autoconf/android.m4
build/autoconf/arch.m4
build/autoconf/clang-plugin.m4
build/autoconf/clean-config.sh
build/autoconf/codeset.m4
build/autoconf/compiler-opts.m4
build/autoconf/config.guess
build/autoconf/config.status.m4
build/autoconf/config.sub
build/autoconf/expandlibs.m4
build/autoconf/ffi.m4
build/autoconf/frameptr.m4
build/autoconf/hooks.m4
build/autoconf/hotfixes.m4
build/autoconf/icu.m4
build/autoconf/install-sh
build/autoconf/ios.m4
build/autoconf/jemalloc.m4
build/autoconf/linux.m4
build/autoconf/lto.m4
build/autoconf/mozcommonheader.m4
build/autoconf/mozheader.m4
build/autoconf/mozprog.m4
build/autoconf/nspr-build.m4
build/autoconf/nspr.m4
build/autoconf/nss.m4
build/autoconf/pkg.m4
build/autoconf/python-virtualenv.m4
build/autoconf/rust.m4
build/autoconf/subconfigure.m4
build/autoconf/toolchain.m4
build/autoconf/winsdk.m4
build/autoconf/wrapper.m4
build/autoconf/zlib.m4
build/automation-build.mk
build/automation.py.in
build/binary-location.mk
build/buildconfig.py
build/checksums.py
build/clang-plugin/.clang-format
build/clang-plugin/Makefile.in
build/clang-plugin/clang-plugin.cpp
build/clang-plugin/moz.build
build/clang-plugin/tests/Makefile.in
build/clang-plugin/tests/TestBadImplicitConversionCtor.cpp
build/clang-plugin/tests/TestCustomHeap.cpp
build/clang-plugin/tests/TestExplicitOperatorBool.cpp
build/clang-plugin/tests/TestGlobalClass.cpp
build/clang-plugin/tests/TestHeapClass.cpp
build/clang-plugin/tests/TestInheritTypeAnnotationsFromTemplateArgs.cpp
build/clang-plugin/tests/TestMultipleAnnotations.cpp
build/clang-plugin/tests/TestMustOverride.cpp
build/clang-plugin/tests/TestMustUse.cpp
build/clang-plugin/tests/TestNANTestingExpr.cpp
build/clang-plugin/tests/TestNANTestingExprC.c
build/clang-plugin/tests/TestNeedsNoVTableType.cpp
build/clang-plugin/tests/TestNoAddRefReleaseOnReturn.cpp
build/clang-plugin/tests/TestNoArithmeticExprInArgument.cpp
build/clang-plugin/tests/TestNoAutoType.cpp
build/clang-plugin/tests/TestNoDuplicateRefCntMember.cpp
build/clang-plugin/tests/TestNoExplicitMoveConstructor.cpp
build/clang-plugin/tests/TestNoRefcountedInsideLambdas.cpp
build/clang-plugin/tests/TestNonHeapClass.cpp
build/clang-plugin/tests/TestNonMemMovable.cpp
build/clang-plugin/tests/TestNonMemMovableStd.cpp
build/clang-plugin/tests/TestNonTemporaryClass.cpp
build/clang-plugin/tests/TestRefCountedCopyConstructor.cpp
build/pymake/
build/pymake/pymake/
build/pymake/tests/
build/pymake/tests/pathdir/
build/pymake/tests/pathdir/src/
build/pymake/tests/subdir/
build/release/
build/sanitizers/
build/stlport/
build/stlport/overrides/
build/stlport/src/
build/stlport/src/c_locale_dummy/
build/stlport/src/c_locale_glibc/
build/stlport/src/c_locale_win32/
build/stlport/src/details/
build/stlport/stlport/
build/clang-plugin/tests/TestStackClass.cpp
build/clang-plugin/tests/TestTrivialCtorDtor.cpp
build/clang-plugin/tests/moz.build
build/compare-mozconfig/compare-mozconfigs-wrapper.py
build/compare-mozconfig/compare-mozconfigs.py
build/defines.sh
build/docs/androideclipse.rst
build/docs/build-overview.rst
build/docs/build-targets.rst
build/docs/cppeclipse.rst
build/docs/defining-binaries.rst
build/docs/environment-variables.rst
build/docs/files-metadata.rst
build/docs/glossary.rst
build/docs/index.rst
build/docs/jar-manifests.rst
build/docs/mozbuild-files.rst
build/docs/mozbuild-symbols.rst
build/docs/mozbuild/dumbmake.rst
build/docs/mozbuild/index.rst
build/docs/mozconfigs.rst
build/docs/mozinfo.rst
build/docs/pgo.rst
build/docs/preprocessor.rst
build/docs/python.rst
build/docs/slow.rst
build/docs/supported-configurations.rst
build/docs/test_manifests.rst
build/docs/visualstudio.rst
build/dumbmake-dependencies
build/gabi++/Android.mk
build/gabi++/README.mozilla
build/gabi++/include/cxxabi.h
build/gabi++/include/new
build/gabi++/include/typeinfo
build/gabi++/moz.build
build/gabi++/src/array_type_info.cc
build/gabi++/src/class_type_info.cc
build/gabi++/src/delete.cc
build/gabi++/src/dynamic_cast.cc
build/gabi++/src/enum_type_info.cc
build/gabi++/src/function_type_info.cc
build/gabi++/src/fundamental_type_info.cc
build/gabi++/src/new.cc
build/gabi++/src/pbase_type_info.cc
build/gabi++/src/pointer_to_member_type_info.cc
build/gabi++/src/pointer_type_info.cc
build/gabi++/src/si_class_type_info.cc
build/gabi++/src/type_info.cc
build/gabi++/src/vmi_class_type_info.cc
build/gabi++/use_rtti.mk
build/stlport/stlport/stl/
build/stlport/stlport/stl/config/
build/stlport/stlport/stl/debug/
build/stlport/stlport/stl/pointers/
build/stlport/stlport/using/
build/stlport/stlport/using/h/
build/stlport/test/
build/unix/
build/unix/build-clang/
build/unix/build-gcc/
build/unix/build-gtk3/
build/unix/elfhack/
build/unix/elfhack/inject/
build/unix/gnu-ld-scripts/
build/gecko_templates.mozbuild
build/gen_test_packages_manifest.py
build/genrc.sh
build/gyp.mozbuild
build/mach_bootstrap.py
build/macosx/cross-mozconfig.common
build/macosx/local-mozconfig.common
build/macosx/mozconfig.common
build/macosx/mozconfig.rust
build/macosx/permissions/chown_revert.c
build/macosx/permissions/chown_root.c
build/macosx/universal/flight.mk
build/macosx/universal/mozconfig
build/macosx/universal/mozconfig.common
build/macosx/universal/unify
build/mobile/b2gautomation.py
build/mobile/remoteautomation.py
build/mobile/sutagent/android/ASMozStub.java
build/mobile/sutagent/android/AlertLooperThread.java
build/mobile/sutagent/android/AndroidManifest.xml
build/mobile/sutagent/android/CmdWorkerThread.java
build/mobile/sutagent/android/DataWorkerThread.java
build/mobile/sutagent/android/DoAlert.java
build/mobile/sutagent/android/DoCommand.java
build/mobile/sutagent/android/FindProcThread.java
build/mobile/sutagent/android/Makefile.in
build/mobile/sutagent/android/Power.java
build/mobile/sutagent/android/RedirOutputThread.java
build/mobile/sutagent/android/RunCmdThread.java
build/unix/headers/
build/unix/headers/bits/
build/unix/stdc++compat/
build/util/
build/valgrind/
build/win32/
build/win32/crashinjectdll/
build/win64/
config/
config/Moz/
config/external/
config/external/ffi/
config/external/freetype2/
config/external/icu/
config/external/lgpllibs/
config/external/nspr/
config/external/nss/
config/external/nss/crmf/
config/external/sqlite/
config/external/zlib/
config/faster/
config/makefiles/
config/makefiles/test/
config/makefiles/xpidl/
config/tests/
config/tests/makefiles/
config/tests/makefiles/autodeps/
config/tests/ref-simple/
config/tests/ref-simple/one/
config/tests/ref-simple/three/
config/tests/ref-simple/two/
config/tests/src-simple/
config/tests/src-simple/l10n/
config/tests/src-simple/thesrcdir/
config/tests/src-simple/thetopsrcdir/
js/
js/public/
js/src/
js/src/asmjs/
build/mobile/sutagent/android/RunDataThread.java
build/mobile/sutagent/android/SUTAgentAndroid.java
build/mobile/sutagent/android/WifiConfiguration.java
build/mobile/sutagent/android/default.properties
build/mobile/sutagent/android/fencp/AndroidManifest.xml
build/mobile/sutagent/android/fencp/DirCursor.java
build/mobile/sutagent/android/fencp/FenCP.java
build/mobile/sutagent/android/fencp/FenCPFP.java
build/mobile/sutagent/android/fencp/FileCursor.java
build/mobile/sutagent/android/fencp/Makefile.in
build/mobile/sutagent/android/fencp/default.properties
build/mobile/sutagent/android/fencp/moz.build
build/mobile/sutagent/android/fencp/res/drawable-hdpi/icon.png
build/mobile/sutagent/android/fencp/res/drawable-ldpi/icon.png
build/mobile/sutagent/android/fencp/res/drawable-mdpi/icon.png
build/mobile/sutagent/android/fencp/res/layout/main.xml
build/mobile/sutagent/android/fencp/res/values/strings.xml
build/mobile/sutagent/android/ffxcp/AndroidManifest.xml
build/mobile/sutagent/android/ffxcp/DirCursor.java
build/mobile/sutagent/android/ffxcp/FfxCPFP.java
build/mobile/sutagent/android/ffxcp/FileCursor.java
build/mobile/sutagent/android/ffxcp/Makefile.in
build/mobile/sutagent/android/ffxcp/default.properties
build/mobile/sutagent/android/ffxcp/ffxcp.java
build/mobile/sutagent/android/ffxcp/moz.build
build/mobile/sutagent/android/ffxcp/res/drawable-hdpi/icon.png
build/mobile/sutagent/android/ffxcp/res/drawable-ldpi/icon.png
build/mobile/sutagent/android/ffxcp/res/drawable-mdpi/icon.png
build/mobile/sutagent/android/ffxcp/res/layout/main.xml
build/mobile/sutagent/android/ffxcp/res/values/strings.xml
build/mobile/sutagent/android/moz.build
build/mobile/sutagent/android/network-libs/commons-net-2.0-javadoc.jar
js/src/builtin/
js/src/ctypes/
js/src/ctypes/libffi/
js/src/ctypes/libffi-patches/
js/src/ctypes/libffi/doc/
js/src/ctypes/libffi/include/
js/src/ctypes/libffi/libffi.xcodeproj/
js/src/ctypes/libffi/m4/
js/src/ctypes/libffi/man/
js/src/ctypes/libffi/src/
js/src/ctypes/libffi/src/aarch64/
js/src/ctypes/libffi/src/alpha/
js/src/ctypes/libffi/src/arc/
js/src/ctypes/libffi/src/arm/
js/src/ctypes/libffi/src/avr32/
js/src/ctypes/libffi/src/bfin/
js/src/ctypes/libffi/src/cris/
js/src/ctypes/libffi/src/frv/
js/src/ctypes/libffi/src/ia64/
js/src/ctypes/libffi/src/m32r/
js/src/ctypes/libffi/src/m68k/
js/src/ctypes/libffi/src/m88k/
js/src/ctypes/libffi/src/metag/
js/src/ctypes/libffi/src/microblaze/
js/src/ctypes/libffi/src/mips/
js/src/ctypes/libffi/src/moxie/
js/src/ctypes/libffi/src/nios2/
js/src/ctypes/libffi/src/pa/
js/src/ctypes/libffi/src/powerpc/
js/src/ctypes/libffi/src/s390/
js/src/ctypes/libffi/src/sh/
js/src/ctypes/libffi/src/sh64/
js/src/ctypes/libffi/src/sparc/
js/src/ctypes/libffi/src/tile/
js/src/ctypes/libffi/src/vax/
js/src/ctypes/libffi/src/x86/
js/src/ctypes/libffi/src/xtensa/
js/src/ctypes/libffi/testsuite/
js/src/ctypes/libffi/testsuite/config/
js/src/ctypes/libffi/testsuite/lib/
js/src/ctypes/libffi/testsuite/libffi.call/
js/src/devtools/
js/src/devtools/automation/
js/src/devtools/automation/variants/
js/src/devtools/gc/
js/src/devtools/gc-ubench/
js/src/devtools/gc-ubench/benchmarks/
js/src/devtools/gc/tests/
js/src/devtools/gctrace/
js/src/devtools/gnuplot/
js/src/devtools/rootAnalysis/
js/src/devtools/rootAnalysis/build/
js/src/devtools/vprof/
js/src/doc/
js/src/doc/Debugger/
js/src/doc/JITOptimizations/
js/src/doc/SavedFrame/
js/src/doc/lib/
js/src/ds/
js/src/editline/
js/src/frontend/
js/src/gc/
js/src/gdb/
js/src/gdb/lib-for-tests/
js/src/gdb/mozilla/
js/src/gdb/tests/
js/src/irregexp/
js/src/jit/
js/src/jit-test/
js/src/jit-test/etc/
js/src/jit-test/lib/
js/src/jit-test/manual-tests/
js/src/jit-test/modules/
js/src/jit-test/tests/
js/src/jit-test/tests/SIMD/
js/src/jit-test/tests/TypedObject/
js/src/jit-test/tests/arguments/
js/src/jit-test/tests/arrays/
js/src/jit-test/tests/arrow-functions/
js/src/jit-test/tests/asm.js/
js/src/jit-test/tests/atomics/
js/src/jit-test/tests/auto-regress/
js/src/jit-test/tests/baseline/
js/src/jit-test/tests/basic/
js/src/jit-test/tests/cacheir/
js/src/jit-test/tests/class/
js/src/jit-test/tests/closures/
js/src/jit-test/tests/collections/
js/src/jit-test/tests/coverage/
js/src/jit-test/tests/ctypes/
js/src/jit-test/tests/debug/
js/src/jit-test/tests/errors/
js/src/jit-test/tests/for-of/
js/src/jit-test/tests/gc/
js/src/jit-test/tests/generators/
js/src/jit-test/tests/heap-analysis/
js/src/jit-test/tests/ion/
js/src/jit-test/tests/ion/inlining/
js/src/jit-test/tests/ion/invalidation/
js/src/jit-test/tests/jaeger/
js/src/jit-test/tests/jaeger/bug563000/
js/src/jit-test/tests/jaeger/chunk/
js/src/jit-test/tests/jaeger/inline/
js/src/jit-test/tests/jaeger/loops/
js/src/jit-test/tests/jaeger/recompile/
js/src/jit-test/tests/latin1/
js/src/jit-test/tests/modules/
js/src/jit-test/tests/parser/
js/src/jit-test/tests/pic/
js/src/jit-test/tests/profiler/
js/src/jit-test/tests/proxy/
js/src/jit-test/tests/saved-stacks/
js/src/jit-test/tests/self-hosting/
js/src/jit-test/tests/self-test/
js/src/jit-test/tests/sharedbuf/
js/src/jit-test/tests/structured-clone/
js/src/jit-test/tests/sunspider/
js/src/jit-test/tests/symbol/
js/src/jit-test/tests/tenfourfox/
js/src/jit-test/tests/tracelogger/
js/src/jit-test/tests/truthiness/
js/src/jit-test/tests/v8-v5/
js/src/jit-test/tests/xdr/
js/src/jit/arm/
js/src/jit/arm/disasm/
js/src/jit/arm/llvm-compiler-rt/
js/src/jit/arm/llvm-compiler-rt/arm/
js/src/jit/arm64/
js/src/jit/arm64/vixl/
js/src/jit/mips-shared/
js/src/jit/mips32/
js/src/jit/mips64/
js/src/jit/none/
js/src/jit/osxppc/
js/src/jit/shared/
js/src/jit/x64/
js/src/jit/x86/
js/src/jit/x86-shared/
js/src/jsapi-tests/
js/src/octane/
js/src/perf/
js/src/proxy/
js/src/shell/
js/src/tests/
js/src/tests/Intl/
js/src/tests/Intl/Collator/
js/src/tests/Intl/DateTimeFormat/
js/src/tests/Intl/NumberFormat/
js/src/tests/Intl/extensions/
js/src/tests/ecma/
js/src/tests/ecma/Array/
js/src/tests/ecma/Boolean/
js/src/tests/ecma/Date/
js/src/tests/ecma/ExecutionContexts/
js/src/tests/ecma/Expressions/
js/src/tests/ecma/FunctionObjects/
js/src/tests/ecma/GlobalObject/
js/src/tests/ecma/LexicalConventions/
js/src/tests/ecma/Math/
js/src/tests/ecma/NativeObjects/
js/src/tests/ecma/Number/
js/src/tests/ecma/ObjectObjects/
js/src/tests/ecma/SourceText/
js/src/tests/ecma/Statements/
js/src/tests/ecma/String/
js/src/tests/ecma/TypeConversion/
js/src/tests/ecma/Types/
js/src/tests/ecma/extensions/
js/src/tests/ecma_2/
js/src/tests/ecma_2/Exceptions/
js/src/tests/ecma_2/Expressions/
js/src/tests/ecma_2/FunctionObjects/
js/src/tests/ecma_2/LexicalConventions/
js/src/tests/ecma_2/RegExp/
js/src/tests/ecma_2/Statements/
js/src/tests/ecma_2/String/
js/src/tests/ecma_2/extensions/
js/src/tests/ecma_2/instanceof/
js/src/tests/ecma_3/
js/src/tests/ecma_3/Array/
js/src/tests/ecma_3/Date/
js/src/tests/ecma_3/Exceptions/
js/src/tests/ecma_3/ExecutionContexts/
js/src/tests/ecma_3/Expressions/
js/src/tests/ecma_3/FunExpr/
js/src/tests/ecma_3/Function/
js/src/tests/ecma_3/LexicalConventions/
js/src/tests/ecma_3/Number/
js/src/tests/ecma_3/NumberFormatting/
js/src/tests/ecma_3/Object/
js/src/tests/ecma_3/Operators/
js/src/tests/ecma_3/RegExp/
js/src/tests/ecma_3/Regress/
js/src/tests/ecma_3/Statements/
js/src/tests/ecma_3/String/
js/src/tests/ecma_3/Unicode/
js/src/tests/ecma_3/extensions/
js/src/tests/ecma_3_1/
js/src/tests/ecma_3_1/Object/
js/src/tests/ecma_3_1/RegExp/
js/src/tests/ecma_3_1/extensions/
js/src/tests/ecma_5/
js/src/tests/ecma_5/Array/
js/src/tests/ecma_5/Boolean/
js/src/tests/ecma_5/Date/
js/src/tests/ecma_5/Exceptions/
js/src/tests/ecma_5/Expressions/
js/src/tests/ecma_5/Function/
js/src/tests/ecma_5/Global/
js/src/tests/ecma_5/JSON/
js/src/tests/ecma_5/Number/
js/src/tests/ecma_5/Object/
js/src/tests/ecma_5/RegExp/
js/src/tests/ecma_5/String/
js/src/tests/ecma_5/Types/
js/src/tests/ecma_5/eval/
js/src/tests/ecma_5/extensions/
js/src/tests/ecma_5/misc/
js/src/tests/ecma_5/strict/
js/src/tests/ecma_6/
js/src/tests/ecma_6/Array/
js/src/tests/ecma_6/ArrayBuffer/
js/src/tests/ecma_6/Class/
js/src/tests/ecma_6/Comprehensions/
js/src/tests/ecma_6/DataView/
js/src/tests/ecma_6/Date/
js/src/tests/ecma_6/Destructuring/
js/src/tests/ecma_6/Expressions/
js/src/tests/ecma_6/Function/
js/src/tests/ecma_6/Generators/
js/src/tests/ecma_6/LexicalEnvironment/
js/src/tests/ecma_6/Map/
js/src/tests/ecma_6/Math/
js/src/tests/ecma_6/Number/
js/src/tests/ecma_6/Object/
js/src/tests/ecma_6/Proxy/
js/src/tests/ecma_6/Reflect/
js/src/tests/ecma_6/RegExp/
js/src/tests/ecma_6/Set/
js/src/tests/ecma_6/Statements/
js/src/tests/ecma_6/String/
js/src/tests/ecma_6/Symbol/
js/src/tests/ecma_6/Syntax/
js/src/tests/ecma_6/TemplateStrings/
js/src/tests/ecma_6/TypedArray/
js/src/tests/ecma_6/WeakMap/
js/src/tests/ecma_6/extensions/
js/src/tests/ecma_7/
js/src/tests/ecma_7/Array/
js/src/tests/ecma_7/AsyncFunctions/
js/src/tests/ecma_7/Math/
js/src/tests/ecma_7/Object/
js/src/tests/ecma_7/SIMD/
js/src/tests/ecma_7/String/
js/src/tests/ecma_7/TypedObject/
js/src/tests/js1_1/
js/src/tests/js1_1/regress/
js/src/tests/js1_2/
js/src/tests/js1_2/Array/
js/src/tests/js1_2/Objects/
js/src/tests/js1_2/String/
js/src/tests/js1_2/function/
js/src/tests/js1_2/operator/
js/src/tests/js1_2/regexp/
js/src/tests/js1_2/regress/
js/src/tests/js1_2/statements/
js/src/tests/js1_2/version120/
js/src/tests/js1_3/
js/src/tests/js1_3/Boolean/
js/src/tests/js1_3/Script/
js/src/tests/js1_3/extensions/
js/src/tests/js1_3/inherit/
js/src/tests/js1_3/misc/
js/src/tests/js1_3/regress/
js/src/tests/js1_4/
js/src/tests/js1_4/Eval/
js/src/tests/js1_4/Functions/
js/src/tests/js1_4/Regress/
js/src/tests/js1_5/
js/src/tests/js1_5/Array/
js/src/tests/js1_5/Date/
js/src/tests/js1_5/Error/
js/src/tests/js1_5/Exceptions/
js/src/tests/js1_5/Expressions/
js/src/tests/js1_5/Function/
js/src/tests/js1_5/GC/
js/src/tests/js1_5/GetSet/
js/src/tests/js1_5/LexicalConventions/
js/src/tests/js1_5/Object/
js/src/tests/js1_5/Regress/
js/src/tests/js1_5/Scope/
js/src/tests/js1_5/String/
js/src/tests/js1_5/extensions/
js/src/tests/js1_6/
js/src/tests/js1_6/Array/
js/src/tests/js1_6/Regress/
js/src/tests/js1_6/String/
js/src/tests/js1_6/extensions/
js/src/tests/js1_7/
js/src/tests/js1_7/GC/
js/src/tests/js1_7/expressions/
js/src/tests/js1_7/extensions/
js/src/tests/js1_7/geniter/
js/src/tests/js1_7/iterable/
js/src/tests/js1_7/lexical/
js/src/tests/js1_7/regexp/
js/src/tests/js1_7/regress/
js/src/tests/js1_8/
js/src/tests/js1_8/extensions/
js/src/tests/js1_8/genexps/
js/src/tests/js1_8/regress/
js/src/tests/js1_8_1/
js/src/tests/js1_8_1/JSON/
js/src/tests/js1_8_1/String/
js/src/tests/js1_8_1/extensions/
js/src/tests/js1_8_1/jit/
js/src/tests/js1_8_1/regress/
js/src/tests/js1_8_1/strict/
js/src/tests/js1_8_5/
js/src/tests/js1_8_5/extensions/
js/src/tests/js1_8_5/reflect-parse/
js/src/tests/js1_8_5/regress/
js/src/tests/lib/
js/src/tests/shell/
js/src/tests/style/
js/src/tests/supporting/
js/src/tests/test262/
js/src/tests/test262/built-ins/
js/src/tests/test262/built-ins/Object/
js/src/tests/test262/built-ins/Object/getOwnPropertyDescriptors/
js/src/tests/test262/built-ins/global/
js/src/tests/test262/ch06/
js/src/tests/test262/ch07/
js/src/tests/test262/ch07/7.2/
js/src/tests/test262/ch07/7.3/
js/src/tests/test262/ch07/7.4/
js/src/tests/test262/ch07/7.6/
js/src/tests/test262/ch07/7.6/7.6.1/
js/src/tests/test262/ch07/7.6/7.6.1/7.6.1.1/
js/src/tests/test262/ch07/7.6/7.6.1/7.6.1.2/
js/src/tests/test262/ch07/7.7/
js/src/tests/test262/ch07/7.8/
js/src/tests/test262/ch07/7.8/7.8.1/
js/src/tests/test262/ch07/7.8/7.8.2/
js/src/tests/test262/ch07/7.8/7.8.3/
js/src/tests/test262/ch07/7.8/7.8.4/
js/src/tests/test262/ch07/7.8/7.8.5/
js/src/tests/test262/ch07/7.9/
js/src/tests/test262/ch07/7.9/7.9.2/
js/src/tests/test262/ch08/
js/src/tests/test262/ch08/8.1/
js/src/tests/test262/ch08/8.12/
js/src/tests/test262/ch08/8.12/8.12.1/
js/src/tests/test262/ch08/8.12/8.12.3/
js/src/tests/test262/ch08/8.12/8.12.4/
js/src/tests/test262/ch08/8.12/8.12.5/
js/src/tests/test262/ch08/8.12/8.12.6/
js/src/tests/test262/ch08/8.12/8.12.7/
js/src/tests/test262/ch08/8.12/8.12.8/
js/src/tests/test262/ch08/8.12/8.12.9/
js/src/tests/test262/ch08/8.2/
js/src/tests/test262/ch08/8.3/
js/src/tests/test262/ch08/8.4/
js/src/tests/test262/ch08/8.5/
js/src/tests/test262/ch08/8.6/
js/src/tests/test262/ch08/8.6/8.6.1/
js/src/tests/test262/ch08/8.6/8.6.2/
js/src/tests/test262/ch08/8.7/
js/src/tests/test262/ch08/8.7/8.7.2/
js/src/tests/test262/ch08/8.8/
js/src/tests/test262/ch09/
js/src/tests/test262/ch09/9.1/
js/src/tests/test262/ch09/9.2/
js/src/tests/test262/ch09/9.3/
js/src/tests/test262/ch09/9.3/9.3.1/
js/src/tests/test262/ch09/9.4/
js/src/tests/test262/ch09/9.5/
js/src/tests/test262/ch09/9.6/
js/src/tests/test262/ch09/9.7/
js/src/tests/test262/ch09/9.8/
js/src/tests/test262/ch09/9.8/9.8.1/
js/src/tests/test262/ch09/9.9/
js/src/tests/test262/ch10/
js/src/tests/test262/ch10/10.1/
js/src/tests/test262/ch10/10.1/10.1.1/
js/src/tests/test262/ch10/10.2/
js/src/tests/test262/ch10/10.2/10.2.1/
js/src/tests/test262/ch10/10.2/10.2.1/10.2.1.1/
js/src/tests/test262/ch10/10.2/10.2.1/10.2.1.1/10.2.1.1.3/
js/src/tests/test262/ch10/10.2/10.2.2/
js/src/tests/test262/ch10/10.2/10.2.3/
js/src/tests/test262/ch10/10.4/
js/src/tests/test262/ch10/10.4/10.4.1/
js/src/tests/test262/ch10/10.4/10.4.2/
js/src/tests/test262/ch10/10.4/10.4.3/
js/src/tests/test262/ch10/10.5/
js/src/tests/test262/ch10/10.6/
js/src/tests/test262/ch11/
js/src/tests/test262/ch11/11.1/
js/src/tests/test262/ch11/11.1/11.1.1/
js/src/tests/test262/ch11/11.1/11.1.2/
js/src/tests/test262/ch11/11.1/11.1.4/
js/src/tests/test262/ch11/11.1/11.1.5/
js/src/tests/test262/ch11/11.1/11.1.6/
js/src/tests/test262/ch11/11.10/
js/src/tests/test262/ch11/11.10/11.10.1/
js/src/tests/test262/ch11/11.10/11.10.2/
js/src/tests/test262/ch11/11.10/11.10.3/
js/src/tests/test262/ch11/11.11/
js/src/tests/test262/ch11/11.11/11.11.1/
build/mobile/sutagent/android/network-libs/commons-net-2.0-sources.jar
js/src/tests/test262/ch11/11.11/11.11.2/
js/src/tests/test262/ch11/11.12/
js/src/tests/test262/ch11/11.13/
js/src/tests/test262/ch11/11.13/11.13.1/
js/src/tests/test262/ch11/11.13/11.13.2/
js/src/tests/test262/ch11/11.14/
js/src/tests/test262/ch11/11.2/
js/src/tests/test262/ch11/11.2/11.2.1/
js/src/tests/test262/ch11/11.2/11.2.2/
js/src/tests/test262/ch11/11.2/11.2.3/
js/src/tests/test262/ch11/11.2/11.2.4/
js/src/tests/test262/ch11/11.3/
js/src/tests/test262/ch11/11.3/11.3.1/
js/src/tests/test262/ch11/11.3/11.3.2/
js/src/tests/test262/ch11/11.4/
js/src/tests/test262/ch11/11.4/11.4.1/
js/src/tests/test262/ch11/11.4/11.4.2/
js/src/tests/test262/ch11/11.4/11.4.3/
js/src/tests/test262/ch11/11.4/11.4.4/
js/src/tests/test262/ch11/11.4/11.4.5/
js/src/tests/test262/ch11/11.4/11.4.6/
js/src/tests/test262/ch11/11.4/11.4.7/
js/src/tests/test262/ch11/11.4/11.4.8/
js/src/tests/test262/ch11/11.4/11.4.9/
js/src/tests/test262/ch11/11.5/
js/src/tests/test262/ch11/11.5/11.5.1/
js/src/tests/test262/ch11/11.5/11.5.2/
js/src/tests/test262/ch11/11.5/11.5.3/
js/src/tests/test262/ch11/11.6/
js/src/tests/test262/ch11/11.6/11.6.1/
js/src/tests/test262/ch11/11.6/11.6.2/
js/src/tests/test262/ch11/11.7/
js/src/tests/test262/ch11/11.7/11.7.1/
js/src/tests/test262/ch11/11.7/11.7.2/
js/src/tests/test262/ch11/11.7/11.7.3/
js/src/tests/test262/ch11/11.8/
js/src/tests/test262/ch11/11.8/11.8.1/
js/src/tests/test262/ch11/11.8/11.8.2/
js/src/tests/test262/ch11/11.8/11.8.3/
js/src/tests/test262/ch11/11.8/11.8.4/
js/src/tests/test262/ch11/11.8/11.8.6/
js/src/tests/test262/ch11/11.8/11.8.7/
js/src/tests/test262/ch11/11.9/
js/src/tests/test262/ch11/11.9/11.9.1/
js/src/tests/test262/ch11/11.9/11.9.2/
js/src/tests/test262/ch11/11.9/11.9.4/
js/src/tests/test262/ch11/11.9/11.9.5/
js/src/tests/test262/ch12/
js/src/tests/test262/ch12/12.1/
js/src/tests/test262/ch12/12.10/
js/src/tests/test262/ch12/12.10/12.10.1/
js/src/tests/test262/ch12/12.11/
js/src/tests/test262/ch12/12.12/
js/src/tests/test262/ch12/12.13/
js/src/tests/test262/ch12/12.14/
js/src/tests/test262/ch12/12.14/12.14.1/
js/src/tests/test262/ch12/12.2/
js/src/tests/test262/ch12/12.2/12.2.1/
js/src/tests/test262/ch12/12.3/
js/src/tests/test262/ch12/12.4/
js/src/tests/test262/ch12/12.5/
js/src/tests/test262/ch12/12.6/
js/src/tests/test262/ch12/12.6/12.6.1/
js/src/tests/test262/ch12/12.6/12.6.2/
js/src/tests/test262/ch12/12.6/12.6.3/
js/src/tests/test262/ch12/12.6/12.6.4/
js/src/tests/test262/ch12/12.7/
js/src/tests/test262/ch12/12.8/
js/src/tests/test262/ch12/12.9/
js/src/tests/test262/ch13/
js/src/tests/test262/ch13/13.0/
js/src/tests/test262/ch13/13.1/
js/src/tests/test262/ch13/13.2/
js/src/tests/test262/ch14/
js/src/tests/test262/ch14/14.0/
js/src/tests/test262/ch14/14.1/
js/src/tests/test262/intl402/
js/src/tests/test262/intl402/ch06/
js/src/tests/test262/intl402/ch06/6.2/
js/src/tests/test262/intl402/ch06/6.3/
js/src/tests/test262/intl402/ch06/6.4/
js/src/tests/test262/intl402/ch08/
js/src/tests/test262/intl402/ch08/8.0/
js/src/tests/test262/intl402/ch09/
js/src/tests/test262/intl402/ch09/9.1/
js/src/tests/test262/intl402/ch09/9.2/
js/src/tests/test262/intl402/ch10/
js/src/tests/test262/intl402/ch10/10.1/
js/src/tests/test262/intl402/ch10/10.2/
js/src/tests/test262/intl402/ch10/10.3/
js/src/tests/test262/intl402/ch10/10.4/
js/src/tests/test262/intl402/ch11/
js/src/tests/test262/intl402/ch11/11.1/
js/src/tests/test262/intl402/ch11/11.2/
js/src/tests/test262/intl402/ch11/11.3/
js/src/tests/test262/intl402/ch11/11.4/
js/src/tests/test262/intl402/ch12/
js/src/tests/test262/intl402/ch12/12.1/
js/src/tests/test262/intl402/ch12/12.2/
js/src/tests/test262/intl402/ch12/12.3/
js/src/tests/test262/intl402/ch12/12.4/
js/src/tests/test262/intl402/ch13/
js/src/tests/test262/intl402/ch13/13.1/
js/src/tests/test262/intl402/ch13/13.2/
js/src/tests/test262/intl402/ch13/13.3/
js/src/v8/
js/src/vm/
js/src/vtune/
js/xpconnect/
js/xpconnect/crashtests/
js/xpconnect/idl/
js/xpconnect/loader/
js/xpconnect/public/
js/xpconnect/shell/
js/xpconnect/src/
js/xpconnect/tests/
js/xpconnect/tests/browser/
js/xpconnect/tests/chrome/
js/xpconnect/tests/components/
js/xpconnect/tests/components/js/
js/xpconnect/tests/components/native/
js/xpconnect/tests/idl/
js/xpconnect/tests/mochitest/
js/xpconnect/tests/unit/
js/xpconnect/wrappers/
memory/
memory/build/
memory/fallible/
memory/jemalloc/
memory/jemalloc/helper/
memory/jemalloc/src/
memory/jemalloc/src/bin/
memory/jemalloc/src/doc/
memory/jemalloc/src/include/
memory/jemalloc/src/include/jemalloc/
memory/jemalloc/src/include/jemalloc/internal/
memory/jemalloc/src/include/msvc_compat/
memory/jemalloc/src/include/msvc_compat/C99/
memory/jemalloc/src/src/
memory/jemalloc/src/test/
memory/jemalloc/src/test/include/
memory/jemalloc/src/test/include/test/
memory/jemalloc/src/test/integration/
memory/jemalloc/src/test/src/
memory/jemalloc/src/test/stress/
memory/jemalloc/src/test/unit/
memory/mozalloc/
memory/mozalloc/staticruntime/
memory/mozjemalloc/
memory/replace/
memory/replace/dmd/
memory/replace/dmd/test/
memory/replace/dummy/
memory/replace/jemalloc/
memory/replace/logalloc/
memory/replace/logalloc/replay/
memory/replace/replace/
memory/volatile/
memory/volatile/tests/
mfbt/
mfbt/decimal/
mfbt/double-conversion/
mfbt/staticruntime/
mfbt/tests/
mozglue/
mozglue/android/
mozglue/build/
mozglue/crt/
mozglue/linker/
mozglue/linker/tests/
mozglue/misc/
mozglue/tests/
nsprpub/
nsprpub/admin/
nsprpub/automation/
nsprpub/automation/release/
nsprpub/build/
nsprpub/build/autoconf/
nsprpub/build/autoconf/patches/
nsprpub/build/win32/
nsprpub/config/
nsprpub/lib/
nsprpub/lib/ds/
nsprpub/lib/libc/
nsprpub/lib/libc/include/
nsprpub/lib/libc/src/
nsprpub/lib/prstreams/
nsprpub/lib/prstreams/tests/
nsprpub/lib/prstreams/tests/testprstrm/
nsprpub/lib/tests/
nsprpub/pkg/
nsprpub/pkg/linux/
nsprpub/pkg/solaris/
nsprpub/pkg/solaris/SUNWpr/
nsprpub/pkg/solaris/SUNWprd/
nsprpub/pkg/solaris/common_files/
nsprpub/pr/
nsprpub/pr/include/
nsprpub/pr/include/md/
nsprpub/pr/include/obsolete/
nsprpub/pr/include/private/
nsprpub/pr/src/
nsprpub/pr/src/bthreads/
nsprpub/pr/src/cplus/
nsprpub/pr/src/cplus/tests/
nsprpub/pr/src/io/
nsprpub/pr/src/linking/
nsprpub/pr/src/malloc/
nsprpub/pr/src/md/
nsprpub/pr/src/md/beos/
nsprpub/pr/src/md/os2/
nsprpub/pr/src/md/unix/
nsprpub/pr/src/md/windows/
nsprpub/pr/src/memory/
nsprpub/pr/src/misc/
nsprpub/pr/src/pthreads/
nsprpub/pr/src/threads/
nsprpub/pr/src/threads/combined/
nsprpub/pr/tests/
nsprpub/pr/tests/dll/
nsprpub/tools/
python/
python/PyECC/
python/PyECC/ecc/
python/bitstring/
python/bitstring/doc/
python/bitstring/test/
python/blessings/
python/blessings/blessings/
python/compare-locales/
python/compare-locales/compare_locales/
python/compare-locales/compare_locales/tests/
python/compare-locales/compare_locales/tests/data/
python/compare-locales/docs/
python/configobj/
python/eme/
python/futures/
python/futures/concurrent/
python/futures/concurrent/futures/
python/futures/docs/
python/futures/futures.egg-info/
python/jsmin/
python/jsmin/jsmin/
python/lldbutils/
python/lldbutils/lldbutils/
python/mach/
python/mach/docs/
python/mach/mach/
python/mach/mach/commands/
python/mach/mach/mixin/
python/mach/mach/test/
python/mach/mach/test/providers/
python/mock-1.0.0/
python/mock-1.0.0/docs/
python/mock-1.0.0/html/
python/mock-1.0.0/html/.doctrees/
python/mock-1.0.0/html/_sources/
python/mock-1.0.0/html/_static/
python/mock-1.0.0/mock.egg-info/
python/mock-1.0.0/tests/
python/mozboot/
python/mozboot/bin/
python/mozboot/mozboot/
python/mozbuild/
python/mozbuild/dumbmake/
python/mozbuild/dumbmake/test/
python/mozbuild/mozbuild/
python/mozbuild/mozbuild/action/
python/mozbuild/mozbuild/backend/
python/mozbuild/mozbuild/backend/templates/
python/mozbuild/mozbuild/backend/templates/android_eclipse/
python/mozbuild/mozbuild/backend/templates/android_eclipse/.externalToolBuilders/
python/mozbuild/mozbuild/backend/templates/android_eclipse/gen/
python/mozbuild/mozbuild/backend/templates/android_eclipse_empty_resource_directory/
python/mozbuild/mozbuild/codecoverage/
python/mozbuild/mozbuild/compilation/
python/mozbuild/mozbuild/configure/
python/mozbuild/mozbuild/controller/
python/mozbuild/mozbuild/frontend/
python/mozbuild/mozbuild/locale/
python/mozbuild/mozbuild/locale/en-US/
python/mozbuild/mozbuild/locale/en-US/LC_MESSAGES/
python/mozbuild/mozbuild/resources/
python/mozbuild/mozbuild/resources/html-build-viewer/
python/mozbuild/mozbuild/test/
python/mozbuild/mozbuild/test/action/
python/mozbuild/mozbuild/test/action/data/
python/mozbuild/mozbuild/test/action/data/invalid/
python/mozbuild/mozbuild/test/action/data/valid-zh-CN/
python/mozbuild/mozbuild/test/backend/
python/mozbuild/mozbuild/test/backend/data/
python/mozbuild/mozbuild/test/backend/data/android_eclipse/
python/mozbuild/mozbuild/test/backend/data/android_eclipse/library1/
python/mozbuild/mozbuild/test/backend/data/android_eclipse/library1/resources/
python/mozbuild/mozbuild/test/backend/data/android_eclipse/library1/resources/values/
python/mozbuild/mozbuild/test/backend/data/android_eclipse/main1/
python/mozbuild/mozbuild/test/backend/data/android_eclipse/main2/
python/mozbuild/mozbuild/test/backend/data/android_eclipse/main2/assets/
python/mozbuild/mozbuild/test/backend/data/android_eclipse/main2/res/
python/mozbuild/mozbuild/test/backend/data/android_eclipse/main2/res/values/
python/mozbuild/mozbuild/test/backend/data/android_eclipse/main3/
python/mozbuild/mozbuild/test/backend/data/android_eclipse/main3/a/
python/mozbuild/mozbuild/test/backend/data/android_eclipse/main3/b/
python/mozbuild/mozbuild/test/backend/data/android_eclipse/main3/c/
python/mozbuild/mozbuild/test/backend/data/android_eclipse/subdir/
python/mozbuild/mozbuild/test/backend/data/android_eclipse/subdir/submain/
python/mozbuild/mozbuild/test/backend/data/binary-components/
python/mozbuild/mozbuild/test/backend/data/binary-components/bar/
python/mozbuild/mozbuild/test/backend/data/binary-components/foo/
python/mozbuild/mozbuild/test/backend/data/branding-files/
python/mozbuild/mozbuild/test/backend/data/branding-files/sub/
python/mozbuild/mozbuild/test/backend/data/build/
python/mozbuild/mozbuild/test/backend/data/build/app/
python/mozbuild/mozbuild/test/backend/data/defines/
python/mozbuild/mozbuild/test/backend/data/dist-files/
python/mozbuild/mozbuild/test/backend/data/exports/
python/mozbuild/mozbuild/test/backend/data/exports-generated/
python/mozbuild/mozbuild/test/backend/data/final_target/
python/mozbuild/mozbuild/test/backend/data/final_target/both/
python/mozbuild/mozbuild/test/backend/data/final_target/dist-subdir/
python/mozbuild/mozbuild/test/backend/data/final_target/final-target/
python/mozbuild/mozbuild/test/backend/data/final_target/xpi-name/
python/mozbuild/mozbuild/test/backend/data/generated-files/
python/mozbuild/mozbuild/test/backend/data/generated_includes/
python/mozbuild/mozbuild/test/backend/data/host-defines/
python/mozbuild/mozbuild/test/backend/data/ipdl_sources/
python/mozbuild/mozbuild/test/backend/data/ipdl_sources/bar/
python/mozbuild/mozbuild/test/backend/data/ipdl_sources/foo/
python/mozbuild/mozbuild/test/backend/data/jar-manifests/
python/mozbuild/mozbuild/test/backend/data/local_includes/
python/mozbuild/mozbuild/test/backend/data/local_includes/bar/
python/mozbuild/mozbuild/test/backend/data/local_includes/bar/baz/
python/mozbuild/mozbuild/test/backend/data/local_includes/foo/
python/mozbuild/mozbuild/test/backend/data/resources/
python/mozbuild/mozbuild/test/backend/data/sources/
python/mozbuild/mozbuild/test/backend/data/stub0/
python/mozbuild/mozbuild/test/backend/data/stub0/dir1/
python/mozbuild/mozbuild/test/backend/data/stub0/dir2/
python/mozbuild/mozbuild/test/backend/data/stub0/dir3/
python/mozbuild/mozbuild/test/backend/data/substitute_config_files/
python/mozbuild/mozbuild/test/backend/data/test-manifests-duplicate-support-files/
python/mozbuild/mozbuild/test/backend/data/test-manifests-package-tests/
python/mozbuild/mozbuild/test/backend/data/test-manifests-written/
python/mozbuild/mozbuild/test/backend/data/test-manifests-written/dir1/
python/mozbuild/mozbuild/test/backend/data/test_config/
python/mozbuild/mozbuild/test/backend/data/variable_passthru/
python/mozbuild/mozbuild/test/backend/data/visual-studio/
python/mozbuild/mozbuild/test/backend/data/visual-studio/dir1/
python/mozbuild/mozbuild/test/backend/data/xpidl/
python/mozbuild/mozbuild/test/backend/data/xpidl/config/
python/mozbuild/mozbuild/test/backend/data/xpidl/config/makefiles/
python/mozbuild/mozbuild/test/backend/data/xpidl/config/makefiles/xpidl/
python/mozbuild/mozbuild/test/compilation/
python/mozbuild/mozbuild/test/controller/
python/mozbuild/mozbuild/test/data/
python/mozbuild/mozbuild/test/data/test-dir/
python/mozbuild/mozbuild/test/data/test-dir/with/
python/mozbuild/mozbuild/test/data/test-dir/with/without/
python/mozbuild/mozbuild/test/data/test-dir/with/without/with/
python/mozbuild/mozbuild/test/data/test-dir/without/
python/mozbuild/mozbuild/test/data/test-dir/without/with/
python/mozbuild/mozbuild/test/frontend/
python/mozbuild/mozbuild/test/frontend/data/
python/mozbuild/mozbuild/test/frontend/data/android-res-dirs/
python/mozbuild/mozbuild/test/frontend/data/android-res-dirs/dir1/
python/mozbuild/mozbuild/test/frontend/data/binary-components/
python/mozbuild/mozbuild/test/frontend/data/binary-components/bar/
python/mozbuild/mozbuild/test/frontend/data/binary-components/foo/
python/mozbuild/mozbuild/test/frontend/data/branding-files/
python/mozbuild/mozbuild/test/frontend/data/config-file-substitution/
python/mozbuild/mozbuild/test/frontend/data/defines/
python/mozbuild/mozbuild/test/frontend/data/dist-files/
python/mozbuild/mozbuild/test/frontend/data/dist-files-missing/
python/mozbuild/mozbuild/test/frontend/data/exports/
python/mozbuild/mozbuild/test/frontend/data/exports-generated/
python/mozbuild/mozbuild/test/frontend/data/exports-missing/
python/mozbuild/mozbuild/test/frontend/data/exports-missing-generated/
python/mozbuild/mozbuild/test/frontend/data/files-info/
python/mozbuild/mozbuild/test/frontend/data/files-info/bug_component/
python/mozbuild/mozbuild/test/frontend/data/files-info/bug_component/bad-assignment/
python/mozbuild/mozbuild/test/frontend/data/files-info/bug_component/different-matchers/
python/mozbuild/mozbuild/test/frontend/data/files-info/bug_component/final/
python/mozbuild/mozbuild/test/frontend/data/files-info/bug_component/final/subcomponent/
python/mozbuild/mozbuild/test/frontend/data/files-info/bug_component/simple/
python/mozbuild/mozbuild/test/frontend/data/files-info/bug_component/static/
python/mozbuild/mozbuild/test/frontend/data/files-test-metadata/
python/mozbuild/mozbuild/test/frontend/data/files-test-metadata/default/
python/mozbuild/mozbuild/test/frontend/data/files-test-metadata/default/tests/
python/mozbuild/mozbuild/test/frontend/data/files-test-metadata/default/tests/xpcshell/
python/mozbuild/mozbuild/test/frontend/data/files-test-metadata/simple/
python/mozbuild/mozbuild/test/frontend/data/files-test-metadata/simple/browser/
python/mozbuild/mozbuild/test/frontend/data/files-test-metadata/simple/src/
python/mozbuild/mozbuild/test/frontend/data/files-test-metadata/simple/tests/
python/mozbuild/mozbuild/test/frontend/data/files-test-metadata/tagged/
python/mozbuild/mozbuild/test/frontend/data/files-test-metadata/tagged/src/
python/mozbuild/mozbuild/test/frontend/data/files-test-metadata/tagged/src/submodule/
python/mozbuild/mozbuild/test/frontend/data/files-test-metadata/tagged/tests/
python/mozbuild/mozbuild/test/frontend/data/final-target-pp-files-non-srcdir/
python/mozbuild/mozbuild/test/frontend/data/generated-files/
python/mozbuild/mozbuild/test/frontend/data/generated-files-absolute-script/
python/mozbuild/mozbuild/test/frontend/data/generated-files-method-names/
python/mozbuild/mozbuild/test/frontend/data/generated-files-no-inputs/
python/mozbuild/mozbuild/test/frontend/data/generated-files-no-python-script/
python/mozbuild/mozbuild/test/frontend/data/generated-files-no-script/
python/mozbuild/mozbuild/test/frontend/data/generated-sources/
python/mozbuild/mozbuild/test/frontend/data/generated_includes/
python/mozbuild/mozbuild/test/frontend/data/host-defines/
python/mozbuild/mozbuild/test/frontend/data/host-sources/
python/mozbuild/mozbuild/test/frontend/data/include-basic/
python/mozbuild/mozbuild/test/frontend/data/include-file-stack/
python/mozbuild/mozbuild/test/frontend/data/include-missing/
python/mozbuild/mozbuild/test/frontend/data/include-outside-topsrcdir/
python/mozbuild/mozbuild/test/frontend/data/include-relative-from-child/
python/mozbuild/mozbuild/test/frontend/data/include-relative-from-child/child/
python/mozbuild/mozbuild/test/frontend/data/include-relative-from-child/child/grandchild/
python/mozbuild/mozbuild/test/frontend/data/include-topsrcdir-relative/
python/mozbuild/mozbuild/test/frontend/data/inheriting-variables/
python/mozbuild/mozbuild/test/frontend/data/inheriting-variables/bar/
python/mozbuild/mozbuild/test/frontend/data/inheriting-variables/foo/
python/mozbuild/mozbuild/test/frontend/data/inheriting-variables/foo/baz/
python/mozbuild/mozbuild/test/frontend/data/ipdl_sources/
python/mozbuild/mozbuild/test/frontend/data/ipdl_sources/bar/
python/mozbuild/mozbuild/test/frontend/data/ipdl_sources/foo/
python/mozbuild/mozbuild/test/frontend/data/jar-manifests/
python/mozbuild/mozbuild/test/frontend/data/jar-manifests-multiple-files/
python/mozbuild/mozbuild/test/frontend/data/library-defines/
python/mozbuild/mozbuild/test/frontend/data/library-defines/liba/
python/mozbuild/mozbuild/test/frontend/data/library-defines/libb/
python/mozbuild/mozbuild/test/frontend/data/library-defines/libc/
python/mozbuild/mozbuild/test/frontend/data/library-defines/libd/
python/mozbuild/mozbuild/test/frontend/data/local_includes/
python/mozbuild/mozbuild/test/frontend/data/local_includes/bar/
python/mozbuild/mozbuild/test/frontend/data/local_includes/bar/baz/
python/mozbuild/mozbuild/test/frontend/data/local_includes/foo/
python/mozbuild/mozbuild/test/frontend/data/missing-local-includes/
python/mozbuild/mozbuild/test/frontend/data/program/
python/mozbuild/mozbuild/test/frontend/data/reader-error-bad-dir/
python/mozbuild/mozbuild/test/frontend/data/reader-error-basic/
python/mozbuild/mozbuild/test/frontend/data/reader-error-error-func/
python/mozbuild/mozbuild/test/frontend/data/reader-error-included-from/
python/mozbuild/mozbuild/test/frontend/data/reader-error-missing-include/
python/mozbuild/mozbuild/test/frontend/data/reader-error-outside-topsrcdir/
python/mozbuild/mozbuild/test/frontend/data/reader-error-read-unknown-global/
python/mozbuild/mozbuild/test/frontend/data/reader-error-repeated-dir/
python/mozbuild/mozbuild/test/frontend/data/reader-error-script-error/
python/mozbuild/mozbuild/test/frontend/data/reader-error-syntax/
python/mozbuild/mozbuild/test/frontend/data/reader-error-write-bad-value/
python/mozbuild/mozbuild/test/frontend/data/reader-error-write-unknown-global/
python/mozbuild/mozbuild/test/frontend/data/reader-relevant-mozbuild/
python/mozbuild/mozbuild/test/frontend/data/reader-relevant-mozbuild/d1/
python/mozbuild/mozbuild/test/frontend/data/reader-relevant-mozbuild/d1/every-level/
python/mozbuild/mozbuild/test/frontend/data/reader-relevant-mozbuild/d1/every-level/a/
python/mozbuild/mozbuild/test/frontend/data/reader-relevant-mozbuild/d1/every-level/b/
python/mozbuild/mozbuild/test/frontend/data/reader-relevant-mozbuild/d1/no-intermediate-moz-build/
python/mozbuild/mozbuild/test/frontend/data/reader-relevant-mozbuild/d1/no-intermediate-moz-build/child/
python/mozbuild/mozbuild/test/frontend/data/reader-relevant-mozbuild/d1/parent-is-far/
python/mozbuild/mozbuild/test/frontend/data/reader-relevant-mozbuild/d1/parent-is-far/dir1/
python/mozbuild/mozbuild/test/frontend/data/reader-relevant-mozbuild/d1/parent-is-far/dir1/dir2/
python/mozbuild/mozbuild/test/frontend/data/reader-relevant-mozbuild/d1/parent-is-far/dir1/dir2/dir3/
python/mozbuild/mozbuild/test/frontend/data/reader-relevant-mozbuild/d2/
python/mozbuild/mozbuild/test/frontend/data/reader-relevant-mozbuild/d2/dir1/
python/mozbuild/mozbuild/test/frontend/data/reader-relevant-mozbuild/d2/dir2/
python/mozbuild/mozbuild/test/frontend/data/sources/
python/mozbuild/mozbuild/test/frontend/data/templates/
python/mozbuild/mozbuild/test/frontend/data/test-harness-files/
python/mozbuild/mozbuild/test/frontend/data/test-harness-files-root/
python/mozbuild/mozbuild/test/frontend/data/test-manifest-absolute-support/
python/mozbuild/mozbuild/test/frontend/data/test-manifest-emitted-includes/
python/mozbuild/mozbuild/test/frontend/data/test-manifest-empty/
python/mozbuild/mozbuild/test/frontend/data/test-manifest-inactive-ignored/
python/mozbuild/mozbuild/test/frontend/data/test-manifest-install-includes/
python/mozbuild/mozbuild/test/frontend/data/test-manifest-install-subdir/
python/mozbuild/mozbuild/test/frontend/data/test-manifest-just-support/
python/mozbuild/mozbuild/test/frontend/data/test-manifest-keys-extracted/
python/mozbuild/mozbuild/test/frontend/data/test-manifest-keys-extracted/a11y-support/
python/mozbuild/mozbuild/test/frontend/data/test-manifest-keys-extracted/a11y-support/dir1/
python/mozbuild/mozbuild/test/frontend/data/test-manifest-missing-manifest/
python/mozbuild/mozbuild/test/frontend/data/test-manifest-missing-test-file/
python/mozbuild/mozbuild/test/frontend/data/test-manifest-missing-test-file-unfiltered/
python/mozbuild/mozbuild/test/frontend/data/test-manifest-parent-support-files-dir/
python/mozbuild/mozbuild/test/frontend/data/test-manifest-parent-support-files-dir/child/
python/mozbuild/mozbuild/test/frontend/data/test-manifest-unmatched-generated/
python/mozbuild/mozbuild/test/frontend/data/traversal-all-vars/
python/mozbuild/mozbuild/test/frontend/data/traversal-all-vars/parallel/
python/mozbuild/mozbuild/test/frontend/data/traversal-all-vars/regular/
python/mozbuild/mozbuild/test/frontend/data/traversal-all-vars/test/
python/mozbuild/mozbuild/test/frontend/data/traversal-outside-topsrcdir/
python/mozbuild/mozbuild/test/frontend/data/traversal-relative-dirs/
python/mozbuild/mozbuild/test/frontend/data/traversal-relative-dirs/bar/
python/mozbuild/mozbuild/test/frontend/data/traversal-relative-dirs/foo/
python/mozbuild/mozbuild/test/frontend/data/traversal-repeated-dirs/
python/mozbuild/mozbuild/test/frontend/data/traversal-repeated-dirs/bar/
python/mozbuild/mozbuild/test/frontend/data/traversal-repeated-dirs/foo/
python/mozbuild/mozbuild/test/frontend/data/traversal-simple/
python/mozbuild/mozbuild/test/frontend/data/traversal-simple/bar/
python/mozbuild/mozbuild/test/frontend/data/traversal-simple/foo/
python/mozbuild/mozbuild/test/frontend/data/traversal-simple/foo/biz/
python/mozbuild/mozbuild/test/frontend/data/unified-sources/
python/mozbuild/mozbuild/test/frontend/data/unified-sources-non-unified/
python/mozbuild/mozbuild/test/frontend/data/variable-passthru/
python/mozbuild/mozbuild/test/frontend/data/xpidl-module-no-sources/
python/mozbuild/mozpack/
python/mozbuild/mozpack/chrome/
python/mozbuild/mozpack/packager/
python/mozbuild/mozpack/test/
python/mozbuild/mozpack/test/support/
python/mozversioncontrol/
python/mozversioncontrol/mozversioncontrol/
python/psutil/
python/psutil/docs/
python/psutil/docs/_static/
python/psutil/docs/_template/
python/psutil/docs/_themes/
python/psutil/docs/_themes/pydoctheme/
python/psutil/docs/_themes/pydoctheme/static/
python/psutil/examples/
python/psutil/psutil/
python/psutil/psutil.egg-info/
python/psutil/psutil/arch/
python/psutil/psutil/arch/bsd/
python/psutil/psutil/arch/osx/
python/psutil/psutil/arch/windows/
python/psutil/test/
python/pyasn1/
python/pyasn1-modules/
python/pyasn1-modules/pyasn1_modules/
python/pyasn1-modules/pyasn1_modules.egg-info/
python/pyasn1-modules/test/
python/pyasn1-modules/tools/
python/pyasn1/doc/
python/pyasn1/pyasn1/
python/pyasn1/pyasn1.egg-info/
python/pyasn1/pyasn1/codec/
python/pyasn1/pyasn1/codec/ber/
python/pyasn1/pyasn1/codec/cer/
python/pyasn1/pyasn1/codec/der/
python/pyasn1/pyasn1/compat/
python/pyasn1/pyasn1/type/
python/pyasn1/test/
python/pyasn1/test/codec/
python/pyasn1/test/codec/ber/
python/pyasn1/test/codec/cer/
python/pyasn1/test/codec/der/
python/pyasn1/test/type/
python/pystache/
python/pystache/gh/
python/pystache/gh/images/
python/pystache/pystache/
python/pystache/pystache/commands/
python/pyyaml/
python/pyyaml/examples/
python/pyyaml/examples/pygments-lexer/
python/pyyaml/examples/yaml-highlight/
python/pyyaml/ext/
python/pyyaml/lib/
python/pyyaml/lib/yaml/
python/pyyaml/lib3/
python/pyyaml/lib3/yaml/
python/redo/
python/redo/redo/
python/redo/redo.egg-info/
python/requests/
python/requests/requests/
python/requests/requests.egg-info/
python/requests/requests/packages/
python/requests/requests/packages/chardet/
python/requests/requests/packages/urllib3/
python/requests/requests/packages/urllib3/contrib/
python/requests/requests/packages/urllib3/packages/
python/requests/requests/packages/urllib3/packages/ssl_match_hostname/
python/requests/requests/packages/urllib3/util/
python/rsa/
python/rsa/rsa/
python/rsa/rsa.egg-info/
python/rsa/tests/
python/slugid/
python/slugid/slugid/
python/virtualenv/
python/virtualenv/bin/
python/virtualenv/docs/
python/virtualenv/scripts/
python/virtualenv/virtualenv_embedded/
python/virtualenv/virtualenv_support/
python/which/
python/which/test/
toolkit/
toolkit/xre/
toolkit/xre/test/
toolkit/xre/test/win/
build/mobile/sutagent/android/network-libs/commons-net-2.0.jar
build/mobile/sutagent/android/network-libs/commons-net-ftp-2.0.jar
build/mobile/sutagent/android/network-libs/jmdns.jar
build/mobile/sutagent/android/res/drawable/ateamlogo.png
build/mobile/sutagent/android/res/drawable/ic_stat_first.png
build/mobile/sutagent/android/res/drawable/ic_stat_neterror.png
build/mobile/sutagent/android/res/drawable/ic_stat_second.png
build/mobile/sutagent/android/res/drawable/ic_stat_warning.png
build/mobile/sutagent/android/res/drawable/icon.png
build/mobile/sutagent/android/res/layout/main.xml
build/mobile/sutagent/android/res/values/strings.xml
build/mobile/sutagent/android/watcher/AndroidManifest.xml
build/mobile/sutagent/android/watcher/IWatcherService.java
build/mobile/sutagent/android/watcher/Makefile.in
build/mobile/sutagent/android/watcher/RedirOutputThread.java
build/mobile/sutagent/android/watcher/WatcherMain.java
build/mobile/sutagent/android/watcher/WatcherReceiver.java
build/mobile/sutagent/android/watcher/WatcherService.java
build/mobile/sutagent/android/watcher/default.properties
build/mobile/sutagent/android/watcher/moz.build
build/mobile/sutagent/android/watcher/res/drawable-hdpi/ateamlogo.png
build/mobile/sutagent/android/watcher/res/drawable-hdpi/icon.png
build/mobile/sutagent/android/watcher/res/drawable-ldpi/ateamlogo.png
build/mobile/sutagent/android/watcher/res/drawable-ldpi/icon.png
build/mobile/sutagent/android/watcher/res/drawable-mdpi/ateamlogo.png
build/mobile/sutagent/android/watcher/res/drawable-mdpi/icon.png
build/mobile/sutagent/android/watcher/res/layout/main.xml
build/mobile/sutagent/android/watcher/res/values/strings.xml
build/moz-automation.mk
build/moz.build
build/mozconfig.automation
build/mozconfig.cache
build/mozconfig.common
build/mozconfig.common.override
build/mozconfig.vs-common
build/mozconfig.win-common
build/msys-perl-wrapper
build/package/mac_osx/make-diskimage
build/package/mac_osx/mozilla-background.jpg
build/package/mac_osx/mozilla.dsstore
build/package/mac_osx/unpack-diskimage
build/pgo/blueprint/LICENSE
build/pgo/blueprint/elements.html
build/pgo/blueprint/fancytype-screen.css
build/pgo/blueprint/forms.html
build/pgo/blueprint/grid.html
build/pgo/blueprint/grid.png
build/pgo/blueprint/print.css
build/pgo/blueprint/sample.html
build/pgo/blueprint/screen.css
build/pgo/blueprint/test-small.jpg
build/pgo/blueprint/test.jpg
build/pgo/blueprint/valid.png
build/pgo/certs/README
build/pgo/certs/alternateroot.ca
build/pgo/certs/cert8.db
build/pgo/certs/evintermediate.ca
build/pgo/certs/jartests-object.ca
build/pgo/certs/key3.db
build/pgo/certs/mochitest.client
build/pgo/certs/pgoca.ca
build/pgo/certs/pgoca.p12
build/pgo/certs/secmod.db
build/pgo/favicon.ico
build/pgo/genpgocert.py
build/pgo/index.html
build/pgo/js-input/3d-thingy.html
build/pgo/js-input/crypto-otp.html
build/pgo/js-input/key.gif
build/pgo/js-input/sunspider/3d-cube.html
build/pgo/js-input/sunspider/3d-morph.html
build/pgo/js-input/sunspider/3d-raytrace.html
build/pgo/js-input/sunspider/access-binary-trees.html
build/pgo/js-input/sunspider/access-fannkuch.html
build/pgo/js-input/sunspider/access-nbody.html
build/pgo/js-input/sunspider/access-nsieve.html
build/pgo/js-input/sunspider/bitops-3bit-bits-in-byte.html
build/pgo/js-input/sunspider/bitops-bits-in-byte.html
build/pgo/js-input/sunspider/bitops-bitwise-and.html
build/pgo/js-input/sunspider/bitops-nsieve-bits.html
build/pgo/js-input/sunspider/controlflow-recursive.html
build/pgo/js-input/sunspider/crypto-aes.html
build/pgo/js-input/sunspider/crypto-md5.html
build/pgo/js-input/sunspider/crypto-sha1.html
build/pgo/js-input/sunspider/date-format-tofte.html
build/pgo/js-input/sunspider/date-format-xparb.html
build/pgo/js-input/sunspider/math-cordic.html
build/pgo/js-input/sunspider/math-partial-sums.html
build/pgo/js-input/sunspider/math-spectral-norm.html
build/pgo/js-input/sunspider/regexp-dna.html
build/pgo/js-input/sunspider/string-base64.html
build/pgo/js-input/sunspider/string-fasta.html
build/pgo/js-input/sunspider/string-tagcloud.html
build/pgo/js-input/sunspider/string-unpack-code.html
build/pgo/js-input/sunspider/string-validate-input.html
build/pgo/js-input/valid-xhtml10.png
build/pgo/profileserver.py
build/pgo/server-locations.txt
build/pymake/.hgignore
build/pymake/LICENSE
build/pymake/README
build/pymake/make.py
build/pymake/mkformat.py
build/pymake/mkparse.py
build/pymake/pymake/__init__.py
build/pymake/pymake/builtins.py
build/pymake/pymake/command.py
build/pymake/pymake/data.py
build/pymake/pymake/functions.py
build/pymake/pymake/globrelative.py
build/pymake/pymake/implicit.py
build/pymake/pymake/parser.py
build/pymake/pymake/parserdata.py
build/pymake/pymake/process.py
build/pymake/pymake/util.py
build/pymake/pymake/win32process.py
build/pymake/tests/automatic-variables.mk
build/pymake/tests/bad-command-continuation.mk
build/pymake/tests/call.mk
build/pymake/tests/cmd-stripdotslash.mk
build/pymake/tests/cmdgoals.mk
build/pymake/tests/commandmodifiers.mk
build/pymake/tests/comment-parsing.mk
build/pymake/tests/continuations-in-functions.mk
build/pymake/tests/datatests.py
build/pymake/tests/default-goal-set-first.mk
build/pymake/tests/default-goal.mk
build/pymake/tests/default-target.mk
build/pymake/tests/default-target2.mk
build/pymake/tests/define-directive.mk
build/pymake/tests/depfailed.mk
build/pymake/tests/depfailedj.mk
build/pymake/tests/diamond-deps.mk
build/pymake/tests/dotslash-dir.mk
build/pymake/tests/dotslash-parse.mk
build/pymake/tests/dotslash-phony.mk
build/pymake/tests/dotslash.mk
build/pymake/tests/doublecolon-exists.mk
build/pymake/tests/doublecolon-priordeps.mk
build/pymake/tests/doublecolon-remake.mk
build/pymake/tests/dynamic-var.mk
build/pymake/tests/empty-arg.mk
build/pymake/tests/empty-command-semicolon.mk
build/pymake/tests/empty-with-deps.mk
build/pymake/tests/env-var-append.mk
build/pymake/tests/env-var-append2.mk
build/pymake/tests/eof-continuation.mk
build/pymake/tests/escape-chars.mk
build/pymake/tests/escaped-continuation.mk
build/pymake/tests/eval-duringexecute.mk
build/pymake/tests/eval.mk
build/pymake/tests/exit-code.mk
build/pymake/tests/file-functions-symlinks.mk
build/pymake/tests/file-functions.mk
build/pymake/tests/foreach-local-variable.mk
build/pymake/tests/formattingtests.py
build/pymake/tests/func-refs.mk
build/pymake/tests/functions.mk
build/pymake/tests/functiontests.py
build/pymake/tests/if-syntaxerr.mk
build/pymake/tests/ifdefs-nesting.mk
build/pymake/tests/ifdefs.mk
build/pymake/tests/ignore-error.mk
build/pymake/tests/implicit-chain.mk
build/pymake/tests/implicit-dir.mk
build/pymake/tests/implicit-terminal.mk
build/pymake/tests/implicitsubdir.mk
build/pymake/tests/include-dynamic.mk
build/pymake/tests/include-file.inc
build/pymake/tests/include-missing.mk
build/pymake/tests/include-notfound.mk
build/pymake/tests/include-optional-warning.mk
build/pymake/tests/include-regen.mk
build/pymake/tests/include-regen2.mk
build/pymake/tests/include-regen3.mk
build/pymake/tests/include-test.mk
build/pymake/tests/includedeps-norebuild.mk
build/pymake/tests/includedeps-sideeffects.mk
build/pymake/tests/includedeps-stripdotslash.deps
build/pymake/tests/includedeps-stripdotslash.mk
build/pymake/tests/includedeps-variables.deps
build/pymake/tests/includedeps-variables.mk
build/pymake/tests/includedeps.deps
build/pymake/tests/includedeps.mk
build/pymake/tests/info.mk
build/pymake/tests/justprint-native.mk
build/pymake/tests/justprint.mk
build/pymake/tests/keep-going-doublecolon.mk
build/pymake/tests/keep-going-parallel.mk
build/pymake/tests/keep-going.mk
build/pymake/tests/line-continuations.mk
build/pymake/tests/link-search.mk
build/pymake/tests/makeflags.mk
build/pymake/tests/matchany.mk
build/pymake/tests/matchany2.mk
build/pymake/tests/matchany3.mk
build/pymake/tests/mkdir-fail.mk
build/pymake/tests/mkdir.mk
build/pymake/tests/multiple-rules-prerequisite-merge.mk
build/pymake/tests/native-command-delay-load.mk
build/pymake/tests/native-command-raise.mk
build/pymake/tests/native-command-return-fail1.mk
build/pymake/tests/native-command-return-fail2.mk
build/pymake/tests/native-command-return.mk
build/pymake/tests/native-command-shell-glob.mk
build/pymake/tests/native-command-sys-exit-fail1.mk
build/pymake/tests/native-command-sys-exit-fail2.mk
build/pymake/tests/native-command-sys-exit.mk
build/pymake/tests/native-environment.mk
build/pymake/tests/native-pycommandpath-sep.mk
build/pymake/tests/native-pycommandpath.mk
build/pymake/tests/native-simple.mk
build/pymake/tests/native-touch.mk
build/pymake/tests/newlines.mk
build/pymake/tests/no-remake.mk
build/pymake/tests/nosuchfile.mk
build/pymake/tests/notargets.mk
build/pymake/tests/notparallel.mk
build/pymake/tests/oneline-command-continuations.mk
build/pymake/tests/override-propagate.mk
build/pymake/tests/parallel-dep-resolution.mk
build/pymake/tests/parallel-dep-resolution2.mk
build/pymake/tests/parallel-native.mk
build/pymake/tests/parallel-simple.mk
build/pymake/tests/parallel-submake.mk
build/pymake/tests/parallel-toserial.mk
build/pymake/tests/parallel-waiting.mk
build/pymake/tests/parentheses.mk
build/pymake/tests/parsertests.py
build/pymake/tests/path-length.mk
build/pymake/tests/pathdir/pathtest
build/pymake/tests/pathdir/pathtest.exe
build/pymake/tests/pathdir/src/Makefile
build/pymake/tests/pathdir/src/pathtest.cpp
build/pymake/tests/patsubst.mk
build/pymake/tests/phony.mk
build/pymake/tests/pycmd.py
build/pymake/tests/recursive-set.mk
build/pymake/tests/recursive-set2.mk
build/pymake/tests/remake-mtime.mk
build/pymake/tests/rm-fail.mk
build/pymake/tests/rm.mk
build/pymake/tests/runtests.py
build/pymake/tests/serial-dep-resolution.mk
build/pymake/tests/serial-doublecolon-execution.mk
build/pymake/tests/serial-rule-execution.mk
build/pymake/tests/serial-rule-execution2.mk
build/pymake/tests/serial-toparallel.mk
build/pymake/tests/shellfunc.mk
build/pymake/tests/simple-makeflags.mk
build/pymake/tests/sort.mk
build/pymake/tests/specified-target.mk
build/pymake/tests/static-pattern.mk
build/pymake/tests/static-pattern2.mk
build/pymake/tests/subdir/delayload.py
build/pymake/tests/subdir/pymod.py
build/pymake/tests/subdir/testmodule.py
build/pymake/tests/submake-path.makefile2
build/pymake/tests/submake-path.mk
build/pymake/tests/submake.makefile2
build/pymake/tests/submake.mk
build/pymake/tests/subprocess-path.mk
build/pymake/tests/tab-intro.mk
build/pymake/tests/target-specific.mk
build/pymake/tests/unexport.mk
build/pymake/tests/unexport.submk
build/pymake/tests/unterminated-dollar.mk
build/pymake/tests/var-change-flavor.mk
build/pymake/tests/var-commandline.mk
build/pymake/tests/var-overrides.mk
build/pymake/tests/var-ref.mk
build/pymake/tests/var-set.mk
build/pymake/tests/var-substitutions.mk
build/pymake/tests/vpath-directive-dynamic.mk
build/pymake/tests/vpath-directive.mk
build/pymake/tests/vpath.mk
build/pymake/tests/vpath2.mk
build/pymake/tests/wildcards.mk
build/pymake/tests/windows-paths.mk
build/qemu-wrap
build/release/info.py
build/release/sanity.py
build/sanitizers/lsan_suppressions.txt
build/sanitizers/tsan_suppressions.txt
build/sccache.mk
build/stlport/Android.mk
build/stlport/LICENSE
build/stlport/MODULE_LICENSE_BSD_LIKE
build/stlport/Makefile.in
build/stlport/README
build/stlport/README.android
build/stlport/README.mozilla
build/stlport/README.original
build/stlport/android-mozilla-config.patch
build/stlport/moz.build
build/stlport/overrides/new
build/stlport/src/_stdio_file.h
build/stlport/src/acquire_release.h
build/stlport/src/aligned_buffer.h
build/stlport/src/allocators.cpp
build/stlport/src/bitset.cpp
build/stlport/src/c_locale.c
build/stlport/src/c_locale.h
build/stlport/src/c_locale_dummy/c_locale_dummy.c
build/stlport/src/c_locale_glibc/c_locale_glibc2.c
build/stlport/src/c_locale_win32/c_locale_win32.c
build/stlport/src/c_locale_win32/c_wlocale_win32.c
build/stlport/src/codecvt.cpp
build/stlport/src/collate.cpp
build/stlport/src/complex.cpp
build/stlport/src/complex_io.cpp
build/stlport/src/complex_trig.cpp
build/stlport/src/ctype.cpp
build/stlport/src/cxa.c
build/stlport/src/details/fstream_stdio.cpp
build/stlport/src/details/fstream_unistd.cpp
build/stlport/src/details/fstream_win32io.cpp
build/stlport/src/dll_main.cpp
build/stlport/src/facets_byname.cpp
build/stlport/src/fstream.cpp
build/stlport/src/ios.cpp
build/stlport/src/iostream.cpp
build/stlport/src/istream.cpp
build/stlport/src/locale.cpp
build/stlport/src/locale_catalog.cpp
build/stlport/src/locale_impl.cpp
build/stlport/src/locale_impl.h
build/stlport/src/lock_free_slist.h
build/stlport/src/message_facets.h
build/stlport/src/messages.cpp
build/stlport/src/monetary.cpp
build/stlport/src/num_get.cpp
build/stlport/src/num_get_float.cpp
build/stlport/src/num_put.cpp
build/stlport/src/num_put_float.cpp
build/stlport/src/numpunct.cpp
build/stlport/src/ostream.cpp
build/stlport/src/sparc_atomic.s
build/stlport/src/sparc_atomic64.s
build/stlport/src/sstream.cpp
build/stlport/src/stdio_streambuf.cpp
build/stlport/src/stdio_streambuf.h
build/stlport/src/stlport.rc
build/stlport/src/stlport_prefix.h
build/stlport/src/string.cpp
build/stlport/src/strstream.cpp
build/stlport/src/time_facets.cpp
build/stlport/src/warning_disable.h
build/stlport/stlport/algorithm
build/stlport/stlport/assert.h
build/stlport/stlport/bitset
build/stlport/stlport/cassert
build/stlport/stlport/cctype
build/stlport/stlport/cerrno
build/stlport/stlport/cfloat
build/stlport/stlport/ciso646
build/stlport/stlport/climits
build/stlport/stlport/clocale
build/stlport/stlport/cmath
build/stlport/stlport/complex
build/stlport/stlport/csetjmp
build/stlport/stlport/csignal
build/stlport/stlport/cstdarg
build/stlport/stlport/cstddef
build/stlport/stlport/cstdio
build/stlport/stlport/cstdlib
build/stlport/stlport/cstring
build/stlport/stlport/ctime
build/stlport/stlport/ctype.h
build/stlport/stlport/cwchar
build/stlport/stlport/cwctype
build/stlport/stlport/deque
build/stlport/stlport/errno.h
build/stlport/stlport/exception
build/stlport/stlport/exception.h
build/stlport/stlport/float.h
build/stlport/stlport/fstream
build/stlport/stlport/fstream.h
build/stlport/stlport/functional
build/stlport/stlport/hash_map
build/stlport/stlport/hash_set
build/stlport/stlport/iomanip
build/stlport/stlport/iomanip.h
build/stlport/stlport/ios
build/stlport/stlport/ios.h
build/stlport/stlport/iosfwd
build/stlport/stlport/iostream
build/stlport/stlport/iostream.h
build/stlport/stlport/iso646.h
build/stlport/stlport/istream
build/stlport/stlport/istream.h
build/stlport/stlport/iterator
build/stlport/stlport/limits
build/stlport/stlport/limits.h
build/stlport/stlport/list
build/stlport/stlport/locale
build/stlport/stlport/locale.h
build/stlport/stlport/map
build/stlport/stlport/math.h
build/stlport/stlport/mem.h
build/stlport/stlport/memory
build/stlport/stlport/new
build/stlport/stlport/new.h
build/stlport/stlport/numeric
build/stlport/stlport/ostream
build/stlport/stlport/ostream.h
build/stlport/stlport/pthread.h
build/stlport/stlport/pthread_alloc
build/stlport/stlport/queue
build/stlport/stlport/rlocks.h
build/stlport/stlport/rope
build/stlport/stlport/set
build/stlport/stlport/setjmp.h
build/stlport/stlport/signal.h
build/stlport/stlport/slist
build/stlport/stlport/sstream
build/stlport/stlport/stack
build/stlport/stlport/stdarg.h
build/stlport/stlport/stddef.h
build/stlport/stlport/stdexcept
build/stlport/stlport/stdio.h
build/stlport/stlport/stdiostream.h
build/stlport/stlport/stdlib.h
build/stlport/stlport/stl/_abbrevs.h
build/stlport/stlport/stl/_algo.c
build/stlport/stlport/stl/_algo.h
build/stlport/stlport/stl/_algobase.c
build/stlport/stlport/stl/_algobase.h
build/stlport/stlport/stl/_alloc.c
build/stlport/stlport/stl/_alloc.h
build/stlport/stlport/stl/_auto_ptr.h
build/stlport/stlport/stl/_bitset.c
build/stlport/stlport/stl/_bitset.h
build/stlport/stlport/stl/_bvector.h
build/stlport/stlport/stl/_carray.h
build/stlport/stlport/stl/_cctype.h
build/stlport/stlport/stl/_clocale.h
build/stlport/stlport/stl/_cmath.h
build/stlport/stlport/stl/_codecvt.h
build/stlport/stlport/stl/_collate.h
build/stlport/stlport/stl/_complex.c
build/stlport/stlport/stl/_complex.h
build/stlport/stlport/stl/_config_compat_post.h
build/stlport/stlport/stl/_construct.h
build/stlport/stlport/stl/_cprolog.h
build/stlport/stlport/stl/_csetjmp.h
build/stlport/stlport/stl/_csignal.h
build/stlport/stlport/stl/_cstdarg.h
build/stlport/stlport/stl/_cstddef.h
build/stlport/stlport/stl/_cstdio.h
build/stlport/stlport/stl/_cstdlib.h
build/stlport/stlport/stl/_cstring.h
build/stlport/stlport/stl/_ctime.h
build/stlport/stlport/stl/_ctraits_fns.h
build/stlport/stlport/stl/_ctype.h
build/stlport/stlport/stl/_cwchar.h
build/stlport/stlport/stl/_cwctype.h
build/stlport/stlport/stl/_deque.c
build/stlport/stlport/stl/_deque.h
build/stlport/stlport/stl/_epilog.h
build/stlport/stlport/stl/_exception.h
build/stlport/stlport/stl/_facets_fwd.h
build/stlport/stlport/stl/_fstream.c
build/stlport/stlport/stl/_fstream.h
build/stlport/stlport/stl/_function.h
build/stlport/stlport/stl/_function_adaptors.h
build/stlport/stlport/stl/_function_base.h
build/stlport/stlport/stl/_hash_fun.h
build/stlport/stlport/stl/_hash_map.h
build/stlport/stlport/stl/_hash_set.h
build/stlport/stlport/stl/_hashtable.c
build/stlport/stlport/stl/_hashtable.h
build/stlport/stlport/stl/_heap.c
build/stlport/stlport/stl/_heap.h
build/stlport/stlport/stl/_iomanip.h
build/stlport/stlport/stl/_ios.c
build/stlport/stlport/stl/_ios.h
build/stlport/stlport/stl/_ios_base.h
build/stlport/stlport/stl/_ioserr.h
build/stlport/stlport/stl/_iosfwd.h
build/stlport/stlport/stl/_iostream_string.h
build/stlport/stlport/stl/_istream.c
build/stlport/stlport/stl/_istream.h
build/stlport/stlport/stl/_istreambuf_iterator.h
build/stlport/stlport/stl/_iterator.h
build/stlport/stlport/stl/_iterator_base.h
build/stlport/stlport/stl/_iterator_old.h
build/stlport/stlport/stl/_limits.c
build/stlport/stlport/stl/_limits.h
build/stlport/stlport/stl/_list.c
build/stlport/stlport/stl/_list.h
build/stlport/stlport/stl/_locale.h
build/stlport/stlport/stl/_map.h
build/stlport/stlport/stl/_mbstate_t.h
build/stlport/stlport/stl/_messages_facets.h
build/stlport/stlport/stl/_monetary.c
build/stlport/stlport/stl/_monetary.h
build/stlport/stlport/stl/_move_construct_fwk.h
build/stlport/stlport/stl/_new.h
build/stlport/stlport/stl/_num_get.c
build/stlport/stlport/stl/_num_get.h
build/stlport/stlport/stl/_num_put.c
build/stlport/stlport/stl/_num_put.h
build/stlport/stlport/stl/_numeric.c
build/stlport/stlport/stl/_numeric.h
build/stlport/stlport/stl/_numpunct.h
build/stlport/stlport/stl/_ostream.c
build/stlport/stlport/stl/_ostream.h
build/stlport/stlport/stl/_ostreambuf_iterator.h
build/stlport/stlport/stl/_pair.h
build/stlport/stlport/stl/_prolog.h
build/stlport/stlport/stl/_pthread_alloc.h
build/stlport/stlport/stl/_ptrs_specialize.h
build/stlport/stlport/stl/_queue.h
build/stlport/stlport/stl/_range_errors.c
build/stlport/stlport/stl/_range_errors.h
build/stlport/stlport/stl/_raw_storage_iter.h
build/stlport/stlport/stl/_relops_cont.h
build/stlport/stlport/stl/_relops_hash_cont.h
build/stlport/stlport/stl/_rope.c
build/stlport/stlport/stl/_rope.h
build/stlport/stlport/stl/_set.h
build/stlport/stlport/stl/_slist.c
build/stlport/stlport/stl/_slist.h
build/stlport/stlport/stl/_slist_base.c
build/stlport/stlport/stl/_slist_base.h
build/stlport/stlport/stl/_sparc_atomic.h
build/stlport/stlport/stl/_sstream.c
build/stlport/stlport/stl/_sstream.h
build/stlport/stlport/stl/_stack.h
build/stlport/stlport/stl/_stdexcept.h
build/stlport/stlport/stl/_stdexcept_base.c
build/stlport/stlport/stl/_stdexcept_base.h
build/stlport/stlport/stl/_stlport_version.h
build/stlport/stlport/stl/_stream_iterator.h
build/stlport/stlport/stl/_streambuf.c
build/stlport/stlport/stl/_streambuf.h
build/stlport/stlport/stl/_string.c
build/stlport/stlport/stl/_string.h
build/stlport/stlport/stl/_string_base.h
build/stlport/stlport/stl/_string_fwd.h
build/stlport/stlport/stl/_string_hash.h
build/stlport/stlport/stl/_string_io.c
build/stlport/stlport/stl/_string_io.h
build/stlport/stlport/stl/_string_npos.h
build/stlport/stlport/stl/_string_operators.h
build/stlport/stlport/stl/_string_sum.h
build/stlport/stlport/stl/_string_sum_methods.h
build/stlport/stlport/stl/_string_workaround.h
build/stlport/stlport/stl/_strstream.h
build/stlport/stlport/stl/_tempbuf.c
build/stlport/stlport/stl/_tempbuf.h
build/stlport/stlport/stl/_threads.c
build/stlport/stlport/stl/_threads.h
build/stlport/stlport/stl/_time_facets.c
build/stlport/stlport/stl/_time_facets.h
build/stlport/stlport/stl/_tree.c
build/stlport/stlport/stl/_tree.h
build/stlport/stlport/stl/_typeinfo.h
build/stlport/stlport/stl/_uninitialized.h
build/stlport/stlport/stl/_unordered_map.h
build/stlport/stlport/stl/_unordered_set.h
build/stlport/stlport/stl/_valarray.c
build/stlport/stlport/stl/_valarray.h
build/stlport/stlport/stl/_vector.c
build/stlport/stlport/stl/_vector.h
build/stlport/stlport/stl/boost_type_traits.h
build/stlport/stlport/stl/c_locale.h
build/stlport/stlport/stl/char_traits.h
build/stlport/stlport/stl/concept_checks.h
build/stlport/stlport/stl/config/_aix.h
build/stlport/stlport/stl/config/_android.h
build/stlport/stlport/stl/config/_apcc.h
build/stlport/stlport/stl/config/_apple.h
build/stlport/stlport/stl/config/_as400.h
build/stlport/stlport/stl/config/_auto_link.h
build/stlport/stlport/stl/config/_bc.h
build/stlport/stlport/stl/config/_como.h
build/stlport/stlport/stl/config/_cray.h
build/stlport/stlport/stl/config/_cygwin.h
build/stlport/stlport/stl/config/_dec.h
build/stlport/stlport/stl/config/_dec_vms.h
build/stlport/stlport/stl/config/_detect_dll_or_lib.h
build/stlport/stlport/stl/config/_dm.h
build/stlport/stlport/stl/config/_epilog.h
build/stlport/stlport/stl/config/_evc.h
build/stlport/stlport/stl/config/_feedback.h
build/stlport/stlport/stl/config/_freebsd.h
build/stlport/stlport/stl/config/_fujitsu.h
build/stlport/stlport/stl/config/_gcc.h
build/stlport/stlport/stl/config/_hpacc.h
build/stlport/stlport/stl/config/_hpux.h
build/stlport/stlport/stl/config/_ibm.h
build/stlport/stlport/stl/config/_icc.h
build/stlport/stlport/stl/config/_intel.h
build/stlport/stlport/stl/config/_kai.h
build/stlport/stlport/stl/config/_linux.h
build/stlport/stlport/stl/config/_mac.h
build/stlport/stlport/stl/config/_macosx.h
build/stlport/stlport/stl/config/_mlc.h
build/stlport/stlport/stl/config/_msvc.h
build/stlport/stlport/stl/config/_mwerks.h
build/stlport/stlport/stl/config/_native_headers.h
build/stlport/stlport/stl/config/_openbsd.h
build/stlport/stlport/stl/config/_prolog.h
build/stlport/stlport/stl/config/_sgi.h
build/stlport/stlport/stl/config/_solaris.h
build/stlport/stlport/stl/config/_sunprocc.h
build/stlport/stlport/stl/config/_system.h
build/stlport/stlport/stl/config/_warnings_off.h
build/stlport/stlport/stl/config/_watcom.h
build/stlport/stlport/stl/config/_windows.h
build/stlport/stlport/stl/config/compat.h
build/stlport/stlport/stl/config/features.h
build/stlport/stlport/stl/config/host.h
build/stlport/stlport/stl/config/stl_confix.h
build/stlport/stlport/stl/config/stl_mycomp.h
build/stlport/stlport/stl/config/user_config.h
build/stlport/stlport/stl/debug/_debug.c
build/stlport/stlport/stl/debug/_debug.h
build/stlport/stlport/stl/debug/_deque.h
build/stlport/stlport/stl/debug/_hashtable.h
build/stlport/stlport/stl/debug/_iterator.h
build/stlport/stlport/stl/debug/_list.h
build/stlport/stlport/stl/debug/_slist.h
build/stlport/stlport/stl/debug/_string.h
build/stlport/stlport/stl/debug/_string_sum_methods.h
build/stlport/stlport/stl/debug/_tree.h
build/stlport/stlport/stl/debug/_vector.h
build/stlport/stlport/stl/msl_string.h
build/stlport/stlport/stl/pointers/_deque.h
build/stlport/stlport/stl/pointers/_list.h
build/stlport/stlport/stl/pointers/_set.h
build/stlport/stlport/stl/pointers/_slist.h
build/stlport/stlport/stl/pointers/_tools.h
build/stlport/stlport/stl/pointers/_vector.h
build/stlport/stlport/stl/type_manips.h
build/stlport/stlport/stl/type_traits.h
build/stlport/stlport/streambuf
build/stlport/stlport/streambuf.h
build/stlport/stlport/string
build/stlport/stlport/string.h
build/stlport/stlport/strstream
build/stlport/stlport/strstream.h
build/stlport/stlport/time.h
build/stlport/stlport/type_traits
build/stlport/stlport/typeinfo
build/stlport/stlport/typeinfo.h
build/stlport/stlport/unordered_map
build/stlport/stlport/unordered_set
build/stlport/stlport/using/cstring
build/stlport/stlport/using/export
build/stlport/stlport/using/fstream
build/stlport/stlport/using/h/fstream.h
build/stlport/stlport/using/h/iomanip.h
build/stlport/stlport/using/h/iostream.h
build/stlport/stlport/using/h/ostream.h
build/stlport/stlport/using/h/streambuf.h
build/stlport/stlport/using/h/strstream.h
build/stlport/stlport/using/iomanip
build/stlport/stlport/using/ios
build/stlport/stlport/using/iosfwd
build/stlport/stlport/using/iostream
build/stlport/stlport/using/istream
build/stlport/stlport/using/locale
build/stlport/stlport/using/ostream
build/stlport/stlport/using/sstream
build/stlport/stlport/using/streambuf
build/stlport/stlport/using/strstream
build/stlport/stlport/utility
build/stlport/stlport/valarray
build/stlport/stlport/vector
build/stlport/stlport/wchar.h
build/stlport/stlport/wctype.h
build/stlport/test/.gitignore
build/subconfigure.py
build/templates.mozbuild
build/unix/Makefile.in
build/unix/add_phony_targets.py
build/unix/aix.exp
build/unix/build-clang/README
build/unix/build-clang/build-clang.py
build/unix/build-clang/clang-static-analysis-linux64-centos6.json
build/unix/build-clang/clang-static-analysis-linux64.json
build/unix/build-clang/clang-static-analysis-macosx64.json
build/unix/build-clang/llvm-debug-frame.patch
build/unix/build-clang/query-selector-visibility.patch
build/unix/build-clang/return-empty-string-non-mangled.patch
build/unix/build-gcc/build-gcc.sh
build/unix/build-gcc/gcc-bt.patch
build/unix/build-gcc/gcc48-pr55650.patch
build/unix/build-gtk3/build-gtk3.sh
build/unix/elfhack/Makefile.in
build/unix/elfhack/README
build/unix/elfhack/dummy.c
build/unix/elfhack/elf.cpp
build/unix/elfhack/elfhack.cpp
build/unix/elfhack/elfxx.h
build/unix/elfhack/inject.c
build/unix/elfhack/inject/Makefile.in
build/unix/elfhack/inject/moz.build
build/unix/elfhack/moz.build
build/unix/elfhack/test-array.c
build/unix/elfhack/test-ctors.c
build/unix/elfhack/test.c
build/unix/gnu-ld-scripts/components-export-list
build/unix/gnu-ld-scripts/components-mapfile
build/unix/gnu-ld-scripts/components-version-script
build/unix/headers/bits/c++config.h
build/unix/moz.build
build/unix/mozconfig.asan
build/unix/mozconfig.gtk
build/unix/mozconfig.linux
build/unix/mozconfig.linux32
build/unix/mozconfig.rust
build/unix/mozconfig.tsan
build/unix/mozilla.in
build/unix/print-failed-commands.sh
build/unix/print-non-newline.sh
build/unix/rewrite_asan_dylib.py
build/unix/run-gprof.sh
build/unix/run-hiprof.sh
build/unix/run-mozilla.sh
build/unix/run-third.sh
build/unix/stdc++compat/Makefile.in
build/unix/stdc++compat/moz.build
build/unix/stdc++compat/stdc++compat.cpp
build/update-settings.ini
build/upload.py
build/util/hg.py
build/valgrind/__init__.py
build/valgrind/cross-architecture.sup
build/valgrind/i386-redhat-linux-gnu.sup
build/valgrind/mach_commands.py
build/valgrind/output_handler.py
build/valgrind/valgrind.sh
build/valgrind/x86_64-redhat-linux-gnu.sup
build/virtualenv_packages.txt
build/win32/Makefile.in
build/win32/__init__.py
build/win32/autobinscope.py
build/win32/crashinject.cpp
build/win32/crashinjectdll/crashinjectdll.cpp
build/win32/crashinjectdll/crashinjectdll.def
build/win32/crashinjectdll/moz.build
build/win32/dumpenv4python.pl
build/win32/moz.build
build/win32/mozconfig.vs2010
build/win32/mozconfig.vs2010-win64
build/win32/mozconfig.vs2013-win64
build/win32/pgomerge.py
build/win32/procmem.py
build/win64/mozconfig.vs2010
build/win64/mozconfig.vs2013
client.mk
client.py
config/Makefile.in
config/Moz/Milestone.pm
config/MozZipFile.py
config/android-common.mk
config/autoconf-js.mk.in
config/autoconf.mk.in
config/baseconfig.mk
config/check_macroassembler_style.py
config/check_source_count.py
config/check_spidermonkey_style.py
config/check_utils.py
config/check_vanilla_allocations.py
config/config.mk
config/createprecomplete.py
config/doxygen.cfg.in
config/emptyvars-js.mk.in
config/emptyvars.mk.in
config/expandlibs.py
config/expandlibs_config.py
config/expandlibs_exec.py
config/expandlibs_gen.py
config/external/ffi/Makefile.in
config/external/ffi/moz.build
config/external/freetype2/Makefile.in
config/external/freetype2/moz.build
config/external/icu/Makefile.in
config/external/icu/moz.build
config/external/lgpllibs/lgpllibs.def
config/external/lgpllibs/moz.build
config/external/moz.build
config/external/nspr/Makefile.in
config/external/nspr/moz.build
config/external/nss/Makefile.in
config/external/nss/crmf/moz.build
config/external/nss/moz.build
config/external/nss/nspr-dummy.def
config/external/nss/nss.def
config/external/nss/nss.mk
config/external/nss/nss.symbols
config/external/sqlite/Makefile.in
config/external/sqlite/moz.build
config/external/zlib/moz.build
config/faster/rules.mk
config/find_OOM_errors.py
config/gcc-stl-wrapper.template.h
config/gcc_hidden.h
config/install.bat
config/link.py
config/make-stl-wrappers.py
config/makefiles/autotargets.mk
config/makefiles/debugmake.mk
config/makefiles/functions.mk
config/makefiles/java-build.mk
config/makefiles/makeutils.mk
config/makefiles/nonrecursive.mk
config/makefiles/rcs.mk
config/makefiles/target_binaries.mk
config/makefiles/test/Makefile.in
config/makefiles/test/check-arglist.mk
config/makefiles/test/check-autotargets.mk
config/makefiles/test/check_XinY.mk
config/makefiles/test/moz.build
config/makefiles/xpidl/Makefile.in
config/milestone.txt
config/moz.build
config/mozunit.py
config/msvc-stl-wrapper.template.h
config/nsinstall.c
config/nsinstall.py
config/pathsub.c
config/pathsub.h
config/printconfigsetting.py
config/printprereleasesuffix.py
config/pythonpath.py
config/rebuild_check.py
config/recurse.mk
config/rules.mk
config/solaris_ia32.map
config/static-checking-config.mk
config/stl-headers
config/string-format.js
config/system-headers
config/tests/chrome.manifest.flat
config/tests/makefiles/autodeps/Makefile.in
config/tests/makefiles/autodeps/check_mkdir.tpy
config/tests/makefiles/autodeps/moz.build
config/tests/makefiles/autodeps/testor.tmpl
config/tests/ref-simple/one/file.xml
config/tests/ref-simple/one/preproc
config/tests/ref-simple/one/some.css
config/tests/ref-simple/three/l10nfile.txt
config/tests/ref-simple/two/otherfile.xml
config/tests/src-simple/Makefile.in
config/tests/src-simple/jar.mn
config/tests/src-simple/l10n/l10nfile.txt
config/tests/src-simple/moz.build
config/tests/src-simple/thesrcdir/file.xml
config/tests/src-simple/thesrcdir/preproc.in
config/tests/src-simple/thesrcdir/some.css
config/tests/src-simple/thetopsrcdir/otherfile.xml
config/tests/test.manifest.flat
config/tests/test.manifest.jar
config/tests/test.manifest.symlink
config/tests/test_mozbuild_reading.py
config/tests/unit-expandlibs.py
config/tests/unit-mozunit.py
config/tests/unit-nsinstall.py
config/tests/unit-printprereleasesuffix.py
config/tests/unitMozZipFile.py
config/version.mk
config/version_win.pl
configure.in
gradle.properties
gradlew
intel-Yonah.mozcfg
js/public/CallArgs.h
js/public/CallNonGenericMethod.h
js/public/CharacterEncoding.h
js/public/Class.h
js/public/Conversions.h
js/public/Date.h
js/public/Debug.h
js/public/GCAPI.h
js/public/GCHashTable.h
js/public/HashTable.h
js/public/HeapAPI.h
js/public/Id.h
js/public/Initialization.h
js/public/LegacyIntTypes.h
js/public/MemoryMetrics.h
js/public/Principals.h
js/public/ProfilingFrameIterator.h
js/public/ProfilingStack.h
js/public/Proxy.h
js/public/RequiredDefines.h
js/public/RootingAPI.h
js/public/SliceBudget.h
js/public/StructuredClone.h
js/public/TraceKind.h
js/public/TraceableVector.h
js/public/TracingAPI.h
js/public/TrackedOptimizationInfo.h
js/public/TypeDecls.h
js/public/UbiNode.h
js/public/UbiNodeBreadthFirst.h
js/public/UbiNodeCensus.h
js/public/UbiNodeDominatorTree.h
js/public/UbiNodePostOrder.h
js/public/Utility.h
js/public/Value.h
js/public/Vector.h
js/public/WeakMapPtr.h
js/src/Makefile.in
js/src/NamespaceImports.h
js/src/README.html
js/src/Y.js
js/src/aclocal.m4
js/src/asmjs/AsmJSFrameIterator.cpp
js/src/asmjs/AsmJSFrameIterator.h
js/src/asmjs/AsmJSLink.cpp
js/src/asmjs/AsmJSLink.h
js/src/asmjs/AsmJSModule.cpp
js/src/asmjs/AsmJSModule.h
js/src/asmjs/AsmJSSignalHandlers.cpp
js/src/asmjs/AsmJSSignalHandlers.h
js/src/asmjs/AsmJSValidate.cpp
js/src/asmjs/AsmJSValidate.h
js/src/asmjs/Wasm.h
js/src/asmjs/WasmCompileArgs.h
js/src/asmjs/WasmGenerator.cpp
js/src/asmjs/WasmGenerator.h
js/src/asmjs/WasmIR.h
js/src/asmjs/WasmIonCompile.cpp
js/src/asmjs/WasmIonCompile.h
js/src/asmjs/WasmStubs.cpp
js/src/asmjs/WasmStubs.h
js/src/builtin/Array.js
js/src/builtin/AsyncFunctions.js
js/src/builtin/AtomicsObject.cpp
js/src/builtin/AtomicsObject.h
js/src/builtin/Date.js
js/src/builtin/Error.js
js/src/builtin/Eval.cpp
js/src/builtin/Eval.h
js/src/builtin/Generator.js
js/src/builtin/Intl.cpp
js/src/builtin/Intl.h
js/src/builtin/Intl.js
js/src/builtin/IntlData.js
js/src/builtin/Iterator.js
js/src/builtin/Map.js
js/src/builtin/MapObject.cpp
js/src/builtin/MapObject.h
js/src/builtin/Module.js
js/src/builtin/ModuleObject.cpp
js/src/builtin/ModuleObject.h
js/src/builtin/Number.js
js/src/builtin/Object.cpp
js/src/builtin/Object.h
js/src/builtin/Object.js
js/src/builtin/Profilers.cpp
js/src/builtin/Profilers.h
js/src/builtin/Promise.cpp
js/src/builtin/Promise.h
js/src/builtin/Promise.js
js/src/builtin/Reflect.cpp
js/src/builtin/Reflect.h
js/src/builtin/Reflect.js
js/src/builtin/ReflectParse.cpp
js/src/builtin/RegExp.cpp
js/src/builtin/RegExp.h
js/src/builtin/RegExp.js
js/src/builtin/SIMD.cpp
js/src/builtin/SIMD.h
js/src/builtin/SelfHostingDefines.h
js/src/builtin/Set.js
js/src/builtin/String.js
js/src/builtin/SymbolObject.cpp
js/src/builtin/SymbolObject.h
js/src/builtin/TestingFunctions.cpp
js/src/builtin/TestingFunctions.h
js/src/builtin/TypedArray.js
js/src/builtin/TypedObject.cpp
js/src/builtin/TypedObject.h
js/src/builtin/TypedObject.js
js/src/builtin/TypedObjectConstants.h
js/src/builtin/Utilities.js
js/src/builtin/WeakMapObject.cpp
js/src/builtin/WeakMapObject.h
js/src/builtin/WeakSet.js
js/src/builtin/WeakSetObject.cpp
js/src/builtin/WeakSetObject.h
js/src/builtin/embedjs.py
js/src/builtin/make_intl_data.py
js/src/configure.in
js/src/ctypes/CTypes.cpp
js/src/ctypes/CTypes.h
js/src/ctypes/Library.cpp
js/src/ctypes/Library.h
js/src/ctypes/ctypes.msg
js/src/ctypes/libffi-patches/00-base.patch
js/src/ctypes/libffi-patches/01-1014976-rtl.patch
js/src/ctypes/libffi-patches/02-clang-cl.patch
js/src/ctypes/libffi/ChangeLog.libffi
js/src/ctypes/libffi/ChangeLog.libffi-3.1
js/src/ctypes/libffi/ChangeLog.libgcj
js/src/ctypes/libffi/ChangeLog.v1
js/src/ctypes/libffi/LICENSE
js/src/ctypes/libffi/Makefile.am
js/src/ctypes/libffi/Makefile.in
js/src/ctypes/libffi/README
js/src/ctypes/libffi/acinclude.m4
js/src/ctypes/libffi/aclocal.m4
js/src/ctypes/libffi/compile
js/src/ctypes/libffi/config.guess
js/src/ctypes/libffi/config.sub
js/src/ctypes/libffi/configure
js/src/ctypes/libffi/configure.ac
js/src/ctypes/libffi/depcomp
js/src/ctypes/libffi/doc/libffi.info
js/src/ctypes/libffi/doc/libffi.texi
js/src/ctypes/libffi/doc/stamp-vti
js/src/ctypes/libffi/doc/version.texi
js/src/ctypes/libffi/fficonfig.h.in
js/src/ctypes/libffi/generate-darwin-source-and-headers.py
js/src/ctypes/libffi/include/Makefile.am
js/src/ctypes/libffi/include/Makefile.in
js/src/ctypes/libffi/include/ffi.h.in
js/src/ctypes/libffi/include/ffi_common.h
js/src/ctypes/libffi/install-sh
js/src/ctypes/libffi/libffi.pc.in
js/src/ctypes/libffi/libffi.xcodeproj/project.pbxproj
js/src/ctypes/libffi/libtool-ldflags
js/src/ctypes/libffi/libtool-version
js/src/ctypes/libffi/ltmain.sh
js/src/ctypes/libffi/m4/asmcfi.m4
js/src/ctypes/libffi/m4/ax_append_flag.m4
js/src/ctypes/libffi/m4/ax_cc_maxopt.m4
js/src/ctypes/libffi/m4/ax_cflags_warn_all.m4
js/src/ctypes/libffi/m4/ax_check_compile_flag.m4
js/src/ctypes/libffi/m4/ax_compiler_vendor.m4
js/src/ctypes/libffi/m4/ax_configure_args.m4
js/src/ctypes/libffi/m4/ax_enable_builddir.m4
js/src/ctypes/libffi/m4/ax_gcc_archflag.m4
js/src/ctypes/libffi/m4/ax_gcc_x86_cpuid.m4
js/src/ctypes/libffi/m4/libtool.m4
js/src/ctypes/libffi/m4/ltoptions.m4
js/src/ctypes/libffi/m4/ltsugar.m4
js/src/ctypes/libffi/m4/ltversion.m4
js/src/ctypes/libffi/m4/lt~obsolete.m4
js/src/ctypes/libffi/man/Makefile.am
js/src/ctypes/libffi/man/Makefile.in
js/src/ctypes/libffi/man/ffi.3
js/src/ctypes/libffi/man/ffi_call.3
js/src/ctypes/libffi/man/ffi_prep_cif.3
js/src/ctypes/libffi/man/ffi_prep_cif_var.3
js/src/ctypes/libffi/mdate-sh
js/src/ctypes/libffi/missing
js/src/ctypes/libffi/msvcc.sh
js/src/ctypes/libffi/src/aarch64/ffi.c
js/src/ctypes/libffi/src/aarch64/ffitarget.h
js/src/ctypes/libffi/src/aarch64/sysv.S
js/src/ctypes/libffi/src/alpha/ffi.c
js/src/ctypes/libffi/src/alpha/ffitarget.h
js/src/ctypes/libffi/src/alpha/osf.S
js/src/ctypes/libffi/src/arc/arcompact.S
js/src/ctypes/libffi/src/arc/ffi.c
js/src/ctypes/libffi/src/arc/ffitarget.h
js/src/ctypes/libffi/src/arm/ffi.c
js/src/ctypes/libffi/src/arm/ffitarget.h
js/src/ctypes/libffi/src/arm/gentramp.sh
js/src/ctypes/libffi/src/arm/sysv.S
js/src/ctypes/libffi/src/arm/trampoline.S
js/src/ctypes/libffi/src/avr32/ffi.c
js/src/ctypes/libffi/src/avr32/ffitarget.h
js/src/ctypes/libffi/src/avr32/sysv.S
js/src/ctypes/libffi/src/bfin/ffi.c
js/src/ctypes/libffi/src/bfin/ffitarget.h
js/src/ctypes/libffi/src/bfin/sysv.S
js/src/ctypes/libffi/src/closures.c
js/src/ctypes/libffi/src/cris/ffi.c
js/src/ctypes/libffi/src/cris/ffitarget.h
js/src/ctypes/libffi/src/cris/sysv.S
js/src/ctypes/libffi/src/debug.c
js/src/ctypes/libffi/src/dlmalloc.c
js/src/ctypes/libffi/src/frv/eabi.S
js/src/ctypes/libffi/src/frv/ffi.c
js/src/ctypes/libffi/src/frv/ffitarget.h
js/src/ctypes/libffi/src/ia64/ffi.c
js/src/ctypes/libffi/src/ia64/ffitarget.h
js/src/ctypes/libffi/src/ia64/ia64_flags.h
js/src/ctypes/libffi/src/ia64/unix.S
js/src/ctypes/libffi/src/java_raw_api.c
js/src/ctypes/libffi/src/m32r/ffi.c
js/src/ctypes/libffi/src/m32r/ffitarget.h
js/src/ctypes/libffi/src/m32r/sysv.S
js/src/ctypes/libffi/src/m68k/ffi.c
js/src/ctypes/libffi/src/m68k/ffitarget.h
js/src/ctypes/libffi/src/m68k/sysv.S
js/src/ctypes/libffi/src/m88k/ffi.c
js/src/ctypes/libffi/src/m88k/ffitarget.h
js/src/ctypes/libffi/src/m88k/obsd.S
js/src/ctypes/libffi/src/metag/ffi.c
js/src/ctypes/libffi/src/metag/ffitarget.h
js/src/ctypes/libffi/src/metag/sysv.S
js/src/ctypes/libffi/src/microblaze/ffi.c
js/src/ctypes/libffi/src/microblaze/ffitarget.h
js/src/ctypes/libffi/src/microblaze/sysv.S
js/src/ctypes/libffi/src/mips/ffi.c
js/src/ctypes/libffi/src/mips/ffitarget.h
js/src/ctypes/libffi/src/mips/n32.S
js/src/ctypes/libffi/src/mips/o32.S
js/src/ctypes/libffi/src/moxie/eabi.S
js/src/ctypes/libffi/src/moxie/ffi.c
js/src/ctypes/libffi/src/moxie/ffitarget.h
js/src/ctypes/libffi/src/nios2/ffi.c
js/src/ctypes/libffi/src/nios2/ffitarget.h
js/src/ctypes/libffi/src/nios2/sysv.S
js/src/ctypes/libffi/src/pa/ffi.c
js/src/ctypes/libffi/src/pa/ffitarget.h
js/src/ctypes/libffi/src/pa/hpux32.S
js/src/ctypes/libffi/src/pa/linux.S
js/src/ctypes/libffi/src/powerpc/aix.S
js/src/ctypes/libffi/src/powerpc/aix_closure.S
js/src/ctypes/libffi/src/powerpc/asm.h
js/src/ctypes/libffi/src/powerpc/darwin.S
js/src/ctypes/libffi/src/powerpc/darwin_closure.S
js/src/ctypes/libffi/src/powerpc/ffi.c
js/src/ctypes/libffi/src/powerpc/ffi_darwin.c
js/src/ctypes/libffi/src/powerpc/ffi_linux64.c
js/src/ctypes/libffi/src/powerpc/ffi_powerpc.h
js/src/ctypes/libffi/src/powerpc/ffi_sysv.c
js/src/ctypes/libffi/src/powerpc/ffitarget.h
js/src/ctypes/libffi/src/powerpc/linux64.S
js/src/ctypes/libffi/src/powerpc/linux64_closure.S
js/src/ctypes/libffi/src/powerpc/ppc_closure.S
js/src/ctypes/libffi/src/powerpc/sysv.S
js/src/ctypes/libffi/src/prep_cif.c
js/src/ctypes/libffi/src/raw_api.c
js/src/ctypes/libffi/src/s390/ffi.c
js/src/ctypes/libffi/src/s390/ffitarget.h
js/src/ctypes/libffi/src/s390/sysv.S
js/src/ctypes/libffi/src/sh/ffi.c
js/src/ctypes/libffi/src/sh/ffitarget.h
js/src/ctypes/libffi/src/sh/sysv.S
js/src/ctypes/libffi/src/sh64/ffi.c
js/src/ctypes/libffi/src/sh64/ffitarget.h
js/src/ctypes/libffi/src/sh64/sysv.S
js/src/ctypes/libffi/src/sparc/ffi.c
js/src/ctypes/libffi/src/sparc/ffitarget.h
js/src/ctypes/libffi/src/sparc/v8.S
js/src/ctypes/libffi/src/sparc/v9.S
js/src/ctypes/libffi/src/tile/ffi.c
js/src/ctypes/libffi/src/tile/ffitarget.h
js/src/ctypes/libffi/src/tile/tile.S
js/src/ctypes/libffi/src/types.c
js/src/ctypes/libffi/src/vax/elfbsd.S
js/src/ctypes/libffi/src/vax/ffi.c
js/src/ctypes/libffi/src/vax/ffitarget.h
js/src/ctypes/libffi/src/x86/darwin.S
js/src/ctypes/libffi/src/x86/darwin64.S
js/src/ctypes/libffi/src/x86/ffi.c
js/src/ctypes/libffi/src/x86/ffi64.c
js/src/ctypes/libffi/src/x86/ffitarget.h
js/src/ctypes/libffi/src/x86/freebsd.S
js/src/ctypes/libffi/src/x86/sysv.S
js/src/ctypes/libffi/src/x86/unix64.S
js/src/ctypes/libffi/src/x86/win32.S
js/src/ctypes/libffi/src/x86/win64.S
js/src/ctypes/libffi/src/xtensa/ffi.c
js/src/ctypes/libffi/src/xtensa/ffitarget.h
js/src/ctypes/libffi/src/xtensa/sysv.S
js/src/ctypes/libffi/testsuite/Makefile.am
js/src/ctypes/libffi/testsuite/Makefile.in
js/src/ctypes/libffi/testsuite/config/default.exp
js/src/ctypes/libffi/testsuite/lib/libffi.exp
js/src/ctypes/libffi/testsuite/lib/target-libpath.exp
js/src/ctypes/libffi/testsuite/lib/wrapper.exp
js/src/ctypes/libffi/testsuite/libffi.call/call.exp
js/src/ctypes/libffi/testsuite/libffi.call/closure_fn0.c
js/src/ctypes/libffi/testsuite/libffi.call/closure_fn1.c
js/src/ctypes/libffi/testsuite/libffi.call/closure_fn2.c
js/src/ctypes/libffi/testsuite/libffi.call/closure_fn3.c
js/src/ctypes/libffi/testsuite/libffi.call/closure_fn4.c
js/src/ctypes/libffi/testsuite/libffi.call/closure_fn5.c
js/src/ctypes/libffi/testsuite/libffi.call/closure_fn6.c
js/src/ctypes/libffi/testsuite/libffi.call/closure_loc_fn0.c
js/src/ctypes/libffi/testsuite/libffi.call/closure_simple.c
js/src/ctypes/libffi/testsuite/libffi.call/cls_12byte.c
js/src/ctypes/libffi/testsuite/libffi.call/cls_16byte.c
js/src/ctypes/libffi/testsuite/libffi.call/cls_18byte.c
js/src/ctypes/libffi/testsuite/libffi.call/cls_19byte.c
js/src/ctypes/libffi/testsuite/libffi.call/cls_1_1byte.c
js/src/ctypes/libffi/testsuite/libffi.call/cls_20byte.c
js/src/ctypes/libffi/testsuite/libffi.call/cls_20byte1.c
js/src/ctypes/libffi/testsuite/libffi.call/cls_24byte.c
js/src/ctypes/libffi/testsuite/libffi.call/cls_2byte.c
js/src/ctypes/libffi/testsuite/libffi.call/cls_3_1byte.c
js/src/ctypes/libffi/testsuite/libffi.call/cls_3byte1.c
js/src/ctypes/libffi/testsuite/libffi.call/cls_3byte2.c
js/src/ctypes/libffi/testsuite/libffi.call/cls_4_1byte.c
js/src/ctypes/libffi/testsuite/libffi.call/cls_4byte.c
js/src/ctypes/libffi/testsuite/libffi.call/cls_5_1_byte.c
js/src/ctypes/libffi/testsuite/libffi.call/cls_5byte.c
js/src/ctypes/libffi/testsuite/libffi.call/cls_64byte.c
js/src/ctypes/libffi/testsuite/libffi.call/cls_6_1_byte.c
js/src/ctypes/libffi/testsuite/libffi.call/cls_6byte.c
js/src/ctypes/libffi/testsuite/libffi.call/cls_7_1_byte.c
js/src/ctypes/libffi/testsuite/libffi.call/cls_7byte.c
js/src/ctypes/libffi/testsuite/libffi.call/cls_8byte.c
js/src/ctypes/libffi/testsuite/libffi.call/cls_9byte1.c
js/src/ctypes/libffi/testsuite/libffi.call/cls_9byte2.c
js/src/ctypes/libffi/testsuite/libffi.call/cls_align_double.c
js/src/ctypes/libffi/testsuite/libffi.call/cls_align_float.c
js/src/ctypes/libffi/testsuite/libffi.call/cls_align_longdouble.c
js/src/ctypes/libffi/testsuite/libffi.call/cls_align_longdouble_split.c
js/src/ctypes/libffi/testsuite/libffi.call/cls_align_longdouble_split2.c
js/src/ctypes/libffi/testsuite/libffi.call/cls_align_pointer.c
js/src/ctypes/libffi/testsuite/libffi.call/cls_align_sint16.c
js/src/ctypes/libffi/testsuite/libffi.call/cls_align_sint32.c
js/src/ctypes/libffi/testsuite/libffi.call/cls_align_sint64.c
js/src/ctypes/libffi/testsuite/libffi.call/cls_align_uint16.c
js/src/ctypes/libffi/testsuite/libffi.call/cls_align_uint32.c
js/src/ctypes/libffi/testsuite/libffi.call/cls_align_uint64.c
js/src/ctypes/libffi/testsuite/libffi.call/cls_dbls_struct.c
js/src/ctypes/libffi/testsuite/libffi.call/cls_double.c
js/src/ctypes/libffi/testsuite/libffi.call/cls_double_va.c
js/src/ctypes/libffi/testsuite/libffi.call/cls_float.c
js/src/ctypes/libffi/testsuite/libffi.call/cls_longdouble.c
js/src/ctypes/libffi/testsuite/libffi.call/cls_longdouble_va.c
js/src/ctypes/libffi/testsuite/libffi.call/cls_many_mixed_args.c
js/src/ctypes/libffi/testsuite/libffi.call/cls_many_mixed_float_double.c
js/src/ctypes/libffi/testsuite/libffi.call/cls_multi_schar.c
js/src/ctypes/libffi/testsuite/libffi.call/cls_multi_sshort.c
js/src/ctypes/libffi/testsuite/libffi.call/cls_multi_sshortchar.c
js/src/ctypes/libffi/testsuite/libffi.call/cls_multi_uchar.c
js/src/ctypes/libffi/testsuite/libffi.call/cls_multi_ushort.c
js/src/ctypes/libffi/testsuite/libffi.call/cls_multi_ushortchar.c
js/src/ctypes/libffi/testsuite/libffi.call/cls_pointer.c
js/src/ctypes/libffi/testsuite/libffi.call/cls_pointer_stack.c
js/src/ctypes/libffi/testsuite/libffi.call/cls_schar.c
js/src/ctypes/libffi/testsuite/libffi.call/cls_sint.c
js/src/ctypes/libffi/testsuite/libffi.call/cls_sshort.c
js/src/ctypes/libffi/testsuite/libffi.call/cls_struct_va1.c
js/src/ctypes/libffi/testsuite/libffi.call/cls_uchar.c
js/src/ctypes/libffi/testsuite/libffi.call/cls_uchar_va.c
js/src/ctypes/libffi/testsuite/libffi.call/cls_uint.c
js/src/ctypes/libffi/testsuite/libffi.call/cls_uint_va.c
js/src/ctypes/libffi/testsuite/libffi.call/cls_ulong_va.c
js/src/ctypes/libffi/testsuite/libffi.call/cls_ulonglong.c
js/src/ctypes/libffi/testsuite/libffi.call/cls_ushort.c
js/src/ctypes/libffi/testsuite/libffi.call/cls_ushort_va.c
js/src/ctypes/libffi/testsuite/libffi.call/err_bad_abi.c
js/src/ctypes/libffi/testsuite/libffi.call/err_bad_typedef.c
js/src/ctypes/libffi/testsuite/libffi.call/ffitest.h
js/src/ctypes/libffi/testsuite/libffi.call/float.c
js/src/ctypes/libffi/testsuite/libffi.call/float1.c
js/src/ctypes/libffi/testsuite/libffi.call/float2.c
js/src/ctypes/libffi/testsuite/libffi.call/float3.c
js/src/ctypes/libffi/testsuite/libffi.call/float4.c
js/src/ctypes/libffi/testsuite/libffi.call/float_va.c
js/src/ctypes/libffi/testsuite/libffi.call/huge_struct.c
js/src/ctypes/libffi/testsuite/libffi.call/many.c
js/src/ctypes/libffi/testsuite/libffi.call/many2.c
js/src/ctypes/libffi/testsuite/libffi.call/many_double.c
js/src/ctypes/libffi/testsuite/libffi.call/many_mixed.c
js/src/ctypes/libffi/testsuite/libffi.call/negint.c
js/src/ctypes/libffi/testsuite/libffi.call/nested_struct.c
js/src/ctypes/libffi/testsuite/libffi.call/nested_struct1.c
js/src/ctypes/libffi/testsuite/libffi.call/nested_struct10.c
js/src/ctypes/libffi/testsuite/libffi.call/nested_struct11.c
js/src/ctypes/libffi/testsuite/libffi.call/nested_struct2.c
js/src/ctypes/libffi/testsuite/libffi.call/nested_struct3.c
js/src/ctypes/libffi/testsuite/libffi.call/nested_struct4.c
js/src/ctypes/libffi/testsuite/libffi.call/nested_struct5.c
js/src/ctypes/libffi/testsuite/libffi.call/nested_struct6.c
js/src/ctypes/libffi/testsuite/libffi.call/nested_struct7.c
js/src/ctypes/libffi/testsuite/libffi.call/nested_struct8.c
js/src/ctypes/libffi/testsuite/libffi.call/nested_struct9.c
js/src/ctypes/libffi/testsuite/libffi.call/problem1.c
js/src/ctypes/libffi/testsuite/libffi.call/promotion.c
js/src/ctypes/libffi/testsuite/libffi.call/pyobjc-tc.c
js/src/ctypes/libffi/testsuite/libffi.call/return_dbl.c
js/src/ctypes/libffi/testsuite/libffi.call/return_dbl1.c
js/src/ctypes/libffi/testsuite/libffi.call/return_dbl2.c
js/src/ctypes/libffi/testsuite/libffi.call/return_fl.c
js/src/ctypes/libffi/testsuite/libffi.call/return_fl1.c
js/src/ctypes/libffi/testsuite/libffi.call/return_fl2.c
js/src/ctypes/libffi/testsuite/libffi.call/return_fl3.c
js/src/ctypes/libffi/testsuite/libffi.call/return_ldl.c
js/src/ctypes/libffi/testsuite/libffi.call/return_ll.c
js/src/ctypes/libffi/testsuite/libffi.call/return_ll1.c
js/src/ctypes/libffi/testsuite/libffi.call/return_sc.c
js/src/ctypes/libffi/testsuite/libffi.call/return_sl.c
js/src/ctypes/libffi/testsuite/libffi.call/return_uc.c
js/src/ctypes/libffi/testsuite/libffi.call/return_ul.c
js/src/ctypes/libffi/testsuite/libffi.call/stret_large.c
js/src/ctypes/libffi/testsuite/libffi.call/stret_large2.c
js/src/ctypes/libffi/testsuite/libffi.call/stret_medium.c
js/src/ctypes/libffi/testsuite/libffi.call/stret_medium2.c
js/src/ctypes/libffi/testsuite/libffi.call/strlen.c
js/src/ctypes/libffi/testsuite/libffi.call/strlen2.c
js/src/ctypes/libffi/testsuite/libffi.call/strlen3.c
js/src/ctypes/libffi/testsuite/libffi.call/strlen4.c
js/src/ctypes/libffi/testsuite/libffi.call/struct1.c
js/src/ctypes/libffi/testsuite/libffi.call/struct2.c
js/src/ctypes/libffi/testsuite/libffi.call/struct3.c
js/src/ctypes/libffi/testsuite/libffi.call/struct4.c
js/src/ctypes/libffi/testsuite/libffi.call/struct5.c
js/src/ctypes/libffi/testsuite/libffi.call/struct6.c
js/src/ctypes/libffi/testsuite/libffi.call/struct7.c
js/src/ctypes/libffi/testsuite/libffi.call/struct8.c
js/src/ctypes/libffi/testsuite/libffi.call/struct9.c
js/src/ctypes/libffi/testsuite/libffi.call/testclosure.c
js/src/ctypes/libffi/testsuite/libffi.call/uninitialized.c
js/src/ctypes/libffi/testsuite/libffi.call/unwindtest.cc
js/src/ctypes/libffi/testsuite/libffi.call/unwindtest_ffi_call.cc
js/src/ctypes/libffi/testsuite/libffi.call/va_1.c
js/src/ctypes/libffi/testsuite/libffi.call/va_struct1.c
js/src/ctypes/libffi/testsuite/libffi.call/va_struct2.c
js/src/ctypes/libffi/testsuite/libffi.call/va_struct3.c
js/src/ctypes/libffi/texinfo.tex
js/src/ctypes/typedefs.h
js/src/devtools/ETWProvider.man
js/src/devtools/Instruments.cpp
js/src/devtools/Instruments.h
js/src/devtools/automation/autospider.sh
js/src/devtools/automation/cgc-jittest-timeouts.txt
js/src/devtools/automation/cgc-jstests-slow.txt
js/src/devtools/automation/macbuildenv.sh
js/src/devtools/automation/variants/arm-sim
js/src/devtools/automation/variants/arm-sim-osx
js/src/devtools/automation/variants/arm64-sim
js/src/devtools/automation/variants/compacting
js/src/devtools/automation/variants/dtrace
js/src/devtools/automation/variants/exactrooting
js/src/devtools/automation/variants/generational
js/src/devtools/automation/variants/nomethodjit
js/src/devtools/automation/variants/plain
js/src/devtools/automation/variants/plaindebug
js/src/devtools/automation/variants/rootanalysis
js/src/devtools/automation/variants/warnaserr
js/src/devtools/automation/variants/warnaserrdebug
js/src/devtools/automation/winbuildenv.sh
js/src/devtools/gc-ubench/benchmarks/bigTextNodes.js
js/src/devtools/gc-ubench/benchmarks/events.js
js/src/devtools/gc-ubench/benchmarks/expandoEvents.js
js/src/devtools/gc-ubench/benchmarks/globalArrayArrayLiteral.js
js/src/devtools/gc-ubench/benchmarks/globalArrayBuffer.js
js/src/devtools/gc-ubench/benchmarks/globalArrayFgFinalized.js
js/src/devtools/gc-ubench/benchmarks/globalArrayLargeArray.js
js/src/devtools/gc-ubench/benchmarks/globalArrayLargeObject.js
js/src/devtools/gc-ubench/benchmarks/globalArrayNewObject.js
js/src/devtools/gc-ubench/benchmarks/globalArrayObjectLiteral.js
js/src/devtools/gc-ubench/benchmarks/globalArrayReallocArray.js
js/src/devtools/gc-ubench/benchmarks/noAllocation.js
js/src/devtools/gc-ubench/benchmarks/pairCyclicWeakMap.js
js/src/devtools/gc-ubench/benchmarks/selfCyclicWeakMap.js
js/src/devtools/gc-ubench/benchmarks/textNodes.js
js/src/devtools/gc-ubench/harness.js
js/src/devtools/gc-ubench/index.html
js/src/devtools/gc/README.txt
js/src/devtools/gc/gc-test.py
js/src/devtools/gc/tests/clock.js
js/src/devtools/gc/tests/dslots.js
js/src/devtools/gc/tests/loops.js
js/src/devtools/gc/tests/objGraph.js
js/src/devtools/gctrace/Makefile
js/src/devtools/gctrace/gcstats.cpp
js/src/devtools/gnuplot/gcTimer.gnu
js/src/devtools/javascript-trace.d
js/src/devtools/rootAnalysis/CFG.js
js/src/devtools/rootAnalysis/Makefile.in
js/src/devtools/rootAnalysis/README.txt
js/src/devtools/rootAnalysis/analyze.py
js/src/devtools/rootAnalysis/analyzeRoots.js
js/src/devtools/rootAnalysis/annotations.js
js/src/devtools/rootAnalysis/build.js
js/src/devtools/rootAnalysis/build/gcc-b2g.manifest
js/src/devtools/rootAnalysis/build/gcc.manifest
js/src/devtools/rootAnalysis/build/sixgill-b2g.manifest
js/src/devtools/rootAnalysis/build/sixgill.manifest
js/src/devtools/rootAnalysis/computeCallgraph.js
js/src/devtools/rootAnalysis/computeGCFunctions.js
js/src/devtools/rootAnalysis/computeGCTypes.js
js/src/devtools/rootAnalysis/expect.b2g.json
js/src/devtools/rootAnalysis/expect.browser.json
js/src/devtools/rootAnalysis/expect.shell.json
js/src/devtools/rootAnalysis/explain.py
js/src/devtools/rootAnalysis/gen-hazards.sh
js/src/devtools/rootAnalysis/loadCallgraph.js
js/src/devtools/rootAnalysis/run-analysis.sh
js/src/devtools/rootAnalysis/run_complete
js/src/devtools/rootAnalysis/utility.js
js/src/devtools/sharkctl.cpp
js/src/devtools/sharkctl.h
js/src/devtools/vprof/manifest.mk
js/src/devtools/vprof/readme.txt
js/src/devtools/vprof/testVprofMT.c
js/src/devtools/vprof/vprof.cpp
js/src/devtools/vprof/vprof.h
js/src/doc/Debugger/Conventions.md
js/src/doc/Debugger/Debugger-API.md
js/src/doc/Debugger/Debugger.Environment.md
js/src/doc/Debugger/Debugger.Frame.md
js/src/doc/Debugger/Debugger.Memory.md
js/src/doc/Debugger/Debugger.Object.md
js/src/doc/Debugger/Debugger.Script.md
js/src/doc/Debugger/Debugger.Source.md
js/src/doc/Debugger/Debugger.md
js/src/doc/Debugger/Tutorial-Alloc-Log-Tree.md
js/src/doc/Debugger/Tutorial-Debugger-Statement.md
js/src/doc/Debugger/alloc-plot-console.png
js/src/doc/Debugger/config.sh
js/src/doc/Debugger/debugger-alert.png
js/src/doc/Debugger/enable-chrome-devtools.png
js/src/doc/Debugger/scratchpad-browser-environment.png
js/src/doc/Debugger/shadows.svg
js/src/doc/JITOptimizations/Outcomes.md
js/src/doc/JITOptimizations/Strategies.md
js/src/doc/JITOptimizations/config.sh
js/src/doc/README.md
js/src/doc/SavedFrame/SavedFrame.md
js/src/doc/SavedFrame/config.sh
js/src/doc/format.sh
js/src/doc/lib/common.sh
js/src/doc/lib/dummy-config.sh
js/src/doc/lib/extract-watermark.sh
js/src/doc/lib/make-bibliography.sh
js/src/doc/lib/make-watermark.sh
js/src/doc/publish.sh
js/src/ds/BitArray.h
js/src/ds/Fifo.h
js/src/ds/FixedSizeHash.h
js/src/ds/IdValuePair.h
js/src/ds/InlineMap.h
js/src/ds/LifoAlloc.cpp
js/src/ds/LifoAlloc.h
js/src/ds/OrderedHashTable.h
js/src/ds/PriorityQueue.h
js/src/ds/Sort.h
js/src/ds/SplayTree.h
js/src/ds/TraceableFifo.h
js/src/dtoa.c
js/src/editline/README
js/src/editline/editline.3
js/src/editline/editline.c
js/src/editline/editline.h
js/src/editline/moz.build
js/src/editline/sysunix.c
js/src/editline/unix.h
js/src/frontend/BytecodeCompiler.cpp
js/src/frontend/BytecodeCompiler.h
js/src/frontend/BytecodeEmitter.cpp
js/src/frontend/BytecodeEmitter.h
js/src/frontend/FoldConstants.cpp
js/src/frontend/FoldConstants.h
js/src/frontend/FullParseHandler.h
js/src/frontend/NameFunctions.cpp
js/src/frontend/NameFunctions.h
js/src/frontend/ParseMaps-inl.h
js/src/frontend/ParseMaps.cpp
js/src/frontend/ParseMaps.h
js/src/frontend/ParseNode-inl.h
js/src/frontend/ParseNode.cpp
js/src/frontend/ParseNode.h
js/src/frontend/Parser-inl.h
js/src/frontend/Parser.cpp
js/src/frontend/Parser.h
js/src/frontend/SharedContext.h
js/src/frontend/SourceNotes.h
js/src/frontend/SyntaxParseHandler.h
js/src/frontend/TokenKind.h
js/src/frontend/TokenStream.cpp
js/src/frontend/TokenStream.h
js/src/gc/Allocator.cpp
js/src/gc/Allocator.h
js/src/gc/Barrier.cpp
js/src/gc/Barrier.h
js/src/gc/FindSCCs.h
js/src/gc/GCInternals.h
js/src/gc/GCRuntime.h
js/src/gc/GCTrace.cpp
js/src/gc/GCTrace.h
js/src/gc/GCTraceFormat.h
js/src/gc/Heap.h
js/src/gc/Iteration.cpp
js/src/gc/Marking.cpp
js/src/gc/Marking.h
js/src/gc/Memory.cpp
js/src/gc/Memory.h
js/src/gc/MemoryProfiler.cpp
js/src/gc/Nursery-inl.h
js/src/gc/Nursery.cpp
js/src/gc/Nursery.h
js/src/gc/RootMarking.cpp
js/src/gc/Rooting.h
js/src/gc/Statistics.cpp
js/src/gc/Statistics.h
js/src/gc/StoreBuffer.cpp
js/src/gc/StoreBuffer.h
js/src/gc/Tracer.cpp
js/src/gc/Tracer.h
js/src/gc/Verifier.cpp
js/src/gc/Zone.cpp
js/src/gc/Zone.h
js/src/gdb/Makefile.in
js/src/gdb/README
js/src/gdb/TODO
js/src/gdb/gdb-tests-gdb.py.in
js/src/gdb/gdb-tests.cpp
js/src/gdb/gdb-tests.h
js/src/gdb/lib-for-tests/catcher.py
js/src/gdb/lib-for-tests/prologue.py
js/src/gdb/moz.build
js/src/gdb/mozilla/GCCellPtr.py
js/src/gdb/mozilla/Interpreter.py
js/src/gdb/mozilla/JSObject.py
js/src/gdb/mozilla/JSString.py
js/src/gdb/mozilla/JSSymbol.py
js/src/gdb/mozilla/Root.py
js/src/gdb/mozilla/__init__.py
js/src/gdb/mozilla/asmjs.py
js/src/gdb/mozilla/autoload.py
js/src/gdb/mozilla/jsid.py
js/src/gdb/mozilla/jsval.py
js/src/gdb/mozilla/prettyprinters.py
js/src/gdb/progressbar.py
js/src/gdb/run-tests.py
js/src/gdb/taskpool.py
js/src/gdb/tests/test-GCCellPtr.cpp
js/src/gdb/tests/test-GCCellPtr.py
js/src/gdb/tests/test-Interpreter.cpp
js/src/gdb/tests/test-Interpreter.py
js/src/gdb/tests/test-JSObject-null.py
js/src/gdb/tests/test-JSObject.cpp
js/src/gdb/tests/test-JSObject.py
js/src/gdb/tests/test-JSString-null.py
js/src/gdb/tests/test-JSString-subclasses.py
js/src/gdb/tests/test-JSString.cpp
js/src/gdb/tests/test-JSString.py
js/src/gdb/tests/test-JSSymbol.cpp
js/src/gdb/tests/test-JSSymbol.py
js/src/gdb/tests/test-Root-null.py
js/src/gdb/tests/test-Root.cpp
js/src/gdb/tests/test-Root.py
js/src/gdb/tests/test-asmjs.cpp
js/src/gdb/tests/test-asmjs.py
js/src/gdb/tests/test-jsid.cpp
js/src/gdb/tests/test-jsid.py
js/src/gdb/tests/test-jsval.cpp
js/src/gdb/tests/test-jsval.py
js/src/gdb/tests/test-prettyprinters.cpp
js/src/gdb/tests/test-prettyprinters.py
js/src/gdb/tests/typedef-printers.cpp
js/src/gdb/tests/typedef-printers.py
js/src/irregexp/NativeRegExpMacroAssembler.cpp
js/src/irregexp/NativeRegExpMacroAssembler.h
js/src/irregexp/RegExpAST.cpp
js/src/irregexp/RegExpAST.h
js/src/irregexp/RegExpBytecode.h
js/src/irregexp/RegExpEngine.cpp
js/src/irregexp/RegExpEngine.h
js/src/irregexp/RegExpInterpreter.cpp
js/src/irregexp/RegExpMacroAssembler.cpp
js/src/irregexp/RegExpMacroAssembler.h
js/src/irregexp/RegExpParser.cpp
js/src/irregexp/RegExpParser.h
js/src/irregexp/RegExpStack.cpp
js/src/irregexp/RegExpStack.h
js/src/jit-test/README
js/src/jit-test/etc/generate-lookupswitch-tests.js
js/src/jit-test/etc/generate-nosuchproperty-tests.js
js/src/jit-test/jit_test.py
js/src/jit-test/lib/andTestHelper.js
js/src/jit-test/lib/array-compare.js
js/src/jit-test/lib/asm.js
js/src/jit-test/lib/asserts.js
js/src/jit-test/lib/bullet.js
js/src/jit-test/lib/bytecode-cache.js
js/src/jit-test/lib/census.js
js/src/jit-test/lib/dummyModuleResolveHook.js
js/src/jit-test/lib/eqArrayHelper.js
js/src/jit-test/lib/evalInFrame.js
js/src/jit-test/lib/immutable-prototype.js
js/src/jit-test/lib/iteration.js
js/src/jit-test/lib/jitopts.js
js/src/jit-test/lib/mandelbrot-results.js
js/src/jit-test/lib/match.js
js/src/jit-test/lib/orTestHelper.js
js/src/jit-test/lib/prologue.js
js/src/jit-test/lib/range.js
js/src/jit-test/lib/simd.js
js/src/jit-test/lib/string.js
js/src/jit-test/lib/syntax.js
js/src/jit-test/manual-tests/TypedObject-TypeDescrIsArrayType-unknown.js
js/src/jit-test/manual-tests/TypedObject-TypeDescrIsArrayType.js
js/src/jit-test/manual-tests/dense-to-sparse.js
js/src/jit-test/modules/ambiguous.js
js/src/jit-test/modules/cyclicImport1.js
js/src/jit-test/modules/cyclicImport2.js
js/src/jit-test/modules/isEven.js
js/src/jit-test/modules/isOdd.js
js/src/jit-test/modules/module1.js
js/src/jit-test/modules/module1a.js
js/src/jit-test/modules/module2.js
js/src/jit-test/modules/module3.js
js/src/jit-test/modules/module4.js
js/src/jit-test/modules/recursiveStarExport.js
js/src/jit-test/tests/SIMD/binary-arith.js
js/src/jit-test/tests/SIMD/bug1109911.js
js/src/jit-test/tests/SIMD/bug1121299.js
js/src/jit-test/tests/SIMD/bug1123631.js
js/src/jit-test/tests/SIMD/bug1130845.js
js/src/jit-test/tests/SIMD/bug953108.js
js/src/jit-test/tests/SIMD/check.js
js/src/jit-test/tests/SIMD/compare.js
js/src/jit-test/tests/SIMD/complex-4.js
js/src/jit-test/tests/SIMD/convert.js
js/src/jit-test/tests/SIMD/float32x4-binary-arith.js
js/src/jit-test/tests/SIMD/float32x4-binary-bitwise.js
js/src/jit-test/tests/SIMD/getters.js
js/src/jit-test/tests/SIMD/inline-missing-arguments.js
js/src/jit-test/tests/SIMD/load.js
js/src/jit-test/tests/SIMD/nursery-overflow.js
js/src/jit-test/tests/SIMD/recover.js
js/src/jit-test/tests/SIMD/replacelane.js
js/src/jit-test/tests/SIMD/select.js
js/src/jit-test/tests/SIMD/shift.js
js/src/jit-test/tests/SIMD/shuffle.js
js/src/jit-test/tests/SIMD/splat.js
js/src/jit-test/tests/SIMD/store.js
js/src/jit-test/tests/SIMD/swizzle.js
js/src/jit-test/tests/SIMD/unary.js
js/src/jit-test/tests/SIMD/unbox.js
js/src/jit-test/tests/TypedObject/Bug981650.js
js/src/jit-test/tests/TypedObject/aggregate-set-neutered.js
js/src/jit-test/tests/TypedObject/array-hasproperty.js
js/src/jit-test/tests/TypedObject/atopneuteredbuffer.js
js/src/jit-test/tests/TypedObject/bug-1369994.js
js/src/jit-test/tests/TypedObject/bug1004527.js
js/src/jit-test/tests/TypedObject/bug1082649.js
js/src/jit-test/tests/TypedObject/bug1096016.js
js/src/jit-test/tests/TypedObject/bug1096023.js
js/src/jit-test/tests/TypedObject/bug1098961.js
js/src/jit-test/tests/TypedObject/bug1100202.js
js/src/jit-test/tests/TypedObject/bug1102329.js
js/src/jit-test/tests/TypedObject/bug1103273-1.js
js/src/jit-test/tests/TypedObject/bug1103273-2.js
js/src/jit-test/tests/TypedObject/bug920463.js
js/src/jit-test/tests/TypedObject/bug950458.js
js/src/jit-test/tests/TypedObject/bug953111.js
js/src/jit-test/tests/TypedObject/bug959119.js
js/src/jit-test/tests/TypedObject/bug969159.js
js/src/jit-test/tests/TypedObject/bug970285.js
js/src/jit-test/tests/TypedObject/bug973563.js
js/src/jit-test/tests/TypedObject/bug976530.js
js/src/jit-test/tests/TypedObject/common-array-prototypes.js
js/src/jit-test/tests/TypedObject/function-names.js
js/src/jit-test/tests/TypedObject/fuzz1.js
js/src/jit-test/tests/TypedObject/fuzz10.js
js/src/jit-test/tests/TypedObject/fuzz11.js
js/src/jit-test/tests/TypedObject/fuzz2.js
js/src/jit-test/tests/TypedObject/fuzz3.js
js/src/jit-test/tests/TypedObject/fuzz4.js
js/src/jit-test/tests/TypedObject/fuzz5.js
js/src/jit-test/tests/TypedObject/fuzz6.js
js/src/jit-test/tests/TypedObject/fuzz7.js
js/src/jit-test/tests/TypedObject/fuzz8.js
js/src/jit-test/tests/TypedObject/fuzz9.js
js/src/jit-test/tests/TypedObject/inlineopaque.js
js/src/jit-test/tests/TypedObject/inlinetransparent.js
js/src/jit-test/tests/TypedObject/jit-complex.js
js/src/jit-test/tests/TypedObject/jit-prefix.js
js/src/jit-test/tests/TypedObject/jit-read-float64.js
js/src/jit-test/tests/TypedObject/jit-read-int.js
js/src/jit-test/tests/TypedObject/jit-read-many.js
js/src/jit-test/tests/TypedObject/jit-read-u16-from-mdim-array.js
js/src/jit-test/tests/TypedObject/jit-read-u16-from-struct-array-in-struct.js
js/src/jit-test/tests/TypedObject/jit-read-u16-from-struct-array.js
js/src/jit-test/tests/TypedObject/jit-read-u16-from-u16-array-in-struct.js
js/src/jit-test/tests/TypedObject/jit-read-u16-from-u16-array.js
js/src/jit-test/tests/TypedObject/jit-read-u32-from-mdim-array.js
js/src/jit-test/tests/TypedObject/jit-read-u32-from-struct-array-in-struct.js
js/src/jit-test/tests/TypedObject/jit-read-u32-from-struct-array.js
js/src/jit-test/tests/TypedObject/jit-read-u32-from-u32-array-in-struct.js
js/src/jit-test/tests/TypedObject/jit-read-u32-from-u32-array.js
js/src/jit-test/tests/TypedObject/jit-read-unsized.js
js/src/jit-test/tests/TypedObject/jit-write-references.js
js/src/jit-test/tests/TypedObject/jit-write-u16-into-mdim-array.js
js/src/jit-test/tests/TypedObject/jit-write-u16-into-u16-array-in-struct.js
js/src/jit-test/tests/TypedObject/jit-write-u16-into-u16-array.js
js/src/jit-test/tests/TypedObject/jit-write-u32-into-mdim-array.js
js/src/jit-test/tests/TypedObject/jit-write-u32-into-u32-array-in-struct.js
js/src/jit-test/tests/TypedObject/jit-write-u32-into-u32-array.js
js/src/jit-test/tests/TypedObject/neutertypedobj.js
js/src/jit-test/tests/TypedObject/neutertypedobjsizedarray.js
js/src/jit-test/tests/TypedObject/neutertypedobjunsizedarray.js
js/src/jit-test/tests/TypedObject/opaqueatopbuffer.js
js/src/jit-test/tests/TypedObject/prototypes.js
js/src/jit-test/tests/TypedObject/set-property-with-prototype.js
js/src/jit-test/tests/arguments/access-formals.js
js/src/jit-test/tests/arguments/alias-function-closed.js
js/src/jit-test/tests/arguments/alias-function-not-closed.js
js/src/jit-test/tests/arguments/args-attributes.js
js/src/jit-test/tests/arguments/args-createontrace.js
js/src/jit-test/tests/arguments/args-mochi-2.js
js/src/jit-test/tests/arguments/args-mochi-2a.js
js/src/jit-test/tests/arguments/args-mochi.js
js/src/jit-test/tests/arguments/args-mutate-length-1.js
js/src/jit-test/tests/arguments/args-mutate-length-2.js
js/src/jit-test/tests/arguments/args-range-2.js
js/src/jit-test/tests/arguments/args-range-const.js
js/src/jit-test/tests/arguments/args-range.js
js/src/jit-test/tests/arguments/args-redefine-length-1.js
js/src/jit-test/tests/arguments/args-redefine-length-2.js
js/src/jit-test/tests/arguments/args-sum.js
js/src/jit-test/tests/arguments/args-vargc.js
js/src/jit-test/tests/arguments/args1.js
js/src/jit-test/tests/arguments/args10.js
js/src/jit-test/tests/arguments/args11.js
js/src/jit-test/tests/arguments/args2.js
js/src/jit-test/tests/arguments/args2a.js
js/src/jit-test/tests/arguments/args2b.js
js/src/jit-test/tests/arguments/args2c.js
js/src/jit-test/tests/arguments/args2d.js
js/src/jit-test/tests/arguments/args3.js
js/src/jit-test/tests/arguments/args4.js
js/src/jit-test/tests/arguments/args5.js
js/src/jit-test/tests/arguments/args6.js
js/src/jit-test/tests/arguments/args6a.js
js/src/jit-test/tests/arguments/args7.js
js/src/jit-test/tests/arguments/args8.js
js/src/jit-test/tests/arguments/args9.js
js/src/jit-test/tests/arguments/argsub.js
js/src/jit-test/tests/arguments/argsx-1.js
js/src/jit-test/tests/arguments/argsx-2.js
js/src/jit-test/tests/arguments/argsx-3.js
js/src/jit-test/tests/arguments/argsx-3a.js
js/src/jit-test/tests/arguments/argsx-4.js
js/src/jit-test/tests/arguments/arguments-on-proto.js
js/src/jit-test/tests/arguments/bug-917585-relax-aliasing-constraints.js
js/src/jit-test/tests/arguments/bug1051760.js
js/src/jit-test/tests/arguments/bug1227287.js
js/src/jit-test/tests/arguments/bug503772.js
js/src/jit-test/tests/arguments/bug508178.js
js/src/jit-test/tests/arguments/bug554670-1.js
js/src/jit-test/tests/arguments/bug554670-2.js
js/src/jit-test/tests/arguments/bug633020.js
js/src/jit-test/tests/arguments/bug843985.js
js/src/jit-test/tests/arguments/bug844048.js
js/src/jit-test/tests/arguments/bug956173.js
js/src/jit-test/tests/arguments/defaults-basic.js
js/src/jit-test/tests/arguments/defaults-bound-to-function.js
js/src/jit-test/tests/arguments/defaults-bug759904.js
js/src/jit-test/tests/arguments/defaults-bug790424.js
js/src/jit-test/tests/arguments/defaults-call-function.js
js/src/jit-test/tests/arguments/defaults-destructuring-array.js
js/src/jit-test/tests/arguments/defaults-destructuring-expression-closure.js
js/src/jit-test/tests/arguments/defaults-destructuring-function-expression.js
js/src/jit-test/tests/arguments/defaults-destructuring-mixed-default-value.js
js/src/jit-test/tests/arguments/defaults-destructuring-mixed.js
js/src/jit-test/tests/arguments/defaults-destructuring-object.js
js/src/jit-test/tests/arguments/defaults-destructuring-with-rest.js
js/src/jit-test/tests/arguments/defaults-evaluation-order.js
js/src/jit-test/tests/arguments/defaults-exceptions.js
js/src/jit-test/tests/arguments/defaults-invalid-syntax.js
js/src/jit-test/tests/arguments/defaults-scoping.js
js/src/jit-test/tests/arguments/defaults-strict-mode.js
js/src/jit-test/tests/arguments/defaults-with-arguments.js
js/src/jit-test/tests/arguments/defaults-with-rest.js
js/src/jit-test/tests/arguments/destructuring-after-defaults.js
js/src/jit-test/tests/arguments/destructuring-default-value-scope.js
js/src/jit-test/tests/arguments/destructuring-exprbody.js
js/src/jit-test/tests/arguments/destructuring-with-rest.js
js/src/jit-test/tests/arguments/dynamicBindings.js
js/src/jit-test/tests/arguments/genexpr-1.js
js/src/jit-test/tests/arguments/genexpr-2.js
js/src/jit-test/tests/arguments/genexpr-3.js
js/src/jit-test/tests/arguments/genexpr-4.js
js/src/jit-test/tests/arguments/genexpr-5.js
js/src/jit-test/tests/arguments/genexpr-6.js
js/src/jit-test/tests/arguments/inline-rest-array-creation.js
js/src/jit-test/tests/arguments/mapped-unmapped-args.js
js/src/jit-test/tests/arguments/nonstrict-args.js
js/src/jit-test/tests/arguments/nonstrict-assign-element-get-parameter.js
js/src/jit-test/tests/arguments/nonstrict-assign-parameter-get-element.js
js/src/jit-test/tests/arguments/nonstrict-assign.js
js/src/jit-test/tests/arguments/nonstrict-later-assign.js
js/src/jit-test/tests/arguments/nonstrict-noargs.js
js/src/jit-test/tests/arguments/rest-alias-function.js
js/src/jit-test/tests/arguments/rest-arguments-as-parameters.js
js/src/jit-test/tests/arguments/rest-basic.js
js/src/jit-test/tests/arguments/rest-bug763954.js
js/src/jit-test/tests/arguments/rest-debugger.js
js/src/jit-test/tests/arguments/rest-disallow-arguments-strict.js
js/src/jit-test/tests/arguments/rest-in-Function.js
js/src/jit-test/tests/arguments/rest-invalid-syntax.js
js/src/jit-test/tests/arguments/rest-nested-arguments.js
js/src/jit-test/tests/arguments/rest-nested.js
js/src/jit-test/tests/arguments/rest-underflow.js
js/src/jit-test/tests/arguments/rest-with-arguments.js
js/src/jit-test/tests/arguments/strict-args-flushstack.js
js/src/jit-test/tests/arguments/strict-args-generator-flushstack.js
js/src/jit-test/tests/arguments/strict-args.js
js/src/jit-test/tests/arguments/strict-assign-after.js
js/src/jit-test/tests/arguments/strict-assign-arguments-element.js
js/src/jit-test/tests/arguments/strict-assign-outer-param-psych.js
js/src/jit-test/tests/arguments/strict-assign-outer-param.js
js/src/jit-test/tests/arguments/strict-assign-parameter-get-element.js
js/src/jit-test/tests/arguments/strict-assign.js
js/src/jit-test/tests/arguments/strict-eval-mutation.js
js/src/jit-test/tests/arguments/strict-eval.js
js/src/jit-test/tests/arguments/strict-maybe-assign-outer.js
js/src/jit-test/tests/arguments/strict-maybe-nested-eval.js
js/src/jit-test/tests/arguments/strict-nested-assign-shadow-function-call.js
js/src/jit-test/tests/arguments/strict-nested-assign-shadow-function-name.js
js/src/jit-test/tests/arguments/strict-nested-assign-shadow-function.js
js/src/jit-test/tests/arguments/strict-nested-assign-shadowed-catch-call.js
js/src/jit-test/tests/arguments/strict-nested-assign-shadowed-catch.js
js/src/jit-test/tests/arguments/strict-nested-assign-shadowed-var.js
js/src/jit-test/tests/arguments/strict-nested-eval.js
js/src/jit-test/tests/arguments/strict-nested-shadow-eval.js
js/src/jit-test/tests/arguments/strict-nested-shadow-maybe-eval.js
js/src/jit-test/tests/arguments/strict-noargs.js
js/src/jit-test/tests/arguments/strict-osr-shadowed-args.js
js/src/jit-test/tests/arguments/testDelArg1.js
js/src/jit-test/tests/arguments/testDelArg2.js
js/src/jit-test/tests/arguments/testDelArg3.js
js/src/jit-test/tests/arguments/testDelArg3Strict.js
js/src/jit-test/tests/arrays/ion-pop-denseinitializedlength-less-than-length.js
js/src/jit-test/tests/arrays/ion-pop-nonwritable-length.js
js/src/jit-test/tests/arrays/ion-push-nonwritable-length.js
js/src/jit-test/tests/arrays/ion-shift-nonwritable-length.js
js/src/jit-test/tests/arrays/length-set-after-define-nonconfigurable.js
js/src/jit-test/tests/arrays/length-set-after-has-sparse.js
js/src/jit-test/tests/arrays/new-array-int-undefined-args.js
js/src/jit-test/tests/arrays/new-array-undefined-undefined-more-args-1.js
js/src/jit-test/tests/arrays/new-array-undefined-undefined-more-args-2.js
js/src/jit-test/tests/arrays/nonwritable-length-grow-capacity.js
js/src/jit-test/tests/arrays/pop-nonarray-nonwritable-length.js
js/src/jit-test/tests/arrays/pop-nonwritable-length-denseinitializedlength-below-length.js
js/src/jit-test/tests/arrays/push-densely-loopy-nonwritable-length.js
js/src/jit-test/tests/arrays/push-densely-nonwritable-length.js
js/src/jit-test/tests/arrays/push-slowly-loopy-nonwritable-length.js
js/src/jit-test/tests/arrays/push-slowly-nonwritable-length.js
js/src/jit-test/tests/arrays/reverse-nonarray-nonwritable-element.js
js/src/jit-test/tests/arrays/setelem-one-past-nonwritable-length.js
js/src/jit-test/tests/arrays/slice-sparse-getter.js
js/src/jit-test/tests/arrays/slice.js
js/src/jit-test/tests/arrays/sort-getter-only.js
js/src/jit-test/tests/arrays/splice-nonwritable-length.js
js/src/jit-test/tests/arrays/too-long-array-splice.js
js/src/jit-test/tests/arrays/unshift-nonwritable-length.js
js/src/jit-test/tests/arrow-functions/arguments-1.js
js/src/jit-test/tests/arrow-functions/arguments-2.js
js/src/jit-test/tests/arrow-functions/arguments-3.js
js/src/jit-test/tests/arrow-functions/arguments-4.js
js/src/jit-test/tests/arrow-functions/associativity-1.js
js/src/jit-test/tests/arrow-functions/associativity-2.js
js/src/jit-test/tests/arrow-functions/associativity-3.js
js/src/jit-test/tests/arrow-functions/block-1.js
js/src/jit-test/tests/arrow-functions/block-2.js
js/src/jit-test/tests/arrow-functions/bug-885067-1.js
js/src/jit-test/tests/arrow-functions/bug-885067-2.js
js/src/jit-test/tests/arrow-functions/bug-885219.js
js/src/jit-test/tests/arrow-functions/church-1.js
js/src/jit-test/tests/arrow-functions/church-2.js
js/src/jit-test/tests/arrow-functions/close-paren-arrow-after-expr.js
js/src/jit-test/tests/arrow-functions/const-1.js
js/src/jit-test/tests/arrow-functions/construct-1.js
js/src/jit-test/tests/arrow-functions/eval-1.js
js/src/jit-test/tests/arrow-functions/length.js
js/src/jit-test/tests/arrow-functions/params-1.js
js/src/jit-test/tests/arrow-functions/params-2.js
js/src/jit-test/tests/arrow-functions/params-default-1.js
js/src/jit-test/tests/arrow-functions/params-default-2.js
js/src/jit-test/tests/arrow-functions/params-rest-1.js
js/src/jit-test/tests/arrow-functions/params-rest-2.js
js/src/jit-test/tests/arrow-functions/precedence-1.js
js/src/jit-test/tests/arrow-functions/precedence-2.js
js/src/jit-test/tests/arrow-functions/precedence-3.js
js/src/jit-test/tests/arrow-functions/precedence-4.js
js/src/jit-test/tests/arrow-functions/precedence-5.js
js/src/jit-test/tests/arrow-functions/prototype-1.js
js/src/jit-test/tests/arrow-functions/prototype-2.js
js/src/jit-test/tests/arrow-functions/return-1.js
js/src/jit-test/tests/arrow-functions/return-2.js
js/src/jit-test/tests/arrow-functions/return-3.js
js/src/jit-test/tests/arrow-functions/strict-1.js
js/src/jit-test/tests/arrow-functions/strict-2.js
js/src/jit-test/tests/arrow-functions/strict-3.js
js/src/jit-test/tests/arrow-functions/syntax-errors.js
js/src/jit-test/tests/arrow-functions/this-1.js
js/src/jit-test/tests/arrow-functions/this-2.js
js/src/jit-test/tests/arrow-functions/this-3.js
js/src/jit-test/tests/arrow-functions/this-4.js
js/src/jit-test/tests/arrow-functions/this-5.js
js/src/jit-test/tests/arrow-functions/this-6.js
js/src/jit-test/tests/arrow-functions/typeof.js
js/src/jit-test/tests/asm.js/bug1007512.js
js/src/jit-test/tests/asm.js/bug1008636.js
js/src/jit-test/tests/asm.js/bug1126251.js
js/src/jit-test/tests/asm.js/bug1161298.js
js/src/jit-test/tests/asm.js/bug1174372.js
js/src/jit-test/tests/asm.js/bug1219954.js
js/src/jit-test/tests/asm.js/bug855526.js
js/src/jit-test/tests/asm.js/bug885976.js
js/src/jit-test/tests/asm.js/bug923867.js
js/src/jit-test/tests/asm.js/bug927389.js
js/src/jit-test/tests/asm.js/bug928450.js
js/src/jit-test/tests/asm.js/bug940864.js
js/src/jit-test/tests/asm.js/bug941877.js
js/src/jit-test/tests/asm.js/gating.js
js/src/jit-test/tests/asm.js/neuter-during-arguments-coercion.js
js/src/jit-test/tests/asm.js/oom-helper-thread-plus-validation-error.js
js/src/jit-test/tests/asm.js/oom-helper-thread.js
js/src/jit-test/tests/asm.js/simd-fbirds.js
js/src/jit-test/tests/asm.js/simd-mandelbrot.js
js/src/jit-test/tests/asm.js/sta-transition.js
js/src/jit-test/tests/asm.js/testAddressErrors.js
js/src/jit-test/tests/asm.js/testAtomic-effect.js
js/src/jit-test/tests/asm.js/testAtomics.js
js/src/jit-test/tests/asm.js/testBasic.js
js/src/jit-test/tests/asm.js/testBug1046688.js
js/src/jit-test/tests/asm.js/testBug1057248.js
js/src/jit-test/tests/asm.js/testBug1099216.js
js/src/jit-test/tests/asm.js/testBug1100237.js
js/src/jit-test/tests/asm.js/testBug1111327.js
js/src/jit-test/tests/asm.js/testBug1117235.js
js/src/jit-test/tests/asm.js/testBug1117255.js
js/src/jit-test/tests/asm.js/testBug1125561.js
js/src/jit-test/tests/asm.js/testBug1147144.js
js/src/jit-test/tests/asm.js/testBug1155176.js
js/src/jit-test/tests/asm.js/testBug1164391.js
js/src/jit-test/tests/asm.js/testBug1183060.js
js/src/jit-test/tests/asm.js/testBug855442.js
js/src/jit-test/tests/asm.js/testBug863867.js
js/src/jit-test/tests/asm.js/testBug878435.js
js/src/jit-test/tests/asm.js/testBug878495.js
js/src/jit-test/tests/asm.js/testBug878520.js
js/src/jit-test/tests/asm.js/testBug892291.js
js/src/jit-test/tests/asm.js/testBug893364.js
js/src/jit-test/tests/asm.js/testBug893368.js
js/src/jit-test/tests/asm.js/testBug893519.js
js/src/jit-test/tests/asm.js/testBug907085.js
js/src/jit-test/tests/asm.js/testBug952022.js
js/src/jit-test/tests/asm.js/testBug965767.js
js/src/jit-test/tests/asm.js/testBug975182.js
js/src/jit-test/tests/asm.js/testBug989166.js
js/src/jit-test/tests/asm.js/testBug999790.js
js/src/jit-test/tests/asm.js/testBullet.js
js/src/jit-test/tests/asm.js/testCaching.js
js/src/jit-test/tests/asm.js/testCall.js
js/src/jit-test/tests/asm.js/testCloning.js
js/src/jit-test/tests/asm.js/testCompoundPlusMinus.js
js/src/jit-test/tests/asm.js/testControlFlow.js
js/src/jit-test/tests/asm.js/testDebugModeDisables.js
js/src/jit-test/tests/asm.js/testExpressions.js
js/src/jit-test/tests/asm.js/testFFI.js
js/src/jit-test/tests/asm.js/testFastHeapAccess.js
js/src/jit-test/tests/asm.js/testFloat32.js
js/src/jit-test/tests/asm.js/testFloatingPoint.js
js/src/jit-test/tests/asm.js/testFunctionPtr.js
js/src/jit-test/tests/asm.js/testGlobals.js
js/src/jit-test/tests/asm.js/testHeapAccess.js
js/src/jit-test/tests/asm.js/testLinkErrorAssert.js
js/src/jit-test/tests/asm.js/testLiterals.js
js/src/jit-test/tests/asm.js/testMathLib.js
js/src/jit-test/tests/asm.js/testModuleFunctions.js
js/src/jit-test/tests/asm.js/testNeuter.js
js/src/jit-test/tests/asm.js/testParallelCompile.js
js/src/jit-test/tests/asm.js/testProfiling.js
js/src/jit-test/tests/asm.js/testRangeAnalysis.js
js/src/jit-test/tests/asm.js/testResize.js
js/src/jit-test/tests/asm.js/testSIMD-load-store.js
js/src/jit-test/tests/asm.js/testSIMD.js
js/src/jit-test/tests/asm.js/testSource.js
js/src/jit-test/tests/asm.js/testStackWalking.js
js/src/jit-test/tests/asm.js/testTimeout-deactivate-reactivate-signals.js
js/src/jit-test/tests/asm.js/testTimeout1-nosignals.js
js/src/jit-test/tests/asm.js/testTimeout1.js
js/src/jit-test/tests/asm.js/testTimeout2-nosignals.js
js/src/jit-test/tests/asm.js/testTimeout2.js
js/src/jit-test/tests/asm.js/testTimeout3-nosignals.js
js/src/jit-test/tests/asm.js/testTimeout3.js
js/src/jit-test/tests/asm.js/testTimeout4-nosignals.js
js/src/jit-test/tests/asm.js/testTimeout4.js
js/src/jit-test/tests/asm.js/testTimeout5.js
js/src/jit-test/tests/asm.js/testTimeout6.js
js/src/jit-test/tests/asm.js/testTimeout7-nosignals.js
js/src/jit-test/tests/asm.js/testTimeout7.js
js/src/jit-test/tests/asm.js/testUseAsmWarnings.js
js/src/jit-test/tests/asm.js/testX86ByteStore.js
js/src/jit-test/tests/asm.js/testZOOB.js
js/src/jit-test/tests/atomics/basic-tests.js
js/src/jit-test/tests/atomics/inline-add.js
js/src/jit-test/tests/atomics/inline-add2.js
js/src/jit-test/tests/atomics/inline-cmpxchg.js
js/src/jit-test/tests/atomics/inline-fence.js
js/src/jit-test/tests/atomics/mutual-exclusion.js
js/src/jit-test/tests/atomics/optimization-tests.js
js/src/jit-test/tests/auto-regress/bug1147907.js
js/src/jit-test/tests/auto-regress/bug464116.js
js/src/jit-test/tests/auto-regress/bug466076.js
js/src/jit-test/tests/auto-regress/bug466654.js
js/src/jit-test/tests/auto-regress/bug469262.js
js/src/jit-test/tests/auto-regress/bug477877.js
js/src/jit-test/tests/auto-regress/bug479747.js
js/src/jit-test/tests/auto-regress/bug486139.js
js/src/jit-test/tests/auto-regress/bug487320.js
js/src/jit-test/tests/auto-regress/bug487534.js
js/src/jit-test/tests/auto-regress/bug487563.js
js/src/jit-test/tests/auto-regress/bug488015.js
js/src/jit-test/tests/auto-regress/bug488034.js
js/src/jit-test/tests/auto-regress/bug488203.js
js/src/jit-test/tests/auto-regress/bug488421.js
js/src/jit-test/tests/auto-regress/bug488693.js
js/src/jit-test/tests/auto-regress/bug489040.js
js/src/jit-test/tests/auto-regress/bug489836.js
js/src/jit-test/tests/auto-regress/bug490191.js
js/src/jit-test/tests/auto-regress/bug490776.js
js/src/jit-test/tests/auto-regress/bug493662.js
js/src/jit-test/tests/auto-regress/bug495843.js
js/src/jit-test/tests/auto-regress/bug495962.js
js/src/jit-test/tests/auto-regress/bug496245.js
js/src/jit-test/tests/auto-regress/bug496270.js
js/src/jit-test/tests/auto-regress/bug496325.js
js/src/jit-test/tests/auto-regress/bug499169.js
js/src/jit-test/tests/auto-regress/bug502604.js
js/src/jit-test/tests/auto-regress/bug504516.js
js/src/jit-test/tests/auto-regress/bug505305.js
js/src/jit-test/tests/auto-regress/bug510644.js
js/src/jit-test/tests/auto-regress/bug511836.js
js/src/jit-test/tests/auto-regress/bug511938.js
js/src/jit-test/tests/auto-regress/bug515440.js
js/src/jit-test/tests/auto-regress/bug516897.js
js/src/jit-test/tests/auto-regress/bug520513.js
js/src/jit-test/tests/auto-regress/bug521163.js
js/src/jit-test/tests/auto-regress/bug521169.js
js/src/jit-test/tests/auto-regress/bug521279.js
js/src/jit-test/tests/auto-regress/bug521694.js
js/src/jit-test/tests/auto-regress/bug522624.js
js/src/jit-test/tests/auto-regress/bug525618.js
js/src/jit-test/tests/auto-regress/bug528048.js
js/src/jit-test/tests/auto-regress/bug531513.js
js/src/jit-test/tests/auto-regress/bug532363.js
js/src/jit-test/tests/auto-regress/bug533705.js
js/src/jit-test/tests/auto-regress/bug537854.js
js/src/jit-test/tests/auto-regress/bug543436.js
js/src/jit-test/tests/auto-regress/bug557946.js
js/src/jit-test/tests/auto-regress/bug558618.js
js/src/jit-test/tests/auto-regress/bug560566.js
js/src/jit-test/tests/auto-regress/bug560796.js
js/src/jit-test/tests/auto-regress/bug561278.js
js/src/jit-test/tests/auto-regress/bug562028.js
js/src/jit-test/tests/auto-regress/bug563034.js
js/src/jit-test/tests/auto-regress/bug563126.js
js/src/jit-test/tests/auto-regress/bug563127.js
js/src/jit-test/tests/auto-regress/bug564619.js
js/src/jit-test/tests/auto-regress/bug567577.js
js/src/jit-test/tests/auto-regress/bug568275.js
js/src/jit-test/tests/auto-regress/bug568281.js
js/src/jit-test/tests/auto-regress/bug568786.js
js/src/jit-test/tests/auto-regress/bug568826.js
js/src/jit-test/tests/auto-regress/bug568855.js
js/src/jit-test/tests/auto-regress/bug571168.js
js/src/jit-test/tests/auto-regress/bug576846.js
js/src/jit-test/tests/auto-regress/bug578015.js
js/src/jit-test/tests/auto-regress/bug579348.js
js/src/jit-test/tests/auto-regress/bug580200.js
js/src/jit-test/tests/auto-regress/bug580694.js
js/src/jit-test/tests/auto-regress/bug580699.js
js/src/jit-test/tests/auto-regress/bug580701.js
js/src/jit-test/tests/auto-regress/bug581785.js
js/src/jit-test/tests/auto-regress/bug582268.js
js/src/jit-test/tests/auto-regress/bug582276.js
js/src/jit-test/tests/auto-regress/bug583675.js
js/src/jit-test/tests/auto-regress/bug583680.js
js/src/jit-test/tests/auto-regress/bug583681.js
js/src/jit-test/tests/auto-regress/bug584423.js
js/src/jit-test/tests/auto-regress/bug586538.js
js/src/jit-test/tests/auto-regress/bug586559.js
js/src/jit-test/tests/auto-regress/bug587433.js
js/src/jit-test/tests/auto-regress/bug589103.js
js/src/jit-test/tests/auto-regress/bug590772.js
js/src/jit-test/tests/auto-regress/bug591367.js
js/src/jit-test/tests/auto-regress/bug591418.js
js/src/jit-test/tests/auto-regress/bug591795.js
js/src/jit-test/tests/auto-regress/bug592224.js
js/src/jit-test/tests/auto-regress/bug592226.js
js/src/jit-test/tests/auto-regress/bug593580.js
js/src/jit-test/tests/auto-regress/bug593605.js
js/src/jit-test/tests/auto-regress/bug595911.js
js/src/jit-test/tests/auto-regress/bug596817.js
js/src/jit-test/tests/auto-regress/bug596823.js
js/src/jit-test/tests/auto-regress/bug599446.js
js/src/jit-test/tests/auto-regress/bug599464.js
js/src/jit-test/tests/auto-regress/bug600128.js
js/src/jit-test/tests/auto-regress/bug600138.js
js/src/jit-test/tests/auto-regress/bug600889.js
js/src/jit-test/tests/auto-regress/bug601070.js
js/src/jit-test/tests/auto-regress/bug601393.js
js/src/jit-test/tests/auto-regress/bug601396.js
js/src/jit-test/tests/auto-regress/bug605011.js
js/src/jit-test/tests/auto-regress/bug605013.js
js/src/jit-test/tests/auto-regress/bug606639.js
js/src/jit-test/tests/auto-regress/bug607502.js
js/src/jit-test/tests/auto-regress/bug607513.js
js/src/jit-test/tests/auto-regress/bug609287.js
js/src/jit-test/tests/auto-regress/bug610088.js
js/src/jit-test/tests/auto-regress/bug612836.js
js/src/jit-test/tests/auto-regress/bug613400.js
js/src/jit-test/tests/auto-regress/bug617485.js
js/src/jit-test/tests/auto-regress/bug620315.js
js/src/jit-test/tests/auto-regress/bug620637.js
js/src/jit-test/tests/auto-regress/bug620640.js
js/src/jit-test/tests/auto-regress/bug621816.js
js/src/jit-test/tests/auto-regress/bug621988.js
js/src/jit-test/tests/auto-regress/bug622167.js
js/src/jit-test/tests/auto-regress/bug630770.js
js/src/jit-test/tests/auto-regress/bug634236.js
js/src/jit-test/tests/auto-regress/bug635389.js
js/src/jit-test/tests/auto-regress/bug637010.js
js/src/jit-test/tests/auto-regress/bug637205.js
js/src/jit-test/tests/auto-regress/bug638212.js
js/src/jit-test/tests/auto-regress/bug638735.js
js/src/jit-test/tests/auto-regress/bug639413.js
js/src/jit-test/tests/auto-regress/bug640079.js
js/src/jit-test/tests/auto-regress/bug643670.js
js/src/jit-test/tests/auto-regress/bug643847.js
js/src/jit-test/tests/auto-regress/bug647464.js
js/src/jit-test/tests/auto-regress/bug648729.js
js/src/jit-test/tests/auto-regress/bug648739.js
js/src/jit-test/tests/auto-regress/bug648747.js
js/src/jit-test/tests/auto-regress/bug648839.js
js/src/jit-test/tests/auto-regress/bug648852.js
js/src/jit-test/tests/auto-regress/bug648992.js
js/src/jit-test/tests/auto-regress/bug648999.js
js/src/jit-test/tests/auto-regress/bug649017.js
js/src/jit-test/tests/auto-regress/bug649937.js
js/src/jit-test/tests/auto-regress/bug650574.js
js/src/jit-test/tests/auto-regress/bug650658.js
js/src/jit-test/tests/auto-regress/bug651827.js
js/src/jit-test/tests/auto-regress/bug652177.js
js/src/jit-test/tests/auto-regress/bug653395.js
js/src/jit-test/tests/auto-regress/bug653789.js
js/src/jit-test/tests/auto-regress/bug654392.js
js/src/jit-test/tests/auto-regress/bug654665.js
js/src/jit-test/tests/auto-regress/bug655507.js
js/src/jit-test/tests/auto-regress/bug655940.js
js/src/jit-test/tests/auto-regress/bug655950.js
js/src/jit-test/tests/auto-regress/bug657198.js
js/src/jit-test/tests/auto-regress/bug657586.js
js/src/jit-test/tests/auto-regress/bug657986.js
js/src/jit-test/tests/auto-regress/bug658803.js
js/src/jit-test/tests/auto-regress/bug659077.js
js/src/jit-test/tests/auto-regress/bug659779.js
js/src/jit-test/tests/auto-regress/bug661840.js
js/src/jit-test/tests/auto-regress/bug662132.js
js/src/jit-test/tests/auto-regress/bug664951.js
js/src/jit-test/tests/auto-regress/bug665914.js
js/src/jit-test/tests/auto-regress/bug666305.js
js/src/jit-test/tests/auto-regress/bug666599.js
js/src/jit-test/tests/auto-regress/bug667824.js
js/src/jit-test/tests/auto-regress/bug668206.js
js/src/jit-test/tests/auto-regress/bug669044.js
js/src/jit-test/tests/auto-regress/bug672104.js
js/src/jit-test/tests/auto-regress/bug673792.js
js/src/jit-test/tests/auto-regress/bug674843.js
js/src/jit-test/tests/auto-regress/bug675251.js
js/src/jit-test/tests/auto-regress/bug675520.js
js/src/jit-test/tests/auto-regress/bug677386.js
js/src/jit-test/tests/auto-regress/bug677587.js
js/src/jit-test/tests/auto-regress/bug677977.js
js/src/jit-test/tests/auto-regress/bug678086.js
js/src/jit-test/tests/auto-regress/bug678090.js
js/src/jit-test/tests/auto-regress/bug678529.js
js/src/jit-test/tests/auto-regress/bug679799.js
js/src/jit-test/tests/auto-regress/bug679810.js
js/src/jit-test/tests/auto-regress/bug680797.js
js/src/jit-test/tests/auto-regress/bug682252.js
js/src/jit-test/tests/auto-regress/bug682298.js
js/src/jit-test/tests/auto-regress/bug682563.js
js/src/jit-test/tests/auto-regress/bug684281.js
js/src/jit-test/tests/auto-regress/bug685472.js
js/src/jit-test/tests/auto-regress/bug686107.js
js/src/jit-test/tests/auto-regress/bug686179.js
js/src/jit-test/tests/auto-regress/bug687099.js
js/src/jit-test/tests/auto-regress/bug687102.js
js/src/jit-test/tests/auto-regress/bug687125.js
js/src/jit-test/tests/auto-regress/bug687399.js
js/src/jit-test/tests/auto-regress/bug688968.js
js/src/jit-test/tests/auto-regress/bug688974.js
js/src/jit-test/tests/auto-regress/bug689892.js
js/src/jit-test/tests/auto-regress/bug690650.js
js/src/jit-test/tests/auto-regress/bug690933.js
js/src/jit-test/tests/auto-regress/bug691595.js
js/src/jit-test/tests/auto-regress/bug692300.js
js/src/jit-test/tests/auto-regress/bug692366.js
js/src/jit-test/tests/auto-regress/bug693144.js
js/src/jit-test/tests/auto-regress/bug693971.js
js/src/jit-test/tests/auto-regress/bug694438.js
js/src/jit-test/tests/auto-regress/bug695290.js
js/src/jit-test/tests/auto-regress/bug696039.js
js/src/jit-test/tests/auto-regress/bug697255.js
js/src/jit-test/tests/auto-regress/bug698074.js
js/src/jit-test/tests/auto-regress/bug698148.js
js/src/jit-test/tests/auto-regress/bug698150.js
js/src/jit-test/tests/auto-regress/bug698899.js
js/src/jit-test/tests/auto-regress/bug699674.js
js/src/jit-test/tests/auto-regress/bug700127.js
js/src/jit-test/tests/auto-regress/bug700295.js
js/src/jit-test/tests/auto-regress/bug701248.js
js/src/jit-test/tests/auto-regress/bug701332.js
js/src/jit-test/tests/auto-regress/bug702003.js
js/src/jit-test/tests/auto-regress/bug702915.js
js/src/jit-test/tests/auto-regress/bug704136.js
js/src/jit-test/tests/auto-regress/bug710192.js
js/src/jit-test/tests/auto-regress/bug713209.js
js/src/jit-test/tests/auto-regress/bug713944.js
js/src/jit-test/tests/auto-regress/bug715682.js
js/src/jit-test/tests/auto-regress/bug716512.js
js/src/jit-test/tests/auto-regress/bug717249.js
js/src/jit-test/tests/auto-regress/bug717251.js
js/src/jit-test/tests/auto-regress/bug718347.js
js/src/jit-test/tests/auto-regress/bug719686.js
js/src/jit-test/tests/auto-regress/bug720380.js
js/src/jit-test/tests/auto-regress/bug720396.js
js/src/jit-test/tests/auto-regress/bug721497.js
js/src/jit-test/tests/auto-regress/bug722021.js
js/src/jit-test/tests/auto-regress/bug722023.js
js/src/jit-test/tests/auto-regress/bug722260.js
js/src/jit-test/tests/auto-regress/bug724875.js
js/src/jit-test/tests/auto-regress/bug726636.js
js/src/jit-test/tests/auto-regress/bug726799.js
js/src/jit-test/tests/auto-regress/bug727330.js
js/src/jit-test/tests/auto-regress/bug728509.js
js/src/jit-test/tests/auto-regress/bug729571.js
js/src/jit-test/tests/auto-regress/bug729797.js
js/src/jit-test/tests/auto-regress/bug729886.js
js/src/jit-test/tests/auto-regress/bug730806.js
js/src/jit-test/tests/auto-regress/bug732719.js
js/src/jit-test/tests/auto-regress/bug732852.js
js/src/jit-test/tests/auto-regress/bug732855.js
js/src/jit-test/tests/auto-regress/bug732856.js
js/src/jit-test/tests/auto-regress/bug732857.js
js/src/jit-test/tests/auto-regress/bug732861.js
js/src/jit-test/tests/auto-regress/bug735313.js
js/src/jit-test/tests/auto-regress/bug735936.js
js/src/jit-test/tests/auto-regress/bug736609.js
js/src/jit-test/tests/auto-regress/bug737300.js
js/src/jit-test/tests/auto-regress/bug737737.js
js/src/jit-test/tests/auto-regress/bug739402.js
js/src/jit-test/tests/auto-regress/bug739901.js
js/src/jit-test/tests/auto-regress/bug740509.js
js/src/jit-test/tests/auto-regress/bug740654.js
js/src/jit-test/tests/auto-regress/bug741199.js
js/src/jit-test/tests/auto-regress/bug743000.js
js/src/jit-test/tests/auto-regress/bug743071.js
js/src/jit-test/tests/auto-regress/bug743094.js
js/src/jit-test/tests/auto-regress/bug743096.js
js/src/jit-test/tests/auto-regress/bug743876.js
js/src/jit-test/tests/auto-regress/bug745452.js
js/src/jit-test/tests/auto-regress/bug746103.js
js/src/jit-test/tests/auto-regress/bug746376.js
js/src/jit-test/tests/auto-regress/bug746377.js
js/src/jit-test/tests/auto-regress/bug746397.js
js/src/jit-test/tests/auto-regress/bug748119.js
js/src/jit-test/tests/auto-regress/bug754712.js
js/src/jit-test/tests/auto-regress/bug754719.js
js/src/jit-test/tests/auto-regress/bug755639.js
js/src/jit-test/tests/auto-regress/bug755750.js
js/src/jit-test/tests/auto-regress/bug756236.js
js/src/jit-test/tests/auto-regress/bug757428.js
js/src/jit-test/tests/auto-regress/bug758164.js
js/src/jit-test/tests/auto-regress/bug759306.js
js/src/jit-test/tests/auto-regress/bug759719.js
js/src/jit-test/tests/auto-regress/bug761864.js
js/src/jit-test/tests/auto-regress/bug762324.js
js/src/jit-test/tests/auto-regress/bug763039.js
js/src/jit-test/tests/auto-regress/bug763989.js
js/src/jit-test/tests/auto-regress/bug765055.js
js/src/jit-test/tests/auto-regress/bug765483.js
js/src/jit-test/tests/auto-regress/bug766065.js
js/src/jit-test/tests/auto-regress/bug767679.js
js/src/jit-test/tests/auto-regress/bug769192.js
js/src/jit-test/tests/auto-regress/bug770713.js
js/src/jit-test/tests/auto-regress/bug771027.js
js/src/jit-test/tests/auto-regress/bug771157.js
js/src/jit-test/tests/auto-regress/bug771946.js
js/src/jit-test/tests/auto-regress/bug778557.js
js/src/jit-test/tests/auto-regress/bug779390.js
js/src/jit-test/tests/auto-regress/bug779818.js
js/src/jit-test/tests/auto-regress/bug779850.js
js/src/jit-test/tests/auto-regress/bug780003.js
js/src/jit-test/tests/auto-regress/bug781364.js
js/src/jit-test/tests/auto-regress/bug781855.js
js/src/jit-test/tests/auto-regress/bug782083.js
js/src/jit-test/tests/auto-regress/bug782129.js
js/src/jit-test/tests/auto-regress/bug783421.js
js/src/jit-test/tests/auto-regress/bug785089.js
js/src/jit-test/tests/auto-regress/bug785305.js
js/src/jit-test/tests/auto-regress/bug785576.js
js/src/jit-test/tests/auto-regress/bug785776.js
js/src/jit-test/tests/auto-regress/bug790921.js
js/src/jit-test/tests/auto-regress/bug795937.js
js/src/jit-test/tests/auto-regress/bug797493.js
js/src/jit-test/tests/auto-regress/bug800878.js
js/src/jit-test/tests/auto-regress/bug811606.js
js/src/jit-test/tests/auto-regress/bug811612.js
js/src/jit-test/tests/auto-regress/bug811616.js
js/src/jit-test/tests/auto-regress/bug812235.js
js/src/jit-test/tests/auto-regress/bug813029.js
js/src/jit-test/tests/auto-regress/bug829795.js
js/src/jit-test/tests/auto-regress/bug829813.js
js/src/jit-test/tests/auto-regress/bug909441.js
js/src/jit-test/tests/auto-regress/bug912379.js
js/src/jit-test/tests/baseline/accessor-ic-shape-replacement.js
js/src/jit-test/tests/baseline/arraySubclassPropertyLookup.js
js/src/jit-test/tests/baseline/bug1024444.js
js/src/jit-test/tests/baseline/bug1054330.js
js/src/jit-test/tests/baseline/bug1063878.js
js/src/jit-test/tests/baseline/bug1095870.js
js/src/jit-test/tests/baseline/bug1097585.js
js/src/jit-test/tests/baseline/bug1153458.js
js/src/jit-test/tests/baseline/bug1182866.js
js/src/jit-test/tests/baseline/bug1209585.js
js/src/jit-test/tests/baseline/bug1216140.js
js/src/jit-test/tests/baseline/bug836742.js
js/src/jit-test/tests/baseline/bug840984.js
js/src/jit-test/tests/baseline/bug841718.js
js/src/jit-test/tests/baseline/bug842313.js
js/src/jit-test/tests/baseline/bug842316.js
js/src/jit-test/tests/baseline/bug842317.js
js/src/jit-test/tests/baseline/bug842319.js
js/src/jit-test/tests/baseline/bug842429.js
js/src/jit-test/tests/baseline/bug842430.js
js/src/jit-test/tests/baseline/bug842431-1.js
js/src/jit-test/tests/baseline/bug842431-2.js
js/src/jit-test/tests/baseline/bug842431-3.js
js/src/jit-test/tests/baseline/bug842432.js
js/src/jit-test/tests/baseline/bug843429.js
js/src/jit-test/tests/baseline/bug843444.js
js/src/jit-test/tests/baseline/bug843811-1.js
js/src/jit-test/tests/baseline/bug843811-2.js
js/src/jit-test/tests/baseline/bug843811-3.js
js/src/jit-test/tests/baseline/bug843886.js
js/src/jit-test/tests/baseline/bug844383.js
js/src/jit-test/tests/baseline/bug844464.js
js/src/jit-test/tests/baseline/bug844467.js
js/src/jit-test/tests/baseline/bug844470.js
js/src/jit-test/tests/baseline/bug844828.js
js/src/jit-test/tests/baseline/bug845331.js
js/src/jit-test/tests/baseline/bug847410.js
js/src/jit-test/tests/baseline/bug847425.js
js/src/jit-test/tests/baseline/bug847446.js
js/src/jit-test/tests/baseline/bug847484.js
js/src/jit-test/tests/baseline/bug847678.js
js/src/jit-test/tests/baseline/bug848743-1.js
js/src/jit-test/tests/baseline/bug848743-2.js
js/src/jit-test/tests/baseline/bug852175.js
js/src/jit-test/tests/baseline/bug852801.js
js/src/jit-test/tests/baseline/bug857580.js
js/src/jit-test/tests/baseline/bug877589.js
js/src/jit-test/tests/baseline/bug881461.js
js/src/jit-test/tests/baseline/bug892787-1.js
js/src/jit-test/tests/baseline/bug892787-2.js
js/src/jit-test/tests/baseline/bug916039.js
js/src/jit-test/tests/baseline/bug934427.js
js/src/jit-test/tests/baseline/bug936403.js
js/src/jit-test/tests/baseline/bug938130.js
js/src/jit-test/tests/baseline/bug940972.js
js/src/jit-test/tests/baseline/callee.js
js/src/jit-test/tests/baseline/classConstructor-AnyScripted.js
js/src/jit-test/tests/baseline/funcall-array.js
js/src/jit-test/tests/baseline/funcall.js
js/src/jit-test/tests/baseline/getter_setter.js
js/src/jit-test/tests/baseline/metadata-hook-on-stack.js
js/src/jit-test/tests/baseline/no-such-property-getprop.js
js/src/jit-test/tests/baseline/setcall.js
js/src/jit-test/tests/baseline/try-finally-1.js
js/src/jit-test/tests/baseline/try-finally-2.js
js/src/jit-test/tests/baseline/try-finally-3.js
js/src/jit-test/tests/baseline/try-finally-osr.js
js/src/jit-test/tests/basic/FPQuadCmp.js
js/src/jit-test/tests/basic/__proto__-not-prototype-mutation-ion.js
js/src/jit-test/tests/basic/__proto__-not-prototype-mutation.js
js/src/jit-test/tests/basic/adjacent-trycatch-second-nested.js
js/src/jit-test/tests/basic/argumentsPassedToBuiltin.js
js/src/jit-test/tests/basic/arityMismatchExtraArg.js
js/src/jit-test/tests/basic/arityMismatchMissingArg.js
js/src/jit-test/tests/basic/array-copyWithin.js
js/src/jit-test/tests/basic/array-length-double.js
js/src/jit-test/tests/basic/array-proto-outofrange.js
js/src/jit-test/tests/basic/array-slice.js
js/src/jit-test/tests/basic/array-tosource.js
js/src/jit-test/tests/basic/arrayConcat.js
js/src/jit-test/tests/basic/arrayNatives.js
js/src/jit-test/tests/basic/arrayPopShift.js
js/src/jit-test/tests/basic/arrayProto.js
js/src/jit-test/tests/basic/bigLoadStoreDisp.js
js/src/jit-test/tests/basic/bindname-in-strict-eval.js
js/src/jit-test/tests/basic/bitwiseAnd.js
js/src/jit-test/tests/basic/bitwiseGlobal.js
js/src/jit-test/tests/basic/bug-1133377.js
js/src/jit-test/tests/basic/bug-1198090.js
js/src/jit-test/tests/basic/bug-508061.js
js/src/jit-test/tests/basic/bug-826124.js
js/src/jit-test/tests/basic/bug1001090-1.js
js/src/jit-test/tests/basic/bug1001090-2.js
js/src/jit-test/tests/basic/bug1001090-3.js
js/src/jit-test/tests/basic/bug1001090-4.js
js/src/jit-test/tests/basic/bug1001090-5.js
js/src/jit-test/tests/basic/bug1001090-6.js
js/src/jit-test/tests/basic/bug1003161.js
js/src/jit-test/tests/basic/bug1008339.js
js/src/jit-test/tests/basic/bug1013922.js
js/src/jit-test/tests/basic/bug1015339.js
js/src/jit-test/tests/basic/bug1015766.js
js/src/jit-test/tests/basic/bug1018620.js
js/src/jit-test/tests/basic/bug1024786.js
js/src/jit-test/tests/basic/bug1033946.js
js/src/jit-test/tests/basic/bug1035287-track-allocation-sites-recursion.js
js/src/jit-test/tests/basic/bug1035325.js
js/src/jit-test/tests/basic/bug1054243.js
js/src/jit-test/tests/basic/bug1057571.js
js/src/jit-test/tests/basic/bug1059459.js
js/src/jit-test/tests/basic/bug1061534.js
js/src/jit-test/tests/basic/bug1066414.js
js/src/jit-test/tests/basic/bug1078871.js
js/src/jit-test/tests/basic/bug1081175.js
js/src/jit-test/tests/basic/bug1085464.js
js/src/jit-test/tests/basic/bug1091757.js
js/src/jit-test/tests/basic/bug1100623.js
js/src/jit-test/tests/basic/bug1106982-2.js
js/src/jit-test/tests/basic/bug1106982.js
js/src/jit-test/tests/basic/bug1113980.js
js/src/jit-test/tests/basic/bug1118996.js
js/src/jit-test/tests/basic/bug1122534.js
js/src/jit-test/tests/basic/bug1127303.js
js/src/jit-test/tests/basic/bug1131035.js
js/src/jit-test/tests/basic/bug1134146.js
js/src/jit-test/tests/basic/bug1135718.js
js/src/jit-test/tests/basic/bug1137616.js
js/src/jit-test/tests/basic/bug1141154.js
js/src/jit-test/tests/basic/bug1141329.js
js/src/jit-test/tests/basic/bug1141338.js
js/src/jit-test/tests/basic/bug1143106.js
js/src/jit-test/tests/basic/bug1146836.js
js/src/jit-test/tests/basic/bug1147216.js
js/src/jit-test/tests/basic/bug1153057.js
js/src/jit-test/tests/basic/bug1161762.js
js/src/jit-test/tests/basic/bug1168667.js
js/src/jit-test/tests/basic/bug1170355.js
js/src/jit-test/tests/basic/bug1172503-2.js
js/src/jit-test/tests/basic/bug1172503.js
js/src/jit-test/tests/basic/bug1177907.js
js/src/jit-test/tests/basic/bug1180054.js
js/src/jit-test/tests/basic/bug1182865.js
js/src/jit-test/tests/basic/bug1185653.js
js/src/jit-test/tests/basic/bug1189744.js
js/src/jit-test/tests/basic/bug1190733.js
js/src/jit-test/tests/basic/bug1195452.js
js/src/jit-test/tests/basic/bug1196579.js
js/src/jit-test/tests/basic/bug1200108.js
js/src/jit-test/tests/basic/bug1203790.js
js/src/jit-test/tests/basic/bug1204722.js
js/src/jit-test/tests/basic/bug1205870.js
js/src/jit-test/tests/basic/bug1206265.js
js/src/jit-test/tests/basic/bug1207863.js
js/src/jit-test/tests/basic/bug1208403.js
js/src/jit-test/tests/basic/bug1210596.js
js/src/jit-test/tests/basic/bug1219363.js
js/src/jit-test/tests/basic/bug1220766.js
js/src/jit-test/tests/basic/bug1232269.js
js/src/jit-test/tests/basic/bug1237564.js
js/src/jit-test/tests/basic/bug464403.js
js/src/jit-test/tests/basic/bug465902.js
js/src/jit-test/tests/basic/bug504587-1.js
js/src/jit-test/tests/basic/bug507180.js
js/src/jit-test/tests/basic/bug509639.js
js/src/jit-test/tests/basic/bug509982.js
js/src/jit-test/tests/basic/bug510434.js
js/src/jit-test/tests/basic/bug510437-2.js
js/src/jit-test/tests/basic/bug510437.js
js/src/jit-test/tests/basic/bug510655.js
js/src/jit-test/tests/basic/bug511214.js
js/src/jit-test/tests/basic/bug511241.js
js/src/jit-test/tests/basic/bug513038.js
js/src/jit-test/tests/basic/bug513898-regexp.js
js/src/jit-test/tests/basic/bug516009.js
js/src/jit-test/tests/basic/bug517721.js
js/src/jit-test/tests/basic/bug519129.js
js/src/jit-test/tests/basic/bug520498.js
js/src/jit-test/tests/basic/bug522136.js
js/src/jit-test/tests/basic/bug522817.js
js/src/jit-test/tests/basic/bug524826-2.js
js/src/jit-test/tests/basic/bug524826.js
js/src/jit-test/tests/basic/bug525028.js
js/src/jit-test/tests/basic/bug527288.js
js/src/jit-test/tests/basic/bug528116.js
js/src/jit-test/tests/basic/bug528644.js
js/src/jit-test/tests/basic/bug532568-2.js
js/src/jit-test/tests/basic/bug532568.js
js/src/jit-test/tests/basic/bug532823.js
js/src/jit-test/tests/basic/bug535474.js
js/src/jit-test/tests/basic/bug535760.js
js/src/jit-test/tests/basic/bug535930.js
js/src/jit-test/tests/basic/bug536445.js
js/src/jit-test/tests/basic/bug536748.js
js/src/jit-test/tests/basic/bug539379.js
js/src/jit-test/tests/basic/bug539553-2.js
js/src/jit-test/tests/basic/bug539553-3.js
js/src/jit-test/tests/basic/bug539553.js
js/src/jit-test/tests/basic/bug541191-1.js
js/src/jit-test/tests/basic/bug541191-2.js
js/src/jit-test/tests/basic/bug541191-3.js
js/src/jit-test/tests/basic/bug541191-4.js
js/src/jit-test/tests/basic/bug541191-5.js
js/src/jit-test/tests/basic/bug547911-1.js
js/src/jit-test/tests/basic/bug547911-2.js
js/src/jit-test/tests/basic/bug551705.js
js/src/jit-test/tests/basic/bug552196.js
js/src/jit-test/tests/basic/bug557841.js
js/src/jit-test/tests/basic/bug558530.js
js/src/jit-test/tests/basic/bug558531.js
js/src/jit-test/tests/basic/bug558814.js
js/src/jit-test/tests/basic/bug559912.js
js/src/jit-test/tests/basic/bug560234.js
js/src/jit-test/tests/basic/bug560234b.js
js/src/jit-test/tests/basic/bug561279.js
js/src/jit-test/tests/basic/bug561359-1.js
js/src/jit-test/tests/basic/bug561359-2.js
js/src/jit-test/tests/basic/bug563125.js
js/src/jit-test/tests/basic/bug563243.js
js/src/jit-test/tests/basic/bug566136.js
js/src/jit-test/tests/basic/bug566637.js
js/src/jit-test/tests/basic/bug568276.js
js/src/jit-test/tests/basic/bug569651.js
js/src/jit-test/tests/basic/bug569849.js
js/src/jit-test/tests/basic/bug570385-1.js
js/src/jit-test/tests/basic/bug570385-2.js
js/src/jit-test/tests/basic/bug570385-3.js
js/src/jit-test/tests/basic/bug570663-1.js
js/src/jit-test/tests/basic/bug570663-2.js
js/src/jit-test/tests/basic/bug572229.js
js/src/jit-test/tests/basic/bug572232.js
js/src/jit-test/tests/basic/bug576823-regexp.js
js/src/jit-test/tests/basic/bug576837-regexp.js
js/src/jit-test/tests/basic/bug576891.js
js/src/jit-test/tests/basic/bug578041.js
js/src/jit-test/tests/basic/bug579740.js
js/src/jit-test/tests/basic/bug582161.js
js/src/jit-test/tests/basic/bug582479.js
js/src/jit-test/tests/basic/bug583757.js
js/src/jit-test/tests/basic/bug584499-1.js
js/src/jit-test/tests/basic/bug584499-2.js
js/src/jit-test/tests/basic/bug584565.js
js/src/jit-test/tests/basic/bug584603.js
js/src/jit-test/tests/basic/bug585542.js
js/src/jit-test/tests/basic/bug586499-regexp.js
js/src/jit-test/tests/basic/bug586917.js
js/src/jit-test/tests/basic/bug587346-regexp-01.js
js/src/jit-test/tests/basic/bug587366.js
js/src/jit-test/tests/basic/bug589318.js
js/src/jit-test/tests/basic/bug590006.js
js/src/jit-test/tests/basic/bug590036.js
js/src/jit-test/tests/basic/bug592927.js
js/src/jit-test/tests/basic/bug593611.js
js/src/jit-test/tests/basic/bug593663-regexp.js
js/src/jit-test/tests/basic/bug594108.js
js/src/jit-test/tests/basic/bug594205.js
js/src/jit-test/tests/basic/bug595963-1.js
js/src/jit-test/tests/basic/bug595963-2.js
js/src/jit-test/tests/basic/bug596351-1.js
js/src/jit-test/tests/basic/bug596351-2.js
js/src/jit-test/tests/basic/bug599854.js
js/src/jit-test/tests/basic/bug601046.js
js/src/jit-test/tests/basic/bug601398.js
js/src/jit-test/tests/basic/bug601401.js
js/src/jit-test/tests/basic/bug601428.js
js/src/jit-test/tests/basic/bug602088.js
js/src/jit-test/tests/basic/bug605015.js
js/src/jit-test/tests/basic/bug605754-regexp.js
js/src/jit-test/tests/basic/bug606083.js
js/src/jit-test/tests/basic/bug606882-1.js
js/src/jit-test/tests/basic/bug606882-2.js
js/src/jit-test/tests/basic/bug608313.js
js/src/jit-test/tests/basic/bug608980.js
js/src/jit-test/tests/basic/bug609502-1.js
js/src/jit-test/tests/basic/bug609502-2.js
js/src/jit-test/tests/basic/bug609502-3.js
js/src/jit-test/tests/basic/bug610592.js
js/src/jit-test/tests/basic/bug613122.js
js/src/jit-test/tests/basic/bug613151.js
js/src/jit-test/tests/basic/bug613399.js
js/src/jit-test/tests/basic/bug614688.js
js/src/jit-test/tests/basic/bug614915.js
js/src/jit-test/tests/basic/bug616009.js
js/src/jit-test/tests/basic/bug616170.js
js/src/jit-test/tests/basic/bug616762.js
js/src/jit-test/tests/basic/bug617139.js
js/src/jit-test/tests/basic/bug617171.js
js/src/jit-test/tests/basic/bug617745.js
js/src/jit-test/tests/basic/bug618350.js
js/src/jit-test/tests/basic/bug618577.js
js/src/jit-test/tests/basic/bug618853.js
js/src/jit-test/tests/basic/bug619004.js
js/src/jit-test/tests/basic/bug619338.js
js/src/jit-test/tests/basic/bug620532.js
js/src/jit-test/tests/basic/bug620838.js
js/src/jit-test/tests/basic/bug621022-1.js
js/src/jit-test/tests/basic/bug621022-2.js
js/src/jit-test/tests/basic/bug621487.js
js/src/jit-test/tests/basic/bug623859.js
js/src/jit-test/tests/basic/bug623863.js
js/src/jit-test/tests/basic/bug624041-1.js
js/src/jit-test/tests/basic/bug624041-2.js
js/src/jit-test/tests/basic/bug625141-1.js
js/src/jit-test/tests/basic/bug625141-2.js
js/src/jit-test/tests/basic/bug625399.js
js/src/jit-test/tests/basic/bug626398.js
js/src/jit-test/tests/basic/bug627609.js
js/src/jit-test/tests/basic/bug627692-1.js
js/src/jit-test/tests/basic/bug627692-2.js
js/src/jit-test/tests/basic/bug629858.js
js/src/jit-test/tests/basic/bug630377.js
js/src/jit-test/tests/basic/bug630865-5.js
js/src/jit-test/tests/basic/bug630865-6.js
js/src/jit-test/tests/basic/bug631082.js
js/src/jit-test/tests/basic/bug631219.js
js/src/jit-test/tests/basic/bug631305.js
js/src/jit-test/tests/basic/bug631788.js
js/src/jit-test/tests/basic/bug632778-1.js
js/src/jit-test/tests/basic/bug632778-2.js
js/src/jit-test/tests/basic/bug632901.js
js/src/jit-test/tests/basic/bug632964-regexp.js
js/src/jit-test/tests/basic/bug633409-1.js
js/src/jit-test/tests/basic/bug633409-2.js
js/src/jit-test/tests/basic/bug633752.js
js/src/jit-test/tests/basic/bug633828.js
js/src/jit-test/tests/basic/bug634593.js
js/src/jit-test/tests/basic/bug635417.js
js/src/jit-test/tests/basic/bug638981.js
js/src/jit-test/tests/basic/bug639126.js
js/src/jit-test/tests/basic/bug639128.js
js/src/jit-test/tests/basic/bug639311.js
js/src/jit-test/tests/basic/bug639591.js
js/src/jit-test/tests/basic/bug639759.js
js/src/jit-test/tests/basic/bug639797.js
js/src/jit-test/tests/basic/bug639807.js
js/src/jit-test/tests/basic/bug640078.js
js/src/jit-test/tests/basic/bug640203.js
js/src/jit-test/tests/basic/bug640993.js
js/src/jit-test/tests/basic/bug641224.js
js/src/jit-test/tests/basic/bug641229.js
js/src/jit-test/tests/basic/bug641231.js
js/src/jit-test/tests/basic/bug641235.js
js/src/jit-test/tests/basic/bug641491.js
js/src/jit-test/tests/basic/bug641525.js
js/src/jit-test/tests/basic/bug641563.js
js/src/jit-test/tests/basic/bug641741.js
js/src/jit-test/tests/basic/bug642154.js
js/src/jit-test/tests/basic/bug642161.js
js/src/jit-test/tests/basic/bug642164.js
js/src/jit-test/tests/basic/bug642206.js
js/src/jit-test/tests/basic/bug642248.js
js/src/jit-test/tests/basic/bug642254.js
js/src/jit-test/tests/basic/bug642319.js
js/src/jit-test/tests/basic/bug642326.js
js/src/jit-test/tests/basic/bug642422.js
js/src/jit-test/tests/basic/bug642569.js
js/src/jit-test/tests/basic/bug642592.js
js/src/jit-test/tests/basic/bug642758.js
js/src/jit-test/tests/basic/bug642772-1.js
js/src/jit-test/tests/basic/bug642772-2.js
js/src/jit-test/tests/basic/bug642772-3.js
js/src/jit-test/tests/basic/bug642894.js
js/src/jit-test/tests/basic/bug642985-1.js
js/src/jit-test/tests/basic/bug642985-2.js
js/src/jit-test/tests/basic/bug643113.js
js/src/jit-test/tests/basic/bug643169.js
js/src/jit-test/tests/basic/bug643243.js
js/src/jit-test/tests/basic/bug643244.js
js/src/jit-test/tests/basic/bug643249.js
js/src/jit-test/tests/basic/bug643285.js
js/src/jit-test/tests/basic/bug643733.js
js/src/jit-test/tests/basic/bug645293.js
js/src/jit-test/tests/basic/bug645632.js
js/src/jit-test/tests/basic/bug646393.js
js/src/jit-test/tests/basic/bug646968-3.js
js/src/jit-test/tests/basic/bug646968-4.js
js/src/jit-test/tests/basic/bug646968-5.js
js/src/jit-test/tests/basic/bug646968-6.js
js/src/jit-test/tests/basic/bug646968-7.js
js/src/jit-test/tests/basic/bug646968-8.js
js/src/jit-test/tests/basic/bug647463.js
js/src/jit-test/tests/basic/bug648357.js
js/src/jit-test/tests/basic/bug648773.js
js/src/jit-test/tests/basic/bug649439.js
js/src/jit-test/tests/basic/bug649771.js
js/src/jit-test/tests/basic/bug649939.js
js/src/jit-test/tests/basic/bug650148.js
js/src/jit-test/tests/basic/bug651451-2.js
js/src/jit-test/tests/basic/bug651451.js
js/src/jit-test/tests/basic/bug651966.js
js/src/jit-test/tests/basic/bug652054.js
js/src/jit-test/tests/basic/bug652060.js
js/src/jit-test/tests/basic/bug652422.js
js/src/jit-test/tests/basic/bug652646.js
js/src/jit-test/tests/basic/bug653153.js
js/src/jit-test/tests/basic/bug653262.js
js/src/jit-test/tests/basic/bug653438.js
js/src/jit-test/tests/basic/bug653672.js
js/src/jit-test/tests/basic/bug654073.js
js/src/jit-test/tests/basic/bug654668.js
js/src/jit-test/tests/basic/bug656261.js
js/src/jit-test/tests/basic/bug657197.js
js/src/jit-test/tests/basic/bug657225.js
js/src/jit-test/tests/basic/bug657227.js
js/src/jit-test/tests/basic/bug657245.js
js/src/jit-test/tests/basic/bug657901.js
js/src/jit-test/tests/basic/bug658539.js
js/src/jit-test/tests/basic/bug660081.js
js/src/jit-test/tests/basic/bug660173.js
js/src/jit-test/tests/basic/bug660203.js
js/src/jit-test/tests/basic/bug660204.js
js/src/jit-test/tests/basic/bug660597.js
js/src/jit-test/tests/basic/bug662044.js
js/src/jit-test/tests/basic/bug662562.js
js/src/jit-test/tests/basic/bug662841.js
js/src/jit-test/tests/basic/bug663338.js
js/src/jit-test/tests/basic/bug665289.js
js/src/jit-test/tests/basic/bug666448.js
js/src/jit-test/tests/basic/bug667504-syntax.js
js/src/jit-test/tests/basic/bug667507.js
js/src/jit-test/tests/basic/bug673468.js
js/src/jit-test/tests/basic/bug673469.js
js/src/jit-test/tests/basic/bug673569.js
js/src/jit-test/tests/basic/bug673705-1.js
js/src/jit-test/tests/basic/bug673705-2.js
js/src/jit-test/tests/basic/bug673715.js
js/src/jit-test/tests/basic/bug673731.js
js/src/jit-test/tests/basic/bug673766.js
js/src/jit-test/tests/basic/bug673767.js
js/src/jit-test/tests/basic/bug674085.js
js/src/jit-test/tests/basic/bug674776.js
js/src/jit-test/tests/basic/bug675889.js
js/src/jit-test/tests/basic/bug677635.js
js/src/jit-test/tests/basic/bug677957-1.js
js/src/jit-test/tests/basic/bug677957-2.js
js/src/jit-test/tests/basic/bug678087.js
js/src/jit-test/tests/basic/bug678211.js
js/src/jit-test/tests/basic/bug679977.js
js/src/jit-test/tests/basic/bug679986-1.js
js/src/jit-test/tests/basic/bug679986-2.js
js/src/jit-test/tests/basic/bug680217.js
js/src/jit-test/tests/basic/bug683140.js
js/src/jit-test/tests/basic/bug683838.js
js/src/jit-test/tests/basic/bug684922.js
js/src/jit-test/tests/basic/bug685313.js
js/src/jit-test/tests/basic/bug685321-1.js
js/src/jit-test/tests/basic/bug685321-2.js
js/src/jit-test/tests/basic/bug686296.js
js/src/jit-test/tests/basic/bug686396.js
js/src/jit-test/tests/basic/bug688939.js
js/src/jit-test/tests/basic/bug689916-regexp.js
js/src/jit-test/tests/basic/bug690292.js
js/src/jit-test/tests/basic/bug690732.js
js/src/jit-test/tests/basic/bug691797-regexp-1.js
js/src/jit-test/tests/basic/bug691797-regexp-2.js
js/src/jit-test/tests/basic/bug695922-syntax.js
js/src/jit-test/tests/basic/bug696748.js
js/src/jit-test/tests/basic/bug699166.js
js/src/jit-test/tests/basic/bug700300.js
js/src/jit-test/tests/basic/bug700501.js
js/src/jit-test/tests/basic/bug702426-regexp-gc.js
js/src/jit-test/tests/basic/bug702572.js
js/src/jit-test/tests/basic/bug703157.js
js/src/jit-test/tests/basic/bug703544.js
js/src/jit-test/tests/basic/bug703818.js
js/src/jit-test/tests/basic/bug704134.js
js/src/jit-test/tests/basic/bug704795.js
js/src/jit-test/tests/basic/bug705895-1.js
js/src/jit-test/tests/basic/bug705895-2.js
js/src/jit-test/tests/basic/bug706316.js
js/src/jit-test/tests/basic/bug706795.js
js/src/jit-test/tests/basic/bug706808.js
js/src/jit-test/tests/basic/bug707750.js
js/src/jit-test/tests/basic/bug708228.js
js/src/jit-test/tests/basic/bug708819.js
js/src/jit-test/tests/basic/bug709634.js
js/src/jit-test/tests/basic/bug710947.js
js/src/jit-test/tests/basic/bug713226.js
js/src/jit-test/tests/basic/bug714614.js
js/src/jit-test/tests/basic/bug714616.js
js/src/jit-test/tests/basic/bug716013.js
js/src/jit-test/tests/basic/bug718852.js
js/src/jit-test/tests/basic/bug719750.js
js/src/jit-test/tests/basic/bug720070.js
js/src/jit-test/tests/basic/bug720675.js
js/src/jit-test/tests/basic/bug722028.js
js/src/jit-test/tests/basic/bug727223.js
js/src/jit-test/tests/basic/bug727921.js
js/src/jit-test/tests/basic/bug728086.js
js/src/jit-test/tests/basic/bug728190.js
js/src/jit-test/tests/basic/bug728609.js
js/src/jit-test/tests/basic/bug730085.js
js/src/jit-test/tests/basic/bug730888.js
js/src/jit-test/tests/basic/bug731642.js
js/src/jit-test/tests/basic/bug732693.js
js/src/jit-test/tests/basic/bug737251.js
js/src/jit-test/tests/basic/bug737384.js
js/src/jit-test/tests/basic/bug738841.js
js/src/jit-test/tests/basic/bug738846.js
js/src/jit-test/tests/basic/bug739694-1.js
js/src/jit-test/tests/basic/bug739694-2.js
js/src/jit-test/tests/basic/bug743961.js
js/src/jit-test/tests/basic/bug744285.js
js/src/jit-test/tests/basic/bug744287.js
js/src/jit-test/tests/basic/bug744356.js
js/src/jit-test/tests/basic/bug745360.js
js/src/jit-test/tests/basic/bug749039.js
js/src/jit-test/tests/basic/bug749620.js
js/src/jit-test/tests/basic/bug750307.js
js/src/jit-test/tests/basic/bug751139.js
js/src/jit-test/tests/basic/bug754150.js
js/src/jit-test/tests/basic/bug754242.js
js/src/jit-test/tests/basic/bug756851.js
js/src/jit-test/tests/basic/bug757199.js
js/src/jit-test/tests/basic/bug757431.js
js/src/jit-test/tests/basic/bug763440.js
js/src/jit-test/tests/basic/bug767074.js
js/src/jit-test/tests/basic/bug767234.js
js/src/jit-test/tests/basic/bug767273.js
js/src/jit-test/tests/basic/bug768732.js
js/src/jit-test/tests/basic/bug769433.js
js/src/jit-test/tests/basic/bug770952.js
js/src/jit-test/tests/basic/bug773153.js
js/src/jit-test/tests/basic/bug774859.js
js/src/jit-test/tests/basic/bug777776.js
js/src/jit-test/tests/basic/bug777992.js
js/src/jit-test/tests/basic/bug781393.js
js/src/jit-test/tests/basic/bug782337.js
js/src/jit-test/tests/basic/bug783989.js
js/src/jit-test/tests/basic/bug785094.js
js/src/jit-test/tests/basic/bug785175.js
js/src/jit-test/tests/basic/bug786114.js
js/src/jit-test/tests/basic/bug787309.js
js/src/jit-test/tests/basic/bug787847.js
js/src/jit-test/tests/basic/bug787848.js
js/src/jit-test/tests/basic/bug790629-1.js
js/src/jit-test/tests/basic/bug790629-2.js
js/src/jit-test/tests/basic/bug790629-3.js
js/src/jit-test/tests/basic/bug790629-4.js
js/src/jit-test/tests/basic/bug791465.js
js/src/jit-test/tests/basic/bug792239.js
js/src/jit-test/tests/basic/bug794025.js
js/src/jit-test/tests/basic/bug794286.js
js/src/jit-test/tests/basic/bug794947.js
js/src/jit-test/tests/basic/bug797495.js
js/src/jit-test/tests/basic/bug797496.js
js/src/jit-test/tests/basic/bug798678.js
js/src/jit-test/tests/basic/bug798834.js
js/src/jit-test/tests/basic/bug806522.js
js/src/jit-test/tests/basic/bug807623.js
js/src/jit-test/tests/basic/bug808067.js
js/src/jit-test/tests/basic/bug808483.js
js/src/jit-test/tests/basic/bug817002.js
js/src/jit-test/tests/basic/bug820124-1.js
js/src/jit-test/tests/basic/bug820124-2.js
js/src/jit-test/tests/basic/bug820124-3.js
js/src/jit-test/tests/basic/bug820124-4.js
js/src/jit-test/tests/basic/bug821103.js
js/src/jit-test/tests/basic/bug821850.js
js/src/jit-test/tests/basic/bug823310.js
js/src/jit-test/tests/basic/bug824856.js
js/src/jit-test/tests/basic/bug826581.js
js/src/jit-test/tests/basic/bug827104.js
js/src/jit-test/tests/basic/bug829795.js
js/src/jit-test/tests/basic/bug829813.js
js/src/jit-test/tests/basic/bug829821.js
js/src/jit-test/tests/basic/bug830045.js
js/src/jit-test/tests/basic/bug830049.js
js/src/jit-test/tests/basic/bug830967.js
js/src/jit-test/tests/basic/bug831658.js
js/src/jit-test/tests/basic/bug831846.js
js/src/jit-test/tests/basic/bug832197-1.js
js/src/jit-test/tests/basic/bug832197-2.js
js/src/jit-test/tests/basic/bug832203.js
js/src/jit-test/tests/basic/bug836563.js
js/src/jit-test/tests/basic/bug836601.js
js/src/jit-test/tests/basic/bug836623.js
js/src/jit-test/tests/basic/bug839420.js
js/src/jit-test/tests/basic/bug842425.js
js/src/jit-test/tests/basic/bug842482.js
js/src/jit-test/tests/basic/bug842940.js
js/src/jit-test/tests/basic/bug846080.js
js/src/jit-test/tests/basic/bug851635.js
js/src/jit-test/tests/basic/bug851756.js
js/src/jit-test/tests/basic/bug852016-2.js
js/src/jit-test/tests/basic/bug852016.js
js/src/jit-test/tests/basic/bug854124.js
js/src/jit-test/tests/basic/bug854137.js
js/src/jit-test/tests/basic/bug855088.js
js/src/jit-test/tests/basic/bug858097.js
js/src/jit-test/tests/basic/bug862228.js
js/src/jit-test/tests/basic/bug863084.js
js/src/jit-test/tests/basic/bug867946.js
js/src/jit-test/tests/basic/bug876226.js
js/src/jit-test/tests/basic/bug877378.js
js/src/jit-test/tests/basic/bug880377.js
js/src/jit-test/tests/basic/bug882416.js
js/src/jit-test/tests/basic/bug883523.js
js/src/jit-test/tests/basic/bug883623.js
js/src/jit-test/tests/basic/bug884920.js
js/src/jit-test/tests/basic/bug885648.js
js/src/jit-test/tests/basic/bug886803.js
js/src/jit-test/tests/basic/bug908915.js
js/src/jit-test/tests/basic/bug911368.js
js/src/jit-test/tests/basic/bug913445.js
js/src/jit-test/tests/basic/bug920484.js
js/src/jit-test/tests/basic/bug934789-1.js
js/src/jit-test/tests/basic/bug934789-2.js
js/src/jit-test/tests/basic/bug934997.js
js/src/jit-test/tests/basic/bug935294.js
js/src/jit-test/tests/basic/bug937089.js
js/src/jit-test/tests/basic/bug942390.js
js/src/jit-test/tests/basic/bug943126.js
js/src/jit-test/tests/basic/bug950725.js
js/src/jit-test/tests/basic/bug951213.js
js/src/jit-test/tests/basic/bug951346.js
js/src/jit-test/tests/basic/bug951632.js
js/src/jit-test/tests/basic/bug970643.js
js/src/jit-test/tests/basic/bug972961.js
js/src/jit-test/tests/basic/bug976446.js
js/src/jit-test/tests/basic/bug980013.js
js/src/jit-test/tests/basic/bug980450.js
js/src/jit-test/tests/basic/bug984766.js
js/src/jit-test/tests/basic/builtinLocals.js
js/src/jit-test/tests/basic/call.js
js/src/jit-test/tests/basic/call2.js
js/src/jit-test/tests/basic/constAssignError.js
js/src/jit-test/tests/basic/constGlobalAssignError.js
js/src/jit-test/tests/basic/constant-folding-1.js
js/src/jit-test/tests/basic/construct-primitive-Function.prototype.prototype.js
js/src/jit-test/tests/basic/constructor-name.js
js/src/jit-test/tests/basic/createMandelSet.js
js/src/jit-test/tests/basic/cross-context-stack-1.js
js/src/jit-test/tests/basic/cross-global-for-in.js
js/src/jit-test/tests/basic/decompile-script.js
js/src/jit-test/tests/basic/deep2.js
js/src/jit-test/tests/basic/deepForInLoop.js
js/src/jit-test/tests/basic/defaultvalue-toString-is-noncallable-object-elem.js
js/src/jit-test/tests/basic/defaultvalue-toString-is-noncallable-object.js
js/src/jit-test/tests/basic/defaultvalue-valueOf-is-noncallable-object.js
js/src/jit-test/tests/basic/delete-array-elements.js
js/src/jit-test/tests/basic/delete-indexed-names.js
js/src/jit-test/tests/basic/delete-integer-nonid.js
js/src/jit-test/tests/basic/delete-named-names.js
js/src/jit-test/tests/basic/delete-non-config.js
js/src/jit-test/tests/basic/deleteToString.js
js/src/jit-test/tests/basic/dense-elements-appear.js
js/src/jit-test/tests/basic/dense-elements-hole-negative.js
js/src/jit-test/tests/basic/dependentStrings.js
js/src/jit-test/tests/basic/destructuring-default.js
js/src/jit-test/tests/basic/destructuring-iterator.js
js/src/jit-test/tests/basic/destructuring-null-or-undefined-into-computed-property-name.js
js/src/jit-test/tests/basic/destructuring-requireobjectcoercible.js
js/src/jit-test/tests/basic/destructuring-rest-identifiers.js
js/src/jit-test/tests/basic/destructuring-rest.js
js/src/jit-test/tests/basic/display-url-in-stack-trace.js
js/src/jit-test/tests/basic/doMath.js
js/src/jit-test/tests/basic/dumpStringRepresentation.js
js/src/jit-test/tests/basic/eif-generator.js
js/src/jit-test/tests/basic/emulates-undefined.js
js/src/jit-test/tests/basic/equalInt.js
js/src/jit-test/tests/basic/error-stack-accessors.js
js/src/jit-test/tests/basic/error-toString.js
js/src/jit-test/tests/basic/eval-scopes.js
js/src/jit-test/tests/basic/evalInWorker-stack-limit.js
js/src/jit-test/tests/basic/evaluate-catchTermination.js
js/src/jit-test/tests/basic/evaluate-restore-options.js
js/src/jit-test/tests/basic/evaluate-worker.js
js/src/jit-test/tests/basic/exception-column-number.js
js/src/jit-test/tests/basic/expression-autopsy.js
js/src/jit-test/tests/basic/fannkuch.js
js/src/jit-test/tests/basic/finally-implicit-return.js
js/src/jit-test/tests/basic/firstSlotConflict.js
js/src/jit-test/tests/basic/folding-bug767660.js
js/src/jit-test/tests/basic/forVarInWith.js
js/src/jit-test/tests/basic/function-apply-proxy.js
js/src/jit-test/tests/basic/function-bind.js
js/src/jit-test/tests/basic/function-cloning-1.js
js/src/jit-test/tests/basic/function-cloning-2.js
js/src/jit-test/tests/basic/function-gname.js
js/src/jit-test/tests/basic/function-tosource-bug779694.js
js/src/jit-test/tests/basic/function-tosource-constructor.js
js/src/jit-test/tests/basic/function-tosource-exprbody-bug777834.js
js/src/jit-test/tests/basic/function-tosource-exprbody.js
js/src/jit-test/tests/basic/function-tosource-func-proto.js
js/src/jit-test/tests/basic/function-tosource-getset.js
js/src/jit-test/tests/basic/function-tosource-lambda.js
js/src/jit-test/tests/basic/function-tosource-statement.js
js/src/jit-test/tests/basic/function-tosource-strict.js
js/src/jit-test/tests/basic/functionRedeclConst.js
js/src/jit-test/tests/basic/functionRedeclGlobalConst.js
js/src/jit-test/tests/basic/functionRedeclLet.js
js/src/jit-test/tests/basic/functionnames.js
js/src/jit-test/tests/basic/getelem.js
js/src/jit-test/tests/basic/getprop.js
js/src/jit-test/tests/basic/globalGet.js
js/src/jit-test/tests/basic/globalOptimize-1.js
js/src/jit-test/tests/basic/globalSet.js
js/src/jit-test/tests/basic/homogenous-literals.js
js/src/jit-test/tests/basic/html-extensions.js
js/src/jit-test/tests/basic/hypot-approx.js
js/src/jit-test/tests/basic/hypot-exact.js
js/src/jit-test/tests/basic/ifInsideLoop.js
js/src/jit-test/tests/basic/inArrayTest.js
js/src/jit-test/tests/basic/inObjectTest.js
js/src/jit-test/tests/basic/indexed-iteration.js
js/src/jit-test/tests/basic/indexof-equal.js
js/src/jit-test/tests/basic/innerLoopIntOuterDouble.js
js/src/jit-test/tests/basic/inner_double_outer_int.js
js/src/jit-test/tests/basic/iterable-error-messages.js
js/src/jit-test/tests/basic/joinTest.js
js/src/jit-test/tests/basic/lazyparse.js
js/src/jit-test/tests/basic/letTDZAfterInitializer.js
js/src/jit-test/tests/basic/letTDZDelete.js
js/src/jit-test/tests/basic/letTDZEffectful.js
js/src/jit-test/tests/basic/letTDZSwitchClosure.js
js/src/jit-test/tests/basic/local.js
js/src/jit-test/tests/basic/matchInLoop.js
js/src/jit-test/tests/basic/math-jit-tests.js
js/src/jit-test/tests/basic/math-random.js
js/src/jit-test/tests/basic/mathImul.js
js/src/jit-test/tests/basic/mathRoundBig.js
js/src/jit-test/tests/basic/maxConvertAllArgs.js
js/src/jit-test/tests/basic/merge_type_maps.js
js/src/jit-test/tests/basic/metadata-hook.js
js/src/jit-test/tests/basic/missingArgTest.js
js/src/jit-test/tests/basic/missingArgTest2.js
js/src/jit-test/tests/basic/mod.js
js/src/jit-test/tests/basic/multiple-declared-args-syntax.js
js/src/jit-test/tests/basic/mutable-proto-teleporting.js
js/src/jit-test/tests/basic/name-inactive-del.js
js/src/jit-test/tests/basic/name-inactive-eval-del.js
js/src/jit-test/tests/basic/name-inactive-inferflags.js
js/src/jit-test/tests/basic/name-inactive.js
js/src/jit-test/tests/basic/name.js
js/src/jit-test/tests/basic/nestedContinue.js
js/src/jit-test/tests/basic/nestedExit2.js
js/src/jit-test/tests/basic/nestedExitLoop.js
js/src/jit-test/tests/basic/new-Function-prototype.js
js/src/jit-test/tests/basic/new-bound-function.js
js/src/jit-test/tests/basic/new-read-before-write.js
js/src/jit-test/tests/basic/newArrayTest.js
js/src/jit-test/tests/basic/newTargetOSR.js
js/src/jit-test/tests/basic/newTargetRectifier.js
js/src/jit-test/tests/basic/newTest.js
js/src/jit-test/tests/basic/non-extensible-array.js
js/src/jit-test/tests/basic/nonEmptyStack1.js
js/src/jit-test/tests/basic/nonEmptyStack2.js
js/src/jit-test/tests/basic/null-filename-Error.js
js/src/jit-test/tests/basic/number-isfinite.js
js/src/jit-test/tests/basic/number-isinteger.js
js/src/jit-test/tests/basic/number-isnan.js
js/src/jit-test/tests/basic/object-is.js
js/src/jit-test/tests/basic/object-lookup-shadowing.js
js/src/jit-test/tests/basic/object-loose-equality.js
js/src/jit-test/tests/basic/object-shorthand.js
js/src/jit-test/tests/basic/offThreadCompileScript-01.js
js/src/jit-test/tests/basic/offThreadCompileScript-02.js
js/src/jit-test/tests/basic/orNaNTest1.js
js/src/jit-test/tests/basic/orNaNTest2.js
js/src/jit-test/tests/basic/outerline.js
js/src/jit-test/tests/basic/parseIntTests.js
js/src/jit-test/tests/basic/parsingNumbers.js
js/src/jit-test/tests/basic/perf-smoketest.js
js/src/jit-test/tests/basic/primitiveProto.js
js/src/jit-test/tests/basic/properly-remove-timeout-root-before-shutdown.js
js/src/jit-test/tests/basic/property-enumeration-order.js
js/src/jit-test/tests/basic/proxy-assign-inherited.js
js/src/jit-test/tests/basic/putargsNoReturn.js
js/src/jit-test/tests/basic/putargsReturn.js
js/src/jit-test/tests/basic/regexp-multiline.js
js/src/jit-test/tests/basic/regexp-removed-dot-star.js
js/src/jit-test/tests/basic/regexp-reset-input.js
js/src/jit-test/tests/basic/regexp-sticky-undef-capture.js
js/src/jit-test/tests/basic/regexp-test-direct-bug-694752.js
js/src/jit-test/tests/basic/regexp-undefined-match.js
js/src/jit-test/tests/basic/regexpLastIndex.js
js/src/jit-test/tests/basic/relazify-selfhosted.js
js/src/jit-test/tests/basic/relazify.js
js/src/jit-test/tests/basic/runOnceClosures.js
js/src/jit-test/tests/basic/save-frame-chain.js
js/src/jit-test/tests/basic/setArgumentsLength.js
js/src/jit-test/tests/basic/setArgumentsLength2.js
js/src/jit-test/tests/basic/setCall.js
js/src/jit-test/tests/basic/setCallEvalMiddle.js
js/src/jit-test/tests/basic/setCallEvalMiddle2.js
js/src/jit-test/tests/basic/setCallGlobal.js
js/src/jit-test/tests/basic/setPrototypeOf.js
js/src/jit-test/tests/basic/setelem.js
js/src/jit-test/tests/basic/setprop-with-index.js
js/src/jit-test/tests/basic/setprop.js
js/src/jit-test/tests/basic/shapelessCalleeTest.js
js/src/jit-test/tests/basic/shell-principals.js
js/src/jit-test/tests/basic/shell-watchdog.js
js/src/jit-test/tests/basic/shifted-elements1.js
js/src/jit-test/tests/basic/shifted-elements2.js
js/src/jit-test/tests/basic/shifted-elements3.js
js/src/jit-test/tests/basic/shifted-elements4-unshift.js
js/src/jit-test/tests/basic/shifted-elements4.js
js/src/jit-test/tests/basic/shifted-elements5.js
js/src/jit-test/tests/basic/shifted-elements6.js
js/src/jit-test/tests/basic/shifted-elements7.js
js/src/jit-test/tests/basic/singleton.js
js/src/jit-test/tests/basic/sleep-without-timeout.js
js/src/jit-test/tests/basic/splice-675164.js
js/src/jit-test/tests/basic/splice-call-plain-object-590780.js
js/src/jit-test/tests/basic/splice-check-steps.js
js/src/jit-test/tests/basic/splice-delete-non-configurable-during-shrink.js
js/src/jit-test/tests/basic/splice-fail-step-16.js
js/src/jit-test/tests/basic/splice-huge-array-finishes.js
js/src/jit-test/tests/basic/splice-on-arguments.js
js/src/jit-test/tests/basic/splice-throwing-length-getter-668024.js
js/src/jit-test/tests/basic/spread-array-bug842884.js
js/src/jit-test/tests/basic/spread-array-decompile.js
js/src/jit-test/tests/basic/spread-array-evaluation-order.js
js/src/jit-test/tests/basic/spread-array-invalid-syntax.js
js/src/jit-test/tests/basic/spread-array-wrap.js
js/src/jit-test/tests/basic/spread-array.js
js/src/jit-test/tests/basic/spread-call-eval.js
js/src/jit-test/tests/basic/spread-call-evaluation-order.js
js/src/jit-test/tests/basic/spread-call-funapply.js
js/src/jit-test/tests/basic/spread-call-funcall.js
js/src/jit-test/tests/basic/spread-call-invalid-syntax.js
js/src/jit-test/tests/basic/spread-call-length.js
js/src/jit-test/tests/basic/spread-call-maxarg.js
js/src/jit-test/tests/basic/spread-call-near-maxarg.js
js/src/jit-test/tests/basic/spread-call-new.js
js/src/jit-test/tests/basic/spread-call-not-iterable.js
js/src/jit-test/tests/basic/spread-call-optimized.js
js/src/jit-test/tests/basic/spread-call-recursion.js
js/src/jit-test/tests/basic/spread-call-setcall.js
js/src/jit-test/tests/basic/spread-call-this-strict.js
js/src/jit-test/tests/basic/spread-call-this.js
js/src/jit-test/tests/basic/spread-call.js
js/src/jit-test/tests/basic/statement-after-return.js
js/src/jit-test/tests/basic/strict-catch-ident-syntax.js
js/src/jit-test/tests/basic/strict-compare-same-operands.js
js/src/jit-test/tests/basic/strict-eval-loop-error.js
js/src/jit-test/tests/basic/strictParseIntOctal.js
js/src/jit-test/tests/basic/string-endswith.js
js/src/jit-test/tests/basic/string-includes.js
js/src/jit-test/tests/basic/string-regexp-capture-groups.js
js/src/jit-test/tests/basic/string-repeat.js
js/src/jit-test/tests/basic/string-startswith.js
js/src/jit-test/tests/basic/stringConvert.js
js/src/jit-test/tests/basic/stringSplitIntoArrayTest.js
js/src/jit-test/tests/basic/stringSplitTest.js
js/src/jit-test/tests/basic/strings.js
js/src/jit-test/tests/basic/symbol-in-loop.js
js/src/jit-test/tests/basic/syntax-error-function-body-eof.js
js/src/jit-test/tests/basic/syntax-error-primary.js
js/src/jit-test/tests/basic/syntax-error-throw.js
js/src/jit-test/tests/basic/syntax-error-toplevel-eof.js
js/src/jit-test/tests/basic/tagTempl.js
js/src/jit-test/tests/basic/teleporting-mutable-proto.js
js/src/jit-test/tests/basic/terminate.js
js/src/jit-test/tests/basic/test-apply-many-args.js
js/src/jit-test/tests/basic/test-error-accessors-with-wrappers.js
js/src/jit-test/tests/basic/test-jitinfo.js
js/src/jit-test/tests/basic/test586387.js
js/src/jit-test/tests/basic/testAbortedImacroDecompilation.js
js/src/jit-test/tests/basic/testAccessCanonicalArgInGetElem.js
js/src/jit-test/tests/basic/testAddAnyInconvertibleObject.js
js/src/jit-test/tests/basic/testAddInconvertibleObjectAny.js
js/src/jit-test/tests/basic/testAddInconvertibleObjectInconvertibleObject.js
js/src/jit-test/tests/basic/testAddNull.js
js/src/jit-test/tests/basic/testAddUndefined.js
js/src/jit-test/tests/basic/testAliasedLet.js
js/src/jit-test/tests/basic/testApply.js
js/src/jit-test/tests/basic/testApplyArrayInline.js
js/src/jit-test/tests/basic/testApplyAtJoinPoint.js
js/src/jit-test/tests/basic/testApplyCall.js
js/src/jit-test/tests/basic/testApplyInterpretLowered.js
js/src/jit-test/tests/basic/testApplyInterpretLowered2.js
js/src/jit-test/tests/basic/testApplySpeculationFailInCompiler.js
js/src/jit-test/tests/basic/testApplyUnbox.js
js/src/jit-test/tests/basic/testArgumentsOptimizationFailCornerCase.js
js/src/jit-test/tests/basic/testArgumentsPropLookup.js
js/src/jit-test/tests/basic/testArrayBufferSlice.js
js/src/jit-test/tests/basic/testArrayBufferTransfer.js
js/src/jit-test/tests/basic/testArrayComp1.js
js/src/jit-test/tests/basic/testArrayComp2.js
js/src/jit-test/tests/basic/testArrayConcat.js
js/src/jit-test/tests/basic/testArrayDensityChange.js
js/src/jit-test/tests/basic/testArrayInWithIndexedProto.js
js/src/jit-test/tests/basic/testArrayNaNIndex.js
js/src/jit-test/tests/basic/testArrayNamedProp.js
js/src/jit-test/tests/basic/testArrayPushPop.js
js/src/jit-test/tests/basic/testAssigningWatchedDeletedProperty.js
js/src/jit-test/tests/basic/testAssignmentThatIgnoresSetterRetval.js
js/src/jit-test/tests/basic/testAtomize.js
js/src/jit-test/tests/basic/testBitOrAnyInconvertibleObject.js
js/src/jit-test/tests/basic/testBitOrInconvertibleObjectAny.js
js/src/jit-test/tests/basic/testBitOrInconvertibleObjectInconvertibleObject.js
js/src/jit-test/tests/basic/testBitopWithConstan.js
js/src/jit-test/tests/basic/testBitwise.js
js/src/jit-test/tests/basic/testBoolToString.js
js/src/jit-test/tests/basic/testBoxDoubleWithDoubleSizedInt.js
js/src/jit-test/tests/basic/testBranchCse.js
js/src/jit-test/tests/basic/testBranchingLoop.js
js/src/jit-test/tests/basic/testBranchingUnstableLoop.js
js/src/jit-test/tests/basic/testBranchingUnstableLoopCounter.js
js/src/jit-test/tests/basic/testBranchingUnstableObject.js
js/src/jit-test/tests/basic/testBrandedVsGeneric.js
js/src/jit-test/tests/basic/testBug1126754.js
js/src/jit-test/tests/basic/testBug458838.js
js/src/jit-test/tests/basic/testBug462388.js
js/src/jit-test/tests/basic/testBug462407.js
js/src/jit-test/tests/basic/testBug463490.js
js/src/jit-test/tests/basic/testBug465261.js
js/src/jit-test/tests/basic/testBug465272.js
js/src/jit-test/tests/basic/testBug465483.js
js/src/jit-test/tests/basic/testBug465688.js
js/src/jit-test/tests/basic/testBug466128.js
js/src/jit-test/tests/basic/testBug466262.js
js/src/jit-test/tests/basic/testBug474769.js
js/src/jit-test/tests/basic/testBug501690.js
js/src/jit-test/tests/basic/testBug502914.js
js/src/jit-test/tests/basic/testBug504520.js
js/src/jit-test/tests/basic/testBug504520Harder.js
js/src/jit-test/tests/basic/testBug507425.js
js/src/jit-test/tests/basic/testBug520503-1.js
js/src/jit-test/tests/basic/testBug520503-2.js
js/src/jit-test/tests/basic/testBug520503-3.js
js/src/jit-test/tests/basic/testBug529147.js
js/src/jit-test/tests/basic/testBug547791.js
js/src/jit-test/tests/basic/testBug550210.js
js/src/jit-test/tests/basic/testBug552248.js
js/src/jit-test/tests/basic/testBug554043.js
js/src/jit-test/tests/basic/testBug555484.js
js/src/jit-test/tests/basic/testBug558446.js
js/src/jit-test/tests/basic/testBug560098.js
js/src/jit-test/tests/basic/testBug566556.js
js/src/jit-test/tests/basic/testBug578044.js
js/src/jit-test/tests/basic/testBug579602.js
js/src/jit-test/tests/basic/testBug579646.js
js/src/jit-test/tests/basic/testBug582766.js
js/src/jit-test/tests/basic/testBug584650.js
js/src/jit-test/tests/basic/testBug586866.js
js/src/jit-test/tests/basic/testBug593559.js
js/src/jit-test/tests/basic/testBug595916.js
js/src/jit-test/tests/basic/testBug602413.js
js/src/jit-test/tests/basic/testBug603193.js
js/src/jit-test/tests/basic/testBug604210.js
js/src/jit-test/tests/basic/testBug606138.js
js/src/jit-test/tests/basic/testBug607659.js
js/src/jit-test/tests/basic/testBug614653.js
js/src/jit-test/tests/basic/testBug614752.js
js/src/jit-test/tests/basic/testBug616454.js
js/src/jit-test/tests/basic/testBug621202.js
js/src/jit-test/tests/basic/testBug628564.js
js/src/jit-test/tests/basic/testBug629974.js
js/src/jit-test/tests/basic/testBug630064.js
js/src/jit-test/tests/basic/testBug634590.js
js/src/jit-test/tests/basic/testBug634590b.js
js/src/jit-test/tests/basic/testBug634590c.js
js/src/jit-test/tests/basic/testBug634590d.js
js/src/jit-test/tests/basic/testBug634590ma.js
js/src/jit-test/tests/basic/testBug637014.js
js/src/jit-test/tests/basic/testBug648438.js
js/src/jit-test/tests/basic/testBug653396.js
js/src/jit-test/tests/basic/testBug659577-1.js
js/src/jit-test/tests/basic/testBug659577-2.js
js/src/jit-test/tests/basic/testBug660734.js
js/src/jit-test/tests/basic/testBug663789-1.js
js/src/jit-test/tests/basic/testBug663789-2.js
js/src/jit-test/tests/basic/testBug666003.js
js/src/jit-test/tests/basic/testBug667915.js
js/src/jit-test/tests/basic/testBug668479.js
js/src/jit-test/tests/basic/testBug672436.js
js/src/jit-test/tests/basic/testBug673066.js
js/src/jit-test/tests/basic/testBug673068.js
js/src/jit-test/tests/basic/testBug676486.js
js/src/jit-test/tests/basic/testBug686274.js
js/src/jit-test/tests/basic/testBug690959.js
js/src/jit-test/tests/basic/testBug692274-2.js
js/src/jit-test/tests/basic/testBug692274-3.js
js/src/jit-test/tests/basic/testBug701227.js
js/src/jit-test/tests/basic/testBug701239.js
js/src/jit-test/tests/basic/testBug701244.js
js/src/jit-test/tests/basic/testBug703857.js
js/src/jit-test/tests/basic/testBug704351.js
js/src/jit-test/tests/basic/testBug705423.js
js/src/jit-test/tests/basic/testBug705879.js
js/src/jit-test/tests/basic/testBug709929.js
js/src/jit-test/tests/basic/testBug714650.js
js/src/jit-test/tests/basic/testBug720695.js
js/src/jit-test/tests/basic/testBug723445.js
js/src/jit-test/tests/basic/testBug726380.js
js/src/jit-test/tests/basic/testBug731181.js
js/src/jit-test/tests/basic/testBug736012.js
js/src/jit-test/tests/basic/testBug736807.js
js/src/jit-test/tests/basic/testBug737388.js
js/src/jit-test/tests/basic/testBug737575.js
js/src/jit-test/tests/basic/testBug740442.js
js/src/jit-test/tests/basic/testBug740445.js
js/src/jit-test/tests/basic/testBug741497.js
js/src/jit-test/tests/basic/testBug743408.js
js/src/jit-test/tests/basic/testBug747554.js
js/src/jit-test/tests/basic/testBug752205.js
js/src/jit-test/tests/basic/testBug752379.js
js/src/jit-test/tests/basic/testBug753158.js
js/src/jit-test/tests/basic/testBug755916.js
js/src/jit-test/tests/basic/testBug756918.js
js/src/jit-test/tests/basic/testBug756919.js
js/src/jit-test/tests/basic/testBug761863.js
js/src/jit-test/tests/basic/testBug7618864.js
js/src/jit-test/tests/basic/testBug762105.js
js/src/jit-test/tests/basic/testBug762432.js
js/src/jit-test/tests/basic/testBug762450.js
js/src/jit-test/tests/basic/testBug762473.js
js/src/jit-test/tests/basic/testBug763384.js
js/src/jit-test/tests/basic/testBug763950.js
js/src/jit-test/tests/basic/testBug766064.js
js/src/jit-test/tests/basic/testBug769987.js
js/src/jit-test/tests/basic/testBug770407.js
js/src/jit-test/tests/basic/testBug772328.js
js/src/jit-test/tests/basic/testBug775801.js
js/src/jit-test/tests/basic/testBug775807.js
js/src/jit-test/tests/basic/testBug776191.js
js/src/jit-test/tests/basic/testBug778603.js
js/src/jit-test/tests/basic/testBug780288-1.js
js/src/jit-test/tests/basic/testBug780288-2.js
js/src/jit-test/tests/basic/testBug780712.js
js/src/jit-test/tests/basic/testBug783441.js
js/src/jit-test/tests/basic/testBug783540.js
js/src/jit-test/tests/basic/testBug783543.js
js/src/jit-test/tests/basic/testBug784639.js
js/src/jit-test/tests/basic/testBug840012.js
js/src/jit-test/tests/basic/testBug878429.js
js/src/jit-test/tests/basic/testBug895774.js
js/src/jit-test/tests/basic/testBug961969.js
js/src/jit-test/tests/basic/testCallApply.js
js/src/jit-test/tests/basic/testCallApplySpeculationFailed.js
js/src/jit-test/tests/basic/testCallElem.js
js/src/jit-test/tests/basic/testCallFunctionPrototypeInALoop.js
js/src/jit-test/tests/basic/testCallPick.js
js/src/jit-test/tests/basic/testCallProtoMethod.js
js/src/jit-test/tests/basic/testCaseAbort.js
js/src/jit-test/tests/basic/testCaseTypeMismatchBadness.js
js/src/jit-test/tests/basic/testChangingObjectWithLength.js
js/src/jit-test/tests/basic/testChangingTypeDuringRecording.js
js/src/jit-test/tests/basic/testClosedVarInExtensibleScope.js
js/src/jit-test/tests/basic/testClosingRecursion.js
js/src/jit-test/tests/basic/testClosureIncrSideExit.js
js/src/jit-test/tests/basic/testClosures.js
js/src/jit-test/tests/basic/testComparisons.js
js/src/jit-test/tests/basic/testCompileScript.js
js/src/jit-test/tests/basic/testConcatNWithSideEffects.js
js/src/jit-test/tests/basic/testCondSwitch1.js
js/src/jit-test/tests/basic/testCondSwitch2.js
js/src/jit-test/tests/basic/testCondSwitch3.js
js/src/jit-test/tests/basic/testConstDestructringArguments.js
js/src/jit-test/tests/basic/testConstIf.js
js/src/jit-test/tests/basic/testConstSwitch.js
js/src/jit-test/tests/basic/testConstSwitch2.js
js/src/jit-test/tests/basic/testConstantBooleanExpr.js
js/src/jit-test/tests/basic/testConstructorArgs-1.js
js/src/jit-test/tests/basic/testConstructorArgs-2.js
js/src/jit-test/tests/basic/testConstructorArgs-3.js
js/src/jit-test/tests/basic/testConstructorBail.js
js/src/jit-test/tests/basic/testContinue.js
js/src/jit-test/tests/basic/testContinueWithLabel.js
js/src/jit-test/tests/basic/testContinueWithLabel3.js
js/src/jit-test/tests/basic/testContinueWithLabel4.js
js/src/jit-test/tests/basic/testConvertibleObjectEqUndefined.js
js/src/jit-test/tests/basic/testCrossCompartmentTransparency.js
js/src/jit-test/tests/basic/testCrossCompartmentTransparency2.js
js/src/jit-test/tests/basic/testCustomIterator.js
js/src/jit-test/tests/basic/testDateNow.js
js/src/jit-test/tests/basic/testDecElem1.js
js/src/jit-test/tests/basic/testDecElem2.js
js/src/jit-test/tests/basic/testDecayingInnerLoop.js
js/src/jit-test/tests/basic/testDeepBail1.js
js/src/jit-test/tests/basic/testDeepBailFromHasInstance.js
js/src/jit-test/tests/basic/testDeepBailInMoreIter.js
js/src/jit-test/tests/basic/testDeepBailWhileRecording.js
js/src/jit-test/tests/basic/testDeepPropertyShadowing.js
js/src/jit-test/tests/basic/testDefinePropertyAcrossCompartment.js
js/src/jit-test/tests/basic/testDenseArrayProp.js
js/src/jit-test/tests/basic/testDenseToSlowArray.js
js/src/jit-test/tests/basic/testDestructuring.js
js/src/jit-test/tests/basic/testDestructuringFormalError.js
js/src/jit-test/tests/basic/testDestructuringVarInsideWith.js
js/src/jit-test/tests/basic/testDifferingArgc.js
js/src/jit-test/tests/basic/testDivModWithIntMin.js
js/src/jit-test/tests/basic/testDivOverflow.js
js/src/jit-test/tests/basic/testDivision.js
js/src/jit-test/tests/basic/testDivisionFloat.js
js/src/jit-test/tests/basic/testDivisionWithNegative1.js
js/src/jit-test/tests/basic/testDontClobberScannerError.js
js/src/jit-test/tests/basic/testDoubleComparison.js
js/src/jit-test/tests/basic/testDoubleToStr.js
js/src/jit-test/tests/basic/testDoubleZeroInSwitch1.js
js/src/jit-test/tests/basic/testDoubleZeroInSwitch2.js
js/src/jit-test/tests/basic/testDynamicLookup.js
js/src/jit-test/tests/basic/testDynamicUsage.js
js/src/jit-test/tests/basic/testElemDec1.js
js/src/jit-test/tests/basic/testElemDec2.js
js/src/jit-test/tests/basic/testElemInc1.js
js/src/jit-test/tests/basic/testElemInc2.js
js/src/jit-test/tests/basic/testEliminatedGuardWithinAnchor.js
js/src/jit-test/tests/basic/testEqFalseEmptyString.js
js/src/jit-test/tests/basic/testErrorInFinalizerCalledWhileUnwinding.js
js/src/jit-test/tests/basic/testEvalCalledFromWatchOverSetter.js
js/src/jit-test/tests/basic/testEvalInFrameEdgeCase.js
js/src/jit-test/tests/basic/testEvalInFunctionCallee.js
js/src/jit-test/tests/basic/testExistingPropToJoinedMethodAttempt-2.js
js/src/jit-test/tests/basic/testExistingPropToJoinedMethodAttempt-3.js
js/src/jit-test/tests/basic/testExistingPropToJoinedMethodAttempt-4.js
js/src/jit-test/tests/basic/testExistingPropToJoinedMethodAttempt.js
js/src/jit-test/tests/basic/testFakeDOMWeakmapKey.js
js/src/jit-test/tests/basic/testFewerGlobalsInInnerTree.js
js/src/jit-test/tests/basic/testFloatArrayIndex.js
js/src/jit-test/tests/basic/testFoldPropertyAccess.js
js/src/jit-test/tests/basic/testForEach.js
js/src/jit-test/tests/basic/testForInLoopChangeIteratorType.js
js/src/jit-test/tests/basic/testFunApplyMadness1.js
js/src/jit-test/tests/basic/testFunApplyMadness2.js
js/src/jit-test/tests/basic/testFunApplyMadness400.js
js/src/jit-test/tests/basic/testFunApplyMisspeculation.js
js/src/jit-test/tests/basic/testFunApplyOverflow.js
js/src/jit-test/tests/basic/testFunctionIdentityChange.js
js/src/jit-test/tests/basic/testFunctionStatementAliasLocals.js
js/src/jit-test/tests/basic/testFunctionStatementNamedArguments.js
js/src/jit-test/tests/basic/testGCWhileRecording.js
js/src/jit-test/tests/basic/testGeneratorDeepBail.js
js/src/jit-test/tests/basic/testGeneratorDieButScopeAlive.js
js/src/jit-test/tests/basic/testGetCallObj.js
js/src/jit-test/tests/basic/testGetThis.js
js/src/jit-test/tests/basic/testGlobalAsProto.js
js/src/jit-test/tests/basic/testGlobalMultitrees1.js
js/src/jit-test/tests/basic/testGlobalOptimize-2.js
js/src/jit-test/tests/basic/testGlobalOptimize-3.js
js/src/jit-test/tests/basic/testGlobalOptimize-4.js
js/src/jit-test/tests/basic/testGlobalOptimize-5.js
js/src/jit-test/tests/basic/testGlobalOptimize-6.js
js/src/jit-test/tests/basic/testGlobalProtoAccess.js
js/src/jit-test/tests/basic/testGlobalShapeChangeAfterDeepBail.js
js/src/jit-test/tests/basic/testGroupAssignment.js
js/src/jit-test/tests/basic/testGrowDenseArray.js
js/src/jit-test/tests/basic/testGuardCalleeSneakAttack.js
js/src/jit-test/tests/basic/testGuardCalleeSneakAttack2.js
js/src/jit-test/tests/basic/testHOTLOOPSize.js
js/src/jit-test/tests/basic/testHeavy.js
js/src/jit-test/tests/basic/testHeavy2.js
js/src/jit-test/tests/basic/testHoleInDenseArray.js
js/src/jit-test/tests/basic/testHolePushing.js
js/src/jit-test/tests/basic/testHolesAndIndexPropertiesOnThePrototype.js
js/src/jit-test/tests/basic/testINITELEM.js
js/src/jit-test/tests/basic/testImplicitThisMiss.js
js/src/jit-test/tests/basic/testIn.js
js/src/jit-test/tests/basic/testIncDec.js
js/src/jit-test/tests/basic/testIncDecReadOnly.js
js/src/jit-test/tests/basic/testIncElem1.js
js/src/jit-test/tests/basic/testIncElem2.js
js/src/jit-test/tests/basic/testIncElem3.js
js/src/jit-test/tests/basic/testIncElem4.js
js/src/jit-test/tests/basic/testInitPropOverMethod.js
js/src/jit-test/tests/basic/testInitPropWithIntName.js
js/src/jit-test/tests/basic/testInitProtoPrimitive.js
js/src/jit-test/tests/basic/testInitSingletons.js
js/src/jit-test/tests/basic/testInitSlowify.js
js/src/jit-test/tests/basic/testInitelemCond.js
js/src/jit-test/tests/basic/testInitelemWithFloatIndex.js
js/src/jit-test/tests/basic/testInitelemWithSetter.js
js/src/jit-test/tests/basic/testInnerMissingArgs.js
js/src/jit-test/tests/basic/testInnerSwitchBreak.js
js/src/jit-test/tests/basic/testInnerTreeMutatingUpvars.js
js/src/jit-test/tests/basic/testInt32ToId.js
js/src/jit-test/tests/basic/testIntFloor.js
js/src/jit-test/tests/basic/testIntOverflow.js
js/src/jit-test/tests/basic/testIntUnderflow.js
js/src/jit-test/tests/basic/testInterpreterReentry.js
js/src/jit-test/tests/basic/testInterpreterReentry2.js
js/src/jit-test/tests/basic/testInterpreterReentry3.js
js/src/jit-test/tests/basic/testInterpreterReentry4.js
js/src/jit-test/tests/basic/testInterpreterReentry5.js
js/src/jit-test/tests/basic/testInterpreterReentry6.js
js/src/jit-test/tests/basic/testInterpreterReentry7.js
js/src/jit-test/tests/basic/testInvalidCharCodeAt.js
js/src/jit-test/tests/basic/testInvertNullAfterNegateNull.js
js/src/jit-test/tests/basic/testIteratorReification.js
js/src/jit-test/tests/basic/testLambdaCtor.js
js/src/jit-test/tests/basic/testLambdaInitedVar.js
js/src/jit-test/tests/basic/testLengthInString.js
js/src/jit-test/tests/basic/testLengthOnNonNativeProto.js
js/src/jit-test/tests/basic/testLet.js
js/src/jit-test/tests/basic/testLetOverridingArgs.js
js/src/jit-test/tests/basic/testLetWithUnstableGlobal.js
js/src/jit-test/tests/basic/testLirBufOOM.js
js/src/jit-test/tests/basic/testLocaleCompare.js
js/src/jit-test/tests/basic/testLogicalNotNaN.js
js/src/jit-test/tests/basic/testLongNumToString.js
js/src/jit-test/tests/basic/testLoopWithUndefined1.js
js/src/jit-test/tests/basic/testLoopWithUndefined2.js
js/src/jit-test/tests/basic/testLoopingAccumulator.js
js/src/jit-test/tests/basic/testManyVars.js
js/src/jit-test/tests/basic/testMatchAsCondition.js
js/src/jit-test/tests/basic/testMatchStringObject.js
js/src/jit-test/tests/basic/testMathClz32.js
js/src/jit-test/tests/basic/testMathMinMax.js
js/src/jit-test/tests/basic/testMethodInc.js
js/src/jit-test/tests/basic/testMethodInit.js
js/src/jit-test/tests/basic/testMethodInitSafety.js
js/src/jit-test/tests/basic/testMethodSet.js
js/src/jit-test/tests/basic/testMethodWriteBarrier.js
js/src/jit-test/tests/basic/testMethodWriteBarrier2.js
js/src/jit-test/tests/basic/testMethodWriteBarrier3.js
js/src/jit-test/tests/basic/testMethodWriteBarrier4.js
js/src/jit-test/tests/basic/testMissingMethod.js
js/src/jit-test/tests/basic/testMissingMethod2.js
js/src/jit-test/tests/basic/testMissingProperties.js
js/src/jit-test/tests/basic/testModuloWithNegative1.js
js/src/jit-test/tests/basic/testModuloWithNegative2.js
js/src/jit-test/tests/basic/testMoreArgcThanNargs.js
js/src/jit-test/tests/basic/testMoreClosures.js
js/src/jit-test/tests/basic/testMulOverflow.js
js/src/jit-test/tests/basic/testMultipleArgumentsObjects.js
js/src/jit-test/tests/basic/testMultipleFunctionRedeclarations.js
js/src/jit-test/tests/basic/testMultiplePendingGlobalWrites.js
js/src/jit-test/tests/basic/testNEWINIT.js
js/src/jit-test/tests/basic/testNEWINIT_DOUBLE.js
js/src/jit-test/tests/basic/testNativeArgsRooting.js
js/src/jit-test/tests/basic/testNativeLog.js
js/src/jit-test/tests/basic/testNativeMax.js
js/src/jit-test/tests/basic/testNativeSetter.js
js/src/jit-test/tests/basic/testNegZero1.js
js/src/jit-test/tests/basic/testNegativeArrayLength.js
js/src/jit-test/tests/basic/testNegativeGETELEMIndex.js
js/src/jit-test/tests/basic/testNestedClosures.js
js/src/jit-test/tests/basic/testNestedDeepBail.js
js/src/jit-test/tests/basic/testNestedEscapingLambdas.js
js/src/jit-test/tests/basic/testNestedExitStackOuter.js
js/src/jit-test/tests/basic/testNestedForIn.js
js/src/jit-test/tests/basic/testNeutering.js
js/src/jit-test/tests/basic/testNewArrayCount.js
js/src/jit-test/tests/basic/testNewArrayCount2.js
js/src/jit-test/tests/basic/testNewObject.js
js/src/jit-test/tests/basic/testNewString.js
js/src/jit-test/tests/basic/testNewWithClone.js
js/src/jit-test/tests/basic/testNewWithNonNativeProto.js
js/src/jit-test/tests/basic/testNonStubGetter.js
js/src/jit-test/tests/basic/testNot.js
js/src/jit-test/tests/basic/testNullCallee.js
js/src/jit-test/tests/basic/testNullIncrement.js
js/src/jit-test/tests/basic/testNullRelCmp.js
js/src/jit-test/tests/basic/testNullToString.js
js/src/jit-test/tests/basic/testNumToString.js
js/src/jit-test/tests/basic/testNumberToString.js
js/src/jit-test/tests/basic/testOOMInAutoEnterCompartment.js
js/src/jit-test/tests/basic/testObjectConstructorReturningObject.js
js/src/jit-test/tests/basic/testObjectLength.js
js/src/jit-test/tests/basic/testObjectOrderedCmp.js
js/src/jit-test/tests/basic/testObjectOrderedCmp2.js
js/src/jit-test/tests/basic/testObjectToNumber.js
js/src/jit-test/tests/basic/testObjectToString.js
js/src/jit-test/tests/basic/testObjectVsPrototype.js
js/src/jit-test/tests/basic/testOverOOMInFixupArity.js
js/src/jit-test/tests/basic/testOverRecursed1.js
js/src/jit-test/tests/basic/testOverRecursed2.js
js/src/jit-test/tests/basic/testOverRecursed3.js
js/src/jit-test/tests/basic/testOverRecursed4.js
js/src/jit-test/tests/basic/testOverRecursed5.js
js/src/jit-test/tests/basic/testOverRecursed6.js
js/src/jit-test/tests/basic/testOverwrittenArgumentsWithUndefined.js
js/src/jit-test/tests/basic/testOwnPropertyWithInOperator.js
js/src/jit-test/tests/basic/testParseInt.js
js/src/jit-test/tests/basic/testPartialFlatClosure.js
js/src/jit-test/tests/basic/testPaths.js
js/src/jit-test/tests/basic/testPrimitiveConstructorPrototype.js
js/src/jit-test/tests/basic/testPropagatedFunArgs.js
js/src/jit-test/tests/basic/testProxyConstructors.js
js/src/jit-test/tests/basic/testProxyDefinePropertyWithMissingSetter.js
js/src/jit-test/tests/basic/testProxyPrototypes.js
js/src/jit-test/tests/basic/testPutOnEmptyArgsObject.js
js/src/jit-test/tests/basic/testReallyDeepNestedExit.js
js/src/jit-test/tests/basic/testRebranding.js
js/src/jit-test/tests/basic/testRebranding2.js
js/src/jit-test/tests/basic/testRegExpTest.js
js/src/jit-test/tests/basic/testRegexpGet.js
js/src/jit-test/tests/basic/testReplace2.js
js/src/jit-test/tests/basic/testReplaceMap.js
js/src/jit-test/tests/basic/testReplaceWithLambda.js
js/src/jit-test/tests/basic/testResumeOp.js
js/src/jit-test/tests/basic/testReverseArgTypes.js
js/src/jit-test/tests/basic/testRopeMarking.js
js/src/jit-test/tests/basic/testScriptCloning.js
js/src/jit-test/tests/basic/testScriptGetter_JSOP_CALLPROP-2.js
js/src/jit-test/tests/basic/testScriptGetter_JSOP_CALLPROP.js
js/src/jit-test/tests/basic/testScriptGetter_JSOP_GETARGPROP.js
js/src/jit-test/tests/basic/testScriptGetter_JSOP_GETLOCALPROP.js
js/src/jit-test/tests/basic/testScriptGetter_JSOP_GETPROP.js
js/src/jit-test/tests/basic/testScriptGetter_JSOP_GETTHISPROP.js
js/src/jit-test/tests/basic/testSetGetterOnlyProperty.js
js/src/jit-test/tests/basic/testSetPropNeitherMissNorHit.js
js/src/jit-test/tests/basic/testSetPropertyFail.js
js/src/jit-test/tests/basic/testSetProtoRegeneratesObjectShape.js
js/src/jit-test/tests/basic/testSetelemWithFloatIndex.js
js/src/jit-test/tests/basic/testSettingWatchPointOnReadOnlyProp.js
js/src/jit-test/tests/basic/testShiftLeft.js
js/src/jit-test/tests/basic/testShiftRightArithmetic.js
js/src/jit-test/tests/basic/testShiftRightLogical.js
js/src/jit-test/tests/basic/testSlowArrayLength.js
js/src/jit-test/tests/basic/testSlowArrayPop.js
js/src/jit-test/tests/basic/testSlowArrayPopMultiFrame.js
js/src/jit-test/tests/basic/testSlowArrayPopNestedTrees.js
js/src/jit-test/tests/basic/testSlowNativeBail.js
js/src/jit-test/tests/basic/testSlowNativeCtor.js
js/src/jit-test/tests/basic/testSlowNativeWithNullThis.js
js/src/jit-test/tests/basic/testStaticEvalScope.js
js/src/jit-test/tests/basic/testStaticsInRegExp.js
js/src/jit-test/tests/basic/testStrict.js
js/src/jit-test/tests/basic/testString.js
js/src/jit-test/tests/basic/testStringBufferMallocAccounting.js
js/src/jit-test/tests/basic/testStringConstructorWithExtraArg.js
js/src/jit-test/tests/basic/testStringIncrement.js
js/src/jit-test/tests/basic/testStringLengthNoTinyId.js
js/src/jit-test/tests/basic/testStringObjectLength.js
js/src/jit-test/tests/basic/testStringResolve.js
js/src/jit-test/tests/basic/testStringToInt32.js
js/src/jit-test/tests/basic/testStringToNumber.js
js/src/jit-test/tests/basic/testStringify.js
js/src/jit-test/tests/basic/testSubstring.js
js/src/jit-test/tests/basic/testSuppressDeletedProperty.js
js/src/jit-test/tests/basic/testSwitch.js
js/src/jit-test/tests/basic/testSwitchString.js
js/src/jit-test/tests/basic/testSwitchUndefined.js
js/src/jit-test/tests/basic/testTableSwitch1.js
js/src/jit-test/tests/basic/testTableSwitch2.js
js/src/jit-test/tests/basic/testThatGenExpsActuallyDecompile.js
js/src/jit-test/tests/basic/testThinForEach.js
js/src/jit-test/tests/basic/testThinLoopDemote.js
js/src/jit-test/tests/basic/testThrowWhileWrappingException.js
js/src/jit-test/tests/basic/testThrowingObjectEqUndefined.js
js/src/jit-test/tests/basic/testToLocaleString.js
js/src/jit-test/tests/basic/testToStringBeforeValueOf.js
js/src/jit-test/tests/basic/testToUpperToLower.js
js/src/jit-test/tests/basic/testTrueShiftTrue.js
js/src/jit-test/tests/basic/testTruncatedMod.js
js/src/jit-test/tests/basic/testTypeUnstableForIn.js
js/src/jit-test/tests/basic/testTypedArrayByteRegs.js
js/src/jit-test/tests/basic/testTypedArrayClamping.js
js/src/jit-test/tests/basic/testTypedArrayInit.js
js/src/jit-test/tests/basic/testTypedArrayMaybeUndefined.js
js/src/jit-test/tests/basic/testTypedArrayOutOfBounds.js
js/src/jit-test/tests/basic/testTypedArrayPunning.js
js/src/jit-test/tests/basic/testTypedArraySetConversion.js
js/src/jit-test/tests/basic/testTypedArrayUint32.js
js/src/jit-test/tests/basic/testTypedArrayUndefinedAndHoles.js
js/src/jit-test/tests/basic/testTypedArrays.js
js/src/jit-test/tests/basic/testTypeofHole.js
js/src/jit-test/tests/basic/testUnaryImacros.js
js/src/jit-test/tests/basic/testUndefinedBooleanCmp.js
js/src/jit-test/tests/basic/testUndefinedCmp.js
js/src/jit-test/tests/basic/testUndefinedIncrement.js
js/src/jit-test/tests/basic/testUndefinedPropertyAccess.js
js/src/jit-test/tests/basic/testUndemotableBinaryOp.js
js/src/jit-test/tests/basic/testUndemoteLateGlobalSlots.js
js/src/jit-test/tests/basic/testWatchRecursion.js
js/src/jit-test/tests/basic/testWeirdDateParse.js
js/src/jit-test/tests/basic/testWeirdGetterInvocation.js
js/src/jit-test/tests/basic/testWeirdThingsInFunctionConstructor.js
js/src/jit-test/tests/basic/testWhileObjectOrNull.js
js/src/jit-test/tests/basic/testWhileWithContinue.js
js/src/jit-test/tests/basic/testWith.js
js/src/jit-test/tests/basic/testWithAndShadowing.js
js/src/jit-test/tests/basic/test_JSOP_ARGCNT.js
js/src/jit-test/tests/basic/test_JSOP_ARGSUB.js
js/src/jit-test/tests/basic/testif.js
js/src/jit-test/tests/basic/testincops.js
js/src/jit-test/tests/basic/this-binding-with-eval.js
js/src/jit-test/tests/basic/throw-apply-too-many-args.js
js/src/jit-test/tests/basic/timeout-check.js
js/src/jit-test/tests/basic/track-allocation-sites.js
js/src/jit-test/tests/basic/trees.js
js/src/jit-test/tests/basic/truncateDouble.js
js/src/jit-test/tests/basic/truthies.js
js/src/jit-test/tests/basic/typeMonitorCall.js
js/src/jit-test/tests/basic/typeMonitorSingleton.js
js/src/jit-test/tests/basic/typed-array-copyWithin.js
js/src/jit-test/tests/basic/typed-array-getprop-out-of-range.js
js/src/jit-test/tests/basic/typed-array-index-out-of-range.js
js/src/jit-test/tests/basic/typed-array-offsets.js
js/src/jit-test/tests/basic/typed-array-sealed-frozen.js
js/src/jit-test/tests/basic/typedarray-selfhosted-cross-compartment.js
js/src/jit-test/tests/basic/typeof-array.js
js/src/jit-test/tests/basic/typeofTest.js
js/src/jit-test/tests/basic/unboxed-object-clear-new-script.js
js/src/jit-test/tests/basic/unboxed-object-convert-to-native.js
js/src/jit-test/tests/basic/unboxed-object-getelem.js
js/src/jit-test/tests/basic/unboxed-object-set-property.js
js/src/jit-test/tests/basic/unboxed-property-enumeration.js
js/src/jit-test/tests/basic/unboxint.js
js/src/jit-test/tests/basic/weird-scopechains.js
js/src/jit-test/tests/basic/withSourceHook.js
js/src/jit-test/tests/basic/write-frozen-property.js
js/src/jit-test/tests/basic/xml-in-strict.js
js/src/jit-test/tests/basic/xprop.js
js/src/jit-test/tests/bug1213574.js
js/src/jit-test/tests/bug765479.js
js/src/jit-test/tests/bug793385.js
js/src/jit-test/tests/bug825379.js
js/src/jit-test/tests/bug828119.js
js/src/jit-test/tests/bug830943.js
js/src/jit-test/tests/bug847682.js
js/src/jit-test/tests/bug953337.js
js/src/jit-test/tests/cacheir/nukedCCW.js
js/src/jit-test/tests/class/compProp.js
js/src/jit-test/tests/class/methDefn.js
js/src/jit-test/tests/closures/bug496922.js
js/src/jit-test/tests/closures/bug496987.js
js/src/jit-test/tests/closures/bug497015-1.js
js/src/jit-test/tests/closures/bug497015-2.js
js/src/jit-test/tests/closures/bug540131-2.js
js/src/jit-test/tests/closures/bug540131.js
js/src/jit-test/tests/closures/bug540133.js
js/src/jit-test/tests/closures/bug540242.js
js/src/jit-test/tests/closures/bug540243.js
js/src/jit-test/tests/closures/bug540528.js
js/src/jit-test/tests/closures/bug541239.js
js/src/jit-test/tests/closures/bug543565.js
js/src/jit-test/tests/closures/bug684178.js
js/src/jit-test/tests/closures/bug684489.js
js/src/jit-test/tests/closures/closure-pluseq.js
js/src/jit-test/tests/closures/closure-pluseq2.js
js/src/jit-test/tests/closures/closure-plusplus.js
js/src/jit-test/tests/closures/closure-tests.js
js/src/jit-test/tests/closures/flat-closure-1.js
js/src/jit-test/tests/closures/flat-closure-2.js
js/src/jit-test/tests/closures/flat-closure-3.js
js/src/jit-test/tests/closures/flat-closure-4.js
js/src/jit-test/tests/closures/flat-closure-5.js
js/src/jit-test/tests/closures/flat-closure-6.js
js/src/jit-test/tests/closures/flat-closure-7.js
js/src/jit-test/tests/closures/flat-closure-8.js
js/src/jit-test/tests/closures/incr-exit-2.js
js/src/jit-test/tests/closures/incr-exit-3.js
js/src/jit-test/tests/closures/incr-exit.js
js/src/jit-test/tests/closures/lambda-inner-heavy.js
js/src/jit-test/tests/closures/lambda-light-returned.js
js/src/jit-test/tests/closures/lambda-light.js
js/src/jit-test/tests/closures/lambda.js
js/src/jit-test/tests/closures/lambdafc.js
js/src/jit-test/tests/closures/name-both-hvy.js
js/src/jit-test/tests/closures/name-inactive-missing.js
js/src/jit-test/tests/closures/name.js
js/src/jit-test/tests/closures/name2.js
js/src/jit-test/tests/closures/name2a.js
js/src/jit-test/tests/closures/name2b.js
js/src/jit-test/tests/closures/name3.js
js/src/jit-test/tests/closures/name4.js
js/src/jit-test/tests/closures/namedLambda.js
js/src/jit-test/tests/closures/nameinc-loop-2.js
js/src/jit-test/tests/closures/nameinc-loop-3.js
js/src/jit-test/tests/closures/nameinc-loop-missing-2.js
js/src/jit-test/tests/closures/nameinc-loop-missing.js
js/src/jit-test/tests/closures/nameinc-loop.js
js/src/jit-test/tests/closures/nameinc.js
js/src/jit-test/tests/closures/set-outer-trace-1.js
js/src/jit-test/tests/closures/set-outer-trace-2.js
js/src/jit-test/tests/closures/set-outer-trace-3.js
js/src/jit-test/tests/closures/set-outer-trace-4.js
js/src/jit-test/tests/closures/set-outer-trace.js
js/src/jit-test/tests/closures/setname-1.js
js/src/jit-test/tests/closures/setname-closure-2.js
js/src/jit-test/tests/closures/setname-closure.js
js/src/jit-test/tests/closures/setname-inner-heavy.js
js/src/jit-test/tests/closures/setname-loop-2.js
js/src/jit-test/tests/closures/setname-loop.js
js/src/jit-test/tests/closures/setname-no-pop.js
js/src/jit-test/tests/closures/t001.js
js/src/jit-test/tests/closures/t002.js
js/src/jit-test/tests/closures/t003.js
js/src/jit-test/tests/closures/t004.js
js/src/jit-test/tests/closures/t005.js
js/src/jit-test/tests/closures/t006.js
js/src/jit-test/tests/closures/t007.js
js/src/jit-test/tests/closures/t008.js
js/src/jit-test/tests/closures/t009.js
js/src/jit-test/tests/closures/t010.js
js/src/jit-test/tests/closures/t011.js
js/src/jit-test/tests/closures/t012.js
js/src/jit-test/tests/closures/t013.js
js/src/jit-test/tests/closures/t014.js
js/src/jit-test/tests/closures/t015.js
js/src/jit-test/tests/closures/t016.js
js/src/jit-test/tests/closures/t017.js
js/src/jit-test/tests/closures/t018.js
js/src/jit-test/tests/closures/t019.js
js/src/jit-test/tests/closures/t020.js
js/src/jit-test/tests/closures/t021.js
js/src/jit-test/tests/closures/t022.js
js/src/jit-test/tests/closures/t023.js
js/src/jit-test/tests/closures/t024.js
js/src/jit-test/tests/closures/t025.js
js/src/jit-test/tests/closures/t026.js
js/src/jit-test/tests/closures/t027.js
js/src/jit-test/tests/closures/t028.js
js/src/jit-test/tests/closures/t029.js
js/src/jit-test/tests/closures/t030.js
js/src/jit-test/tests/closures/t031.js
js/src/jit-test/tests/closures/t032.js
js/src/jit-test/tests/closures/t033.js
js/src/jit-test/tests/closures/t034.js
js/src/jit-test/tests/closures/t035.js
js/src/jit-test/tests/closures/t036.js
js/src/jit-test/tests/closures/t037.js
js/src/jit-test/tests/closures/test-inner-imports.js
js/src/jit-test/tests/closures/upvar-nest.js
js/src/jit-test/tests/collections/Array-of-1.js
js/src/jit-test/tests/collections/Array-of-2.js
js/src/jit-test/tests/collections/Array-of-3.js
js/src/jit-test/tests/collections/Array-of-4.js
js/src/jit-test/tests/collections/Array-of-cross-compartment.js
js/src/jit-test/tests/collections/Array-of-generic-1.js
js/src/jit-test/tests/collections/Array-of-generic-2.js
js/src/jit-test/tests/collections/Array-of-generic-3.js
js/src/jit-test/tests/collections/Array-of-length-setter-2.js
js/src/jit-test/tests/collections/Array-of-length-setter.js
js/src/jit-test/tests/collections/Array-of-nonconfigurable-1.js
js/src/jit-test/tests/collections/Array-of-nonconfigurable-2.js
js/src/jit-test/tests/collections/Array-of-ordering.js
js/src/jit-test/tests/collections/Array-of-surfaces.js
js/src/jit-test/tests/collections/Map-Set-moving-gc.js
js/src/jit-test/tests/collections/Map-clear-1.js
js/src/jit-test/tests/collections/Map-clear-2.js
js/src/jit-test/tests/collections/Map-clear-3.js
js/src/jit-test/tests/collections/Map-clear-4.js
js/src/jit-test/tests/collections/Map-clear-5.js
js/src/jit-test/tests/collections/Map-clear-6.js
js/src/jit-test/tests/collections/Map-clear-iterators-1.js
js/src/jit-test/tests/collections/Map-clear-iterators-2.js
js/src/jit-test/tests/collections/Map-constructor-1.js
js/src/jit-test/tests/collections/Map-constructor-2.js
js/src/jit-test/tests/collections/Map-constructor-3.js
js/src/jit-test/tests/collections/Map-constructor-4.js
js/src/jit-test/tests/collections/Map-constructor-5.js
js/src/jit-test/tests/collections/Map-constructor-duplicates.js
js/src/jit-test/tests/collections/Map-constructor-generator-1.js
js/src/jit-test/tests/collections/Map-constructor-generator-2.js
js/src/jit-test/tests/collections/Map-constructor-generator-3.js
js/src/jit-test/tests/collections/Map-constructor-generator-exception.js
js/src/jit-test/tests/collections/Map-constructor-set.js
js/src/jit-test/tests/collections/Map-delete-size.js
js/src/jit-test/tests/collections/Map-delete.js
js/src/jit-test/tests/collections/Map-forEach.js
js/src/jit-test/tests/collections/Map-gc-4.js
js/src/jit-test/tests/collections/Map-get.js
js/src/jit-test/tests/collections/Map-iterator-1.js
js/src/jit-test/tests/collections/Map-iterator-2.js
js/src/jit-test/tests/collections/Map-iterator-add-1.js
js/src/jit-test/tests/collections/Map-iterator-add-2.js
js/src/jit-test/tests/collections/Map-iterator-add-remove.js
js/src/jit-test/tests/collections/Map-iterator-order.js
js/src/jit-test/tests/collections/Map-iterator-pairs-1.js
js/src/jit-test/tests/collections/Map-iterator-pairs-2.js
js/src/jit-test/tests/collections/Map-iterator-pairs-3.js
js/src/jit-test/tests/collections/Map-iterator-proxies-1.js
js/src/jit-test/tests/collections/Map-iterator-proxies-2.js
js/src/jit-test/tests/collections/Map-iterator-remove-1.js
js/src/jit-test/tests/collections/Map-iterator-remove-2.js
js/src/jit-test/tests/collections/Map-iterator-remove-3.js
js/src/jit-test/tests/collections/Map-iterator-remove-4.js
js/src/jit-test/tests/collections/Map-iterator-remove-5.js
js/src/jit-test/tests/collections/Map-iterator-remove-6.js
js/src/jit-test/tests/collections/Map-iterators-3.js
js/src/jit-test/tests/collections/Map-scale.js
js/src/jit-test/tests/collections/Map-set-returns-this.js
js/src/jit-test/tests/collections/Map-set-size.js
js/src/jit-test/tests/collections/Map-set-undefined.js
js/src/jit-test/tests/collections/Map-size.js
js/src/jit-test/tests/collections/Map-surfaces-1.js
js/src/jit-test/tests/collections/Map-surfaces-2.js
js/src/jit-test/tests/collections/Map-surfaces-3.js
js/src/jit-test/tests/collections/Map-values-1.js
js/src/jit-test/tests/collections/Map-values-2.js
js/src/jit-test/tests/collections/Set-add-returns-this.js
js/src/jit-test/tests/collections/Set-add-size.js
js/src/jit-test/tests/collections/Set-clear-1.js
js/src/jit-test/tests/collections/Set-clear-2.js
js/src/jit-test/tests/collections/Set-clear-3.js
js/src/jit-test/tests/collections/Set-clear-4.js
js/src/jit-test/tests/collections/Set-clear-5.js
js/src/jit-test/tests/collections/Set-clear-6.js
js/src/jit-test/tests/collections/Set-clear-iterators-1.js
js/src/jit-test/tests/collections/Set-clear-iterators-2.js
js/src/jit-test/tests/collections/Set-clear-iterators-3.js
js/src/jit-test/tests/collections/Set-constructor-1.js
js/src/jit-test/tests/collections/Set-constructor-2.js
js/src/jit-test/tests/collections/Set-constructor-3.js
js/src/jit-test/tests/collections/Set-constructor-add.js
js/src/jit-test/tests/collections/Set-constructor-generator-1.js
js/src/jit-test/tests/collections/Set-constructor-generator-2.js
js/src/jit-test/tests/collections/Set-delete-size.js
js/src/jit-test/tests/collections/Set-forEach.js
js/src/jit-test/tests/collections/Set-iterator-1.js
js/src/jit-test/tests/collections/Set-iterator-2.js
js/src/jit-test/tests/collections/Set-iterator-3.js
js/src/jit-test/tests/collections/Set-iterator-add-1.js
js/src/jit-test/tests/collections/Set-iterator-add-2.js
js/src/jit-test/tests/collections/Set-iterator-add-remove.js
js/src/jit-test/tests/collections/Set-iterator-gc-2.js
js/src/jit-test/tests/collections/Set-iterator-gc-3.js
js/src/jit-test/tests/collections/Set-iterator-order.js
js/src/jit-test/tests/collections/Set-iterator-proxies-1.js
js/src/jit-test/tests/collections/Set-iterator-proxies-2.js
js/src/jit-test/tests/collections/Set-iterator-remove-1.js
js/src/jit-test/tests/collections/Set-iterator-remove-2.js
js/src/jit-test/tests/collections/Set-iterator-remove-3.js
js/src/jit-test/tests/collections/Set-iterator-remove-4.js
js/src/jit-test/tests/collections/Set-iterator-remove-5.js
js/src/jit-test/tests/collections/Set-iterator-remove-6.js
js/src/jit-test/tests/collections/Set-scale.js
js/src/jit-test/tests/collections/Set-size.js
js/src/jit-test/tests/collections/Set-surfaces-1.js
js/src/jit-test/tests/collections/Set-surfaces-2.js
js/src/jit-test/tests/collections/Set-surfaces-3.js
js/src/jit-test/tests/collections/Set-values-1.js
js/src/jit-test/tests/collections/Set-values-2.js
js/src/jit-test/tests/collections/WeakMap-clear.js
js/src/jit-test/tests/collections/WeakMap-constructor-1.js
js/src/jit-test/tests/collections/WeakMap-constructor-2.js
js/src/jit-test/tests/collections/WeakMap-constructor-3.js
js/src/jit-test/tests/collections/WeakMap-constructor-4.js
js/src/jit-test/tests/collections/WeakMap-constructor-5.js
js/src/jit-test/tests/collections/WeakMap-constructor-arraylike-exception.js
js/src/jit-test/tests/collections/WeakMap-constructor-duplicates.js
js/src/jit-test/tests/collections/WeakMap-constructor-generator-1.js
js/src/jit-test/tests/collections/WeakMap-constructor-generator-2.js
js/src/jit-test/tests/collections/WeakMap-constructor-generator-3.js
js/src/jit-test/tests/collections/WeakMap-constructor-generator-exception.js
js/src/jit-test/tests/collections/WeakMap-constructor-iterable.js
js/src/jit-test/tests/collections/WeakMap-constructor-non-iterable.js
js/src/jit-test/tests/collections/WeakMap-constructor-nonnull.js
js/src/jit-test/tests/collections/WeakMap-constructor-set.js
js/src/jit-test/tests/collections/WeakMap-moving-gc.js
js/src/jit-test/tests/collections/WeakMap-set-returns-this.js
js/src/jit-test/tests/collections/WeakMap-surfaces.js
js/src/jit-test/tests/collections/WeakSet-add-returns-this.js
js/src/jit-test/tests/collections/WeakSet-clear.js
js/src/jit-test/tests/collections/WeakSet-constructor-1.js
js/src/jit-test/tests/collections/WeakSet-constructor-add.js
js/src/jit-test/tests/collections/WeakSet-constructor.js
js/src/jit-test/tests/collections/WeakSet-delete.js
js/src/jit-test/tests/collections/WeakSet-error.js
js/src/jit-test/tests/collections/WeakSet-moving-gc.js
js/src/jit-test/tests/collections/WeakSet-surface.js
js/src/jit-test/tests/collections/bug-743101.js
js/src/jit-test/tests/collections/constructor-errors.js
js/src/jit-test/tests/collections/for-in.js
js/src/jit-test/tests/collections/iterator-1.js
js/src/jit-test/tests/collections/iterator-2.js
js/src/jit-test/tests/collections/iterator-noSuchMethod.js
js/src/jit-test/tests/collections/iterator-proto-1.js
js/src/jit-test/tests/collections/iterator-proto-2.js
js/src/jit-test/tests/collections/iterator-proto-surfaces.js
js/src/jit-test/tests/collections/key-equality-0.js
js/src/jit-test/tests/collections/key-equality-1.js
js/src/jit-test/tests/collections/key-equality-2.js
js/src/jit-test/tests/collections/key-equality-NaN.js
js/src/jit-test/tests/coverage/bug1203695.js
js/src/jit-test/tests/coverage/bug1206247.js
js/src/jit-test/tests/coverage/bug1214548.js
js/src/jit-test/tests/coverage/simple.js
js/src/jit-test/tests/ctypes/AddressOfField.js
js/src/jit-test/tests/ctypes/argument-length-abi.js
js/src/jit-test/tests/ctypes/argument-length-array.js
js/src/jit-test/tests/ctypes/argument-length-cdata.js
js/src/jit-test/tests/ctypes/argument-length-ctypes.js
js/src/jit-test/tests/ctypes/argument-length-finalizer.js
js/src/jit-test/tests/ctypes/argument-length-function.js
js/src/jit-test/tests/ctypes/argument-length-int64.js
js/src/jit-test/tests/ctypes/argument-length-pointer.js
js/src/jit-test/tests/ctypes/argument-length-primitive.js
js/src/jit-test/tests/ctypes/argument-length-struct.js
js/src/jit-test/tests/ctypes/argument-type-array.js
js/src/jit-test/tests/ctypes/argument-type-ctypes.js
js/src/jit-test/tests/ctypes/argument-type-function.js
js/src/jit-test/tests/ctypes/argument-type-int64.js
js/src/jit-test/tests/ctypes/argument-type-pointer.js
js/src/jit-test/tests/ctypes/argument-type-struct.js
js/src/jit-test/tests/ctypes/bug1155985.js
js/src/jit-test/tests/ctypes/conversion-array.js
js/src/jit-test/tests/ctypes/conversion-error.js
js/src/jit-test/tests/ctypes/conversion-finalizer.js
js/src/jit-test/tests/ctypes/conversion-function.js
js/src/jit-test/tests/ctypes/conversion-int64.js
js/src/jit-test/tests/ctypes/conversion-native-function.js
js/src/jit-test/tests/ctypes/conversion-pointer.js
js/src/jit-test/tests/ctypes/conversion-primitive.js
js/src/jit-test/tests/ctypes/conversion-struct.js
js/src/jit-test/tests/ctypes/conversion-to-primitive.js
js/src/jit-test/tests/debug/Debugger-add-Debugger-prototype.js
js/src/jit-test/tests/debug/Debugger-allowUnobservedAsmJS-01.js
js/src/jit-test/tests/debug/Debugger-allowUnobservedAsmJS-02.js
js/src/jit-test/tests/debug/Debugger-clearAllBreakpoints-01.js
js/src/jit-test/tests/debug/Debugger-ctor-01.js
js/src/jit-test/tests/debug/Debugger-ctor-02.js
js/src/jit-test/tests/debug/Debugger-ctor-03.js
js/src/jit-test/tests/debug/Debugger-ctor-04.js
js/src/jit-test/tests/debug/Debugger-ctor-05.js
js/src/jit-test/tests/debug/Debugger-debuggees-01.js
js/src/jit-test/tests/debug/Debugger-debuggees-02.js
js/src/jit-test/tests/debug/Debugger-debuggees-03.js
js/src/jit-test/tests/debug/Debugger-debuggees-04.js
js/src/jit-test/tests/debug/Debugger-debuggees-05.js
js/src/jit-test/tests/debug/Debugger-debuggees-06.js
js/src/jit-test/tests/debug/Debugger-debuggees-08.js
js/src/jit-test/tests/debug/Debugger-debuggees-09.js
js/src/jit-test/tests/debug/Debugger-debuggees-10.js
js/src/jit-test/tests/debug/Debugger-debuggees-11.js
js/src/jit-test/tests/debug/Debugger-debuggees-12.js
js/src/jit-test/tests/debug/Debugger-debuggees-13.js
js/src/jit-test/tests/debug/Debugger-debuggees-14.js
js/src/jit-test/tests/debug/Debugger-debuggees-15.js
js/src/jit-test/tests/debug/Debugger-debuggees-16.js
js/src/jit-test/tests/debug/Debugger-debuggees-17.js
js/src/jit-test/tests/debug/Debugger-debuggees-18.js
js/src/jit-test/tests/debug/Debugger-debuggees-19.js
js/src/jit-test/tests/debug/Debugger-debuggees-20.js
js/src/jit-test/tests/debug/Debugger-debuggees-21.js
js/src/jit-test/tests/debug/Debugger-debuggees-22.js
js/src/jit-test/tests/debug/Debugger-debuggees-23.js
js/src/jit-test/tests/debug/Debugger-debuggees-24.js
js/src/jit-test/tests/debug/Debugger-debuggees-25.js
js/src/jit-test/tests/debug/Debugger-debuggees-26.js
js/src/jit-test/tests/debug/Debugger-debuggees-27.js
js/src/jit-test/tests/debug/Debugger-debuggees-28.js
js/src/jit-test/tests/debug/Debugger-debuggees-29.js
js/src/jit-test/tests/debug/Debugger-enabled-01.js
js/src/jit-test/tests/debug/Debugger-enabled-02.js
js/src/jit-test/tests/debug/Debugger-findAllGlobals-01.js
js/src/jit-test/tests/debug/Debugger-findAllGlobals-02.js
js/src/jit-test/tests/debug/Debugger-findObjects-01.js
js/src/jit-test/tests/debug/Debugger-findObjects-02.js
js/src/jit-test/tests/debug/Debugger-findObjects-03.js
js/src/jit-test/tests/debug/Debugger-findObjects-04.js
js/src/jit-test/tests/debug/Debugger-findObjects-05.js
js/src/jit-test/tests/debug/Debugger-findObjects-06.js
js/src/jit-test/tests/debug/Debugger-findObjects-07.js
js/src/jit-test/tests/debug/Debugger-findObjects-08.js
js/src/jit-test/tests/debug/Debugger-findObjects-09.js
js/src/jit-test/tests/debug/Debugger-findObjects-10.js
js/src/jit-test/tests/debug/Debugger-findScripts-01.js
js/src/jit-test/tests/debug/Debugger-findScripts-02.js
js/src/jit-test/tests/debug/Debugger-findScripts-03.js
js/src/jit-test/tests/debug/Debugger-findScripts-04.js
js/src/jit-test/tests/debug/Debugger-findScripts-05.js
js/src/jit-test/tests/debug/Debugger-findScripts-06.js
js/src/jit-test/tests/debug/Debugger-findScripts-07.js
js/src/jit-test/tests/debug/Debugger-findScripts-08-script2
js/src/jit-test/tests/debug/Debugger-findScripts-08.js
js/src/jit-test/tests/debug/Debugger-findScripts-09.js
js/src/jit-test/tests/debug/Debugger-findScripts-10.js
js/src/jit-test/tests/debug/Debugger-findScripts-11-script2
js/src/jit-test/tests/debug/Debugger-findScripts-11.js
js/src/jit-test/tests/debug/Debugger-findScripts-12-script1
js/src/jit-test/tests/debug/Debugger-findScripts-12-script2
js/src/jit-test/tests/debug/Debugger-findScripts-12.js
js/src/jit-test/tests/debug/Debugger-findScripts-14.js
js/src/jit-test/tests/debug/Debugger-findScripts-14.script1
js/src/jit-test/tests/debug/Debugger-findScripts-15.js
js/src/jit-test/tests/debug/Debugger-findScripts-16.js
js/src/jit-test/tests/debug/Debugger-findScripts-17.js
js/src/jit-test/tests/debug/Debugger-findScripts-18.js
js/src/jit-test/tests/debug/Debugger-findScripts-19.js
js/src/jit-test/tests/debug/Debugger-findScripts-20.js
js/src/jit-test/tests/debug/Debugger-findScripts-21.js
js/src/jit-test/tests/debug/Debugger-getNewestFrame-01.js
js/src/jit-test/tests/debug/Debugger-getNewestFrame-02.js
js/src/jit-test/tests/debug/Debugger-getNewestFrame-03.js
js/src/jit-test/tests/debug/Debugger-multi-01.js
js/src/jit-test/tests/debug/Debugger-multi-02.js
js/src/jit-test/tests/debug/Debugger-multi-03.js
js/src/jit-test/tests/debug/Debugger-onEnterFrame-resumption-01.js
js/src/jit-test/tests/debug/Debugger-onEnterFrame-resumption-02.js
js/src/jit-test/tests/debug/Debugger-onEnterFrame-resumption-03.js
js/src/jit-test/tests/debug/Debugger-onEnterFrame-resumption-04.js
js/src/jit-test/tests/debug/Debugger-onEnterFrame-resumption-05.js
js/src/jit-test/tests/debug/Debugger-onIonCompilation.js
js/src/jit-test/tests/debug/Debugger-onNewGlobalObject-01.js
js/src/jit-test/tests/debug/Debugger-onNewGlobalObject-02.js
js/src/jit-test/tests/debug/Debugger-onNewGlobalObject-03.js
js/src/jit-test/tests/debug/Debugger-onNewGlobalObject-04.js
js/src/jit-test/tests/debug/Debugger-onNewGlobalObject-05.js
js/src/jit-test/tests/debug/Debugger-onNewGlobalObject-06.js
js/src/jit-test/tests/debug/Debugger-onNewGlobalObject-07.js
js/src/jit-test/tests/debug/Debugger-onNewGlobalObject-08.js
js/src/jit-test/tests/debug/Debugger-onNewGlobalObject-09.js
js/src/jit-test/tests/debug/Debugger-onNewGlobalObject-10.js
js/src/jit-test/tests/debug/Debugger-onNewGlobalObject-11.js
js/src/jit-test/tests/debug/Debugger-onNewGlobalObject-12.js
js/src/jit-test/tests/debug/Debugger-onNewGlobalObject-13.js
js/src/jit-test/tests/debug/Debugger-onNewGlobalObject-14.js
js/src/jit-test/tests/debug/Debugger-onNewGlobalObject-15.js
js/src/jit-test/tests/debug/Debugger-onNewPromise-01.js
js/src/jit-test/tests/debug/Debugger-onNewPromise-02.js
js/src/jit-test/tests/debug/Debugger-onNewPromise-03.js
js/src/jit-test/tests/debug/Debugger-onNewPromise-04.js
js/src/jit-test/tests/debug/Debugger-onNewPromise-05.js
js/src/jit-test/tests/debug/Debugger-onNewPromise-06.js
js/src/jit-test/tests/debug/Debugger-onNewPromise-07.js
js/src/jit-test/tests/debug/Debugger-onPromiseSettled-01.js
js/src/jit-test/tests/debug/Debugger-onPromiseSettled-02.js
js/src/jit-test/tests/debug/Debugger-onPromiseSettled-03.js
js/src/jit-test/tests/debug/Debugger-onPromiseSettled-04.js
js/src/jit-test/tests/debug/Debugger-onPromiseSettled-05.js
js/src/jit-test/tests/debug/Debugger-onPromiseSettled-06.js
js/src/jit-test/tests/debug/Environment-01.js
js/src/jit-test/tests/debug/Environment-02.js
js/src/jit-test/tests/debug/Environment-03.js
js/src/jit-test/tests/debug/Environment-Function-prototype.js
js/src/jit-test/tests/debug/Environment-callee-01.js
js/src/jit-test/tests/debug/Environment-callee-02.js
js/src/jit-test/tests/debug/Environment-callee-03.js
js/src/jit-test/tests/debug/Environment-callee-04.js
js/src/jit-test/tests/debug/Environment-find-01.js
js/src/jit-test/tests/debug/Environment-find-02.js
js/src/jit-test/tests/debug/Environment-find-03.js
js/src/jit-test/tests/debug/Environment-find-04.js
js/src/jit-test/tests/debug/Environment-find-05.js
js/src/jit-test/tests/debug/Environment-find-06.js
js/src/jit-test/tests/debug/Environment-find-07.js
js/src/jit-test/tests/debug/Environment-gc-01.js
js/src/jit-test/tests/debug/Environment-gc-02.js
js/src/jit-test/tests/debug/Environment-gc-03.js
js/src/jit-test/tests/debug/Environment-getVariable-01.js
js/src/jit-test/tests/debug/Environment-getVariable-02.js
js/src/jit-test/tests/debug/Environment-getVariable-03.js
js/src/jit-test/tests/debug/Environment-getVariable-04.js
js/src/jit-test/tests/debug/Environment-getVariable-05.js
js/src/jit-test/tests/debug/Environment-getVariable-06.js
js/src/jit-test/tests/debug/Environment-getVariable-07.js
js/src/jit-test/tests/debug/Environment-getVariable-08.js
js/src/jit-test/tests/debug/Environment-getVariable-09.js
js/src/jit-test/tests/debug/Environment-getVariable-10.js
js/src/jit-test/tests/debug/Environment-getVariable-11.js
js/src/jit-test/tests/debug/Environment-getVariable-12.js
js/src/jit-test/tests/debug/Environment-getVariable-13.js
js/src/jit-test/tests/debug/Environment-getVariable-14.js
js/src/jit-test/tests/debug/Environment-getVariable-15.js
js/src/jit-test/tests/debug/Environment-getVariable-WouldRun.js
js/src/jit-test/tests/debug/Environment-identity-01.js
js/src/jit-test/tests/debug/Environment-identity-02.js
js/src/jit-test/tests/debug/Environment-identity-03.js
js/src/jit-test/tests/debug/Environment-identity-04.js
js/src/jit-test/tests/debug/Environment-identity-05.js
js/src/jit-test/tests/debug/Environment-inspectable-01.js
js/src/jit-test/tests/debug/Environment-names-01.js
js/src/jit-test/tests/debug/Environment-names-02.js
js/src/jit-test/tests/debug/Environment-names-03.js
js/src/jit-test/tests/debug/Environment-nondebuggee.js
js/src/jit-test/tests/debug/Environment-optimizedOut-01.js
js/src/jit-test/tests/debug/Environment-parent-01.js
js/src/jit-test/tests/debug/Environment-setVariable-01.js
js/src/jit-test/tests/debug/Environment-setVariable-02.js
js/src/jit-test/tests/debug/Environment-setVariable-03.js
js/src/jit-test/tests/debug/Environment-setVariable-04.js
js/src/jit-test/tests/debug/Environment-setVariable-05.js
js/src/jit-test/tests/debug/Environment-setVariable-06.js
js/src/jit-test/tests/debug/Environment-setVariable-07.js
js/src/jit-test/tests/debug/Environment-setVariable-08.js
js/src/jit-test/tests/debug/Environment-setVariable-10.js
js/src/jit-test/tests/debug/Environment-setVariable-11.js
js/src/jit-test/tests/debug/Environment-setVariable-12.js
js/src/jit-test/tests/debug/Environment-setVariable-13.js
js/src/jit-test/tests/debug/Environment-setVariable-WouldRun.js
js/src/jit-test/tests/debug/Environment-type-01.js
js/src/jit-test/tests/debug/Environment-unscopables.js
js/src/jit-test/tests/debug/Environment-variables.js
js/src/jit-test/tests/debug/Frame-01.js
js/src/jit-test/tests/debug/Frame-02.js
js/src/jit-test/tests/debug/Frame-03.js
js/src/jit-test/tests/debug/Frame-arguments-01.js
js/src/jit-test/tests/debug/Frame-arguments-02.js
js/src/jit-test/tests/debug/Frame-arguments-03.js
js/src/jit-test/tests/debug/Frame-arguments-04.js
js/src/jit-test/tests/debug/Frame-arguments-05.js
js/src/jit-test/tests/debug/Frame-arguments-06.js
js/src/jit-test/tests/debug/Frame-arguments-07.js
js/src/jit-test/tests/debug/Frame-environment-01.js
js/src/jit-test/tests/debug/Frame-environment-02.js
js/src/jit-test/tests/debug/Frame-environment-03.js
js/src/jit-test/tests/debug/Frame-environment-04.js
js/src/jit-test/tests/debug/Frame-environment-05.js
js/src/jit-test/tests/debug/Frame-eval-01.js
js/src/jit-test/tests/debug/Frame-eval-02.js
js/src/jit-test/tests/debug/Frame-eval-03.js
js/src/jit-test/tests/debug/Frame-eval-04.js
js/src/jit-test/tests/debug/Frame-eval-05.js
js/src/jit-test/tests/debug/Frame-eval-06.js
js/src/jit-test/tests/debug/Frame-eval-07.js
js/src/jit-test/tests/debug/Frame-eval-08.js
js/src/jit-test/tests/debug/Frame-eval-09.js
js/src/jit-test/tests/debug/Frame-eval-10.js
js/src/jit-test/tests/debug/Frame-eval-11.js
js/src/jit-test/tests/debug/Frame-eval-12.js
js/src/jit-test/tests/debug/Frame-eval-13.js
js/src/jit-test/tests/debug/Frame-eval-14.js
js/src/jit-test/tests/debug/Frame-eval-15.js
js/src/jit-test/tests/debug/Frame-eval-16.js
js/src/jit-test/tests/debug/Frame-eval-17.js
js/src/jit-test/tests/debug/Frame-eval-18.js
js/src/jit-test/tests/debug/Frame-eval-19.js
js/src/jit-test/tests/debug/Frame-eval-20.js
js/src/jit-test/tests/debug/Frame-eval-21.js
js/src/jit-test/tests/debug/Frame-eval-22.js
js/src/jit-test/tests/debug/Frame-eval-23.js
js/src/jit-test/tests/debug/Frame-eval-24.js
js/src/jit-test/tests/debug/Frame-eval-25.js
js/src/jit-test/tests/debug/Frame-eval-26.js
js/src/jit-test/tests/debug/Frame-eval-27.js
js/src/jit-test/tests/debug/Frame-eval-28.js
js/src/jit-test/tests/debug/Frame-eval-29.js
js/src/jit-test/tests/debug/Frame-eval-30.js
js/src/jit-test/tests/debug/Frame-eval-stack.js
js/src/jit-test/tests/debug/Frame-evalWithBindings-01.js
js/src/jit-test/tests/debug/Frame-evalWithBindings-02.js
js/src/jit-test/tests/debug/Frame-evalWithBindings-03.js
js/src/jit-test/tests/debug/Frame-evalWithBindings-04.js
js/src/jit-test/tests/debug/Frame-evalWithBindings-05.js
js/src/jit-test/tests/debug/Frame-evalWithBindings-06.js
js/src/jit-test/tests/debug/Frame-evalWithBindings-07.js
js/src/jit-test/tests/debug/Frame-evalWithBindings-08.js
js/src/jit-test/tests/debug/Frame-evalWithBindings-09.js
js/src/jit-test/tests/debug/Frame-evalWithBindings-10.js
js/src/jit-test/tests/debug/Frame-evalWithBindings-11.js
js/src/jit-test/tests/debug/Frame-evalWithBindings-12.js
js/src/jit-test/tests/debug/Frame-evalWithBindings-13.js
js/src/jit-test/tests/debug/Frame-evalWithBindings-14.js
js/src/jit-test/tests/debug/Frame-identity-01.js
js/src/jit-test/tests/debug/Frame-identity-02.js
js/src/jit-test/tests/debug/Frame-identity-03.js
js/src/jit-test/tests/debug/Frame-identity-04.js
js/src/jit-test/tests/debug/Frame-implementation-01.js
js/src/jit-test/tests/debug/Frame-implementation-02.js
js/src/jit-test/tests/debug/Frame-live-01.js
js/src/jit-test/tests/debug/Frame-live-02.js
js/src/jit-test/tests/debug/Frame-live-03.js
js/src/jit-test/tests/debug/Frame-live-04.js
js/src/jit-test/tests/debug/Frame-live-05.js
js/src/jit-test/tests/debug/Frame-newTargetEval-01.js
js/src/jit-test/tests/debug/Frame-newTargetEval-02.js
js/src/jit-test/tests/debug/Frame-newTargetOverflow-01.js
js/src/jit-test/tests/debug/Frame-offset-01.js
js/src/jit-test/tests/debug/Frame-offset-02.js
js/src/jit-test/tests/debug/Frame-older-01.js
js/src/jit-test/tests/debug/Frame-onPop-01.js
js/src/jit-test/tests/debug/Frame-onPop-02.js
js/src/jit-test/tests/debug/Frame-onPop-03.js
js/src/jit-test/tests/debug/Frame-onPop-04.js
js/src/jit-test/tests/debug/Frame-onPop-05.js
js/src/jit-test/tests/debug/Frame-onPop-06.js
js/src/jit-test/tests/debug/Frame-onPop-07.js
js/src/jit-test/tests/debug/Frame-onPop-08.js
js/src/jit-test/tests/debug/Frame-onPop-09.js
js/src/jit-test/tests/debug/Frame-onPop-10.js
js/src/jit-test/tests/debug/Frame-onPop-11.js
js/src/jit-test/tests/debug/Frame-onPop-12.js
js/src/jit-test/tests/debug/Frame-onPop-13.js
js/src/jit-test/tests/debug/Frame-onPop-14.js
js/src/jit-test/tests/debug/Frame-onPop-15.js
js/src/jit-test/tests/debug/Frame-onPop-16.js
js/src/jit-test/tests/debug/Frame-onPop-17.js
js/src/jit-test/tests/debug/Frame-onPop-18.js
js/src/jit-test/tests/debug/Frame-onPop-19.js
js/src/jit-test/tests/debug/Frame-onPop-20.js
js/src/jit-test/tests/debug/Frame-onPop-21.js
js/src/jit-test/tests/debug/Frame-onPop-after-debugger-return.js
js/src/jit-test/tests/debug/Frame-onPop-disabled.js
js/src/jit-test/tests/debug/Frame-onPop-error-error.js
js/src/jit-test/tests/debug/Frame-onPop-error-return.js
js/src/jit-test/tests/debug/Frame-onPop-error-scope-unwind-01.js
js/src/jit-test/tests/debug/Frame-onPop-error-scope-unwind-02.js
js/src/jit-test/tests/debug/Frame-onPop-error-throw.js
js/src/jit-test/tests/debug/Frame-onPop-error.js
js/src/jit-test/tests/debug/Frame-onPop-generators-01.js
js/src/jit-test/tests/debug/Frame-onPop-generators-02.js
js/src/jit-test/tests/debug/Frame-onPop-multiple-01.js
js/src/jit-test/tests/debug/Frame-onPop-multiple-02.js
js/src/jit-test/tests/debug/Frame-onPop-multiple-03.js
js/src/jit-test/tests/debug/Frame-onPop-multiple-04.js
js/src/jit-test/tests/debug/Frame-onPop-return-error.js
js/src/jit-test/tests/debug/Frame-onPop-return-return.js
js/src/jit-test/tests/debug/Frame-onPop-return-throw.js
js/src/jit-test/tests/debug/Frame-onPop-return.js
js/src/jit-test/tests/debug/Frame-onPop-star-generators-01.js
js/src/jit-test/tests/debug/Frame-onPop-star-generators-02.js
js/src/jit-test/tests/debug/Frame-onPop-star-generators-03.js
js/src/jit-test/tests/debug/Frame-onPop-throw-error.js
js/src/jit-test/tests/debug/Frame-onPop-throw-return.js
js/src/jit-test/tests/debug/Frame-onPop-throw-throw.js
js/src/jit-test/tests/debug/Frame-onPop-throw.js
js/src/jit-test/tests/debug/Frame-onStep-01.js
js/src/jit-test/tests/debug/Frame-onStep-02.js
js/src/jit-test/tests/debug/Frame-onStep-03.js
js/src/jit-test/tests/debug/Frame-onStep-04.js
js/src/jit-test/tests/debug/Frame-onStep-05.js
js/src/jit-test/tests/debug/Frame-onStep-06.js
js/src/jit-test/tests/debug/Frame-onStep-07.js
js/src/jit-test/tests/debug/Frame-onStep-08.js
js/src/jit-test/tests/debug/Frame-onStep-09.js
js/src/jit-test/tests/debug/Frame-onStep-10.js
js/src/jit-test/tests/debug/Frame-onStep-11.js
js/src/jit-test/tests/debug/Frame-onStep-12.js
js/src/jit-test/tests/debug/Frame-onStep-14.js
js/src/jit-test/tests/debug/Frame-onStep-15.js
js/src/jit-test/tests/debug/Frame-onStep-iterators.js
js/src/jit-test/tests/debug/Frame-onStep-lines-01.js
js/src/jit-test/tests/debug/Frame-onStep-resumption-01.js
js/src/jit-test/tests/debug/Frame-onStep-resumption-02.js
js/src/jit-test/tests/debug/Frame-onStep-resumption-03.js
js/src/jit-test/tests/debug/Frame-onStep-resumption-04.js
js/src/jit-test/tests/debug/Frame-onStep-resumption-05.js
js/src/jit-test/tests/debug/Frame-script-01.js
js/src/jit-test/tests/debug/Frame-script-02.js
js/src/jit-test/tests/debug/Frame-script-03.js
js/src/jit-test/tests/debug/Frame-script-environment-nondebuggee.js
js/src/jit-test/tests/debug/Frame-this-01.js
js/src/jit-test/tests/debug/Frame-this-02.js
js/src/jit-test/tests/debug/Frame-this-03.js
js/src/jit-test/tests/debug/Frame-this-04.js
js/src/jit-test/tests/debug/Frame-this-05.js
js/src/jit-test/tests/debug/Frame-this-06.js
js/src/jit-test/tests/debug/Frame-this-07.js
js/src/jit-test/tests/debug/Frame-this-08.js
js/src/jit-test/tests/debug/Memory-01.js
js/src/jit-test/tests/debug/Memory-allocationSamplingProbability-01.js
js/src/jit-test/tests/debug/Memory-allocationSamplingProbability-02.js
js/src/jit-test/tests/debug/Memory-allocationsLogOverflowed-01.js
js/src/jit-test/tests/debug/Memory-drainAllocationsLog-01.js
js/src/jit-test/tests/debug/Memory-drainAllocationsLog-02.js
js/src/jit-test/tests/debug/Memory-drainAllocationsLog-03.js
js/src/jit-test/tests/debug/Memory-drainAllocationsLog-04.js
js/src/jit-test/tests/debug/Memory-drainAllocationsLog-05.js
js/src/jit-test/tests/debug/Memory-drainAllocationsLog-06.js
js/src/jit-test/tests/debug/Memory-drainAllocationsLog-07.js
js/src/jit-test/tests/debug/Memory-drainAllocationsLog-08.js
js/src/jit-test/tests/debug/Memory-drainAllocationsLog-09.js
js/src/jit-test/tests/debug/Memory-drainAllocationsLog-10.js
js/src/jit-test/tests/debug/Memory-drainAllocationsLog-11.js
js/src/jit-test/tests/debug/Memory-drainAllocationsLog-12.js
js/src/jit-test/tests/debug/Memory-drainAllocationsLog-13.js
js/src/jit-test/tests/debug/Memory-drainAllocationsLog-14.js
js/src/jit-test/tests/debug/Memory-drainAllocationsLog-15.js
js/src/jit-test/tests/debug/Memory-drainAllocationsLog-16.js
js/src/jit-test/tests/debug/Memory-drainAllocationsLog-17.js
js/src/jit-test/tests/debug/Memory-drainAllocationsLog-18.js
js/src/jit-test/tests/debug/Memory-takeCensus-01.js
js/src/jit-test/tests/debug/Memory-takeCensus-02.js
js/src/jit-test/tests/debug/Memory-takeCensus-03.js
js/src/jit-test/tests/debug/Memory-takeCensus-04.js
js/src/jit-test/tests/debug/Memory-takeCensus-05.js
js/src/jit-test/tests/debug/Memory-takeCensus-06.js
js/src/jit-test/tests/debug/Memory-takeCensus-07.js
js/src/jit-test/tests/debug/Memory-takeCensus-08.js
js/src/jit-test/tests/debug/Memory-takeCensus-09.js
js/src/jit-test/tests/debug/Memory-takeCensus-10.js
js/src/jit-test/tests/debug/Memory-takeCensus-11.js
js/src/jit-test/tests/debug/Memory-tenurePromotionsLog-01.js
js/src/jit-test/tests/debug/Memory-tenurePromotionsLog-02.js
js/src/jit-test/tests/debug/Memory-tenurePromotionsLog-03.js
js/src/jit-test/tests/debug/Memory-tenurePromotionsLog-04.js
js/src/jit-test/tests/debug/Memory-tenurePromotionsLog-05.js
js/src/jit-test/tests/debug/Memory-tenurePromotionsLog-06.js
js/src/jit-test/tests/debug/Memory-tenurePromotionsLog-07.js
js/src/jit-test/tests/debug/Memory-trackingAllocationSites-01.js
js/src/jit-test/tests/debug/Memory-trackingAllocationSites-02.js
js/src/jit-test/tests/debug/Memory-trackingAllocationSites-03.js
js/src/jit-test/tests/debug/Object-01.js
js/src/jit-test/tests/debug/Object-02.js
js/src/jit-test/tests/debug/Object-apply-01.js
js/src/jit-test/tests/debug/Object-apply-02.js
js/src/jit-test/tests/debug/Object-apply-03.js
js/src/jit-test/tests/debug/Object-apply-04.js
js/src/jit-test/tests/debug/Object-asEnvironment-01.js
js/src/jit-test/tests/debug/Object-boundTargetFunction-01.js
js/src/jit-test/tests/debug/Object-boundTargetFunction-02.js
js/src/jit-test/tests/debug/Object-boundTargetFunction-03.js
js/src/jit-test/tests/debug/Object-callable.js
js/src/jit-test/tests/debug/Object-class.js
js/src/jit-test/tests/debug/Object-defineProperties-01.js
js/src/jit-test/tests/debug/Object-defineProperties-02.js
js/src/jit-test/tests/debug/Object-defineProperties-03.js
js/src/jit-test/tests/debug/Object-defineProperty-01.js
js/src/jit-test/tests/debug/Object-defineProperty-02.js
js/src/jit-test/tests/debug/Object-defineProperty-03.js
js/src/jit-test/tests/debug/Object-defineProperty-04.js
js/src/jit-test/tests/debug/Object-defineProperty-05.js
js/src/jit-test/tests/debug/Object-defineProperty-06.js
js/src/jit-test/tests/debug/Object-defineProperty-07.js
js/src/jit-test/tests/debug/Object-defineProperty-08.js
js/src/jit-test/tests/debug/Object-defineProperty-09.js
js/src/jit-test/tests/debug/Object-defineProperty-10.js
js/src/jit-test/tests/debug/Object-defineProperty-11.js
js/src/jit-test/tests/debug/Object-defineProperty-12.js
js/src/jit-test/tests/debug/Object-defineProperty-13.js
js/src/jit-test/tests/debug/Object-defineProperty-14.js
js/src/jit-test/tests/debug/Object-defineProperty-surfaces-01.js
js/src/jit-test/tests/debug/Object-deleteProperty-01.js
js/src/jit-test/tests/debug/Object-deleteProperty-error-01.js
js/src/jit-test/tests/debug/Object-deleteProperty-error-02.js
js/src/jit-test/tests/debug/Object-displayName-01.js
js/src/jit-test/tests/debug/Object-environment-01.js
js/src/jit-test/tests/debug/Object-environment-02.js
js/src/jit-test/tests/debug/Object-executeInGlobal-01.js
js/src/jit-test/tests/debug/Object-executeInGlobal-02.js
js/src/jit-test/tests/debug/Object-executeInGlobal-03.js
js/src/jit-test/tests/debug/Object-executeInGlobal-04.js
js/src/jit-test/tests/debug/Object-executeInGlobal-05.js
js/src/jit-test/tests/debug/Object-executeInGlobal-06.js
js/src/jit-test/tests/debug/Object-executeInGlobal-07.js
js/src/jit-test/tests/debug/Object-executeInGlobal-08.js
js/src/jit-test/tests/debug/Object-executeInGlobal-09.js
js/src/jit-test/tests/debug/Object-executeInGlobal-10.js
js/src/jit-test/tests/debug/Object-gc-01.js
js/src/jit-test/tests/debug/Object-getOwnPropertyDescriptor-01.js
js/src/jit-test/tests/debug/Object-getOwnPropertyDescriptor-02.js
js/src/jit-test/tests/debug/Object-getOwnPropertyDescriptor-03.js
js/src/jit-test/tests/debug/Object-getOwnPropertyDescriptor-04.js
js/src/jit-test/tests/debug/Object-getOwnPropertyDescriptor-05.js
js/src/jit-test/tests/debug/Object-getOwnPropertyDescriptor-06.js
js/src/jit-test/tests/debug/Object-getOwnPropertyDescriptor-surfaces-01.js
js/src/jit-test/tests/debug/Object-getOwnPropertyDescriptor-surfaces-02.js
js/src/jit-test/tests/debug/Object-getOwnPropertyNames-01.js
js/src/jit-test/tests/debug/Object-getOwnPropertyNames-02.js
js/src/jit-test/tests/debug/Object-getOwnPropertySymbols-01.js
js/src/jit-test/tests/debug/Object-getOwnPropertySymbols-02.js
js/src/jit-test/tests/debug/Object-global-01.js
js/src/jit-test/tests/debug/Object-global-02.js
js/src/jit-test/tests/debug/Object-identity-01.js
js/src/jit-test/tests/debug/Object-identity-02.js
js/src/jit-test/tests/debug/Object-identity-03.js
js/src/jit-test/tests/debug/Object-isArrowFunction.js
js/src/jit-test/tests/debug/Object-makeDebuggeeValue-01.js
js/src/jit-test/tests/debug/Object-makeDebuggeeValue-02.js
js/src/jit-test/tests/debug/Object-name-01.js
js/src/jit-test/tests/debug/Object-name-02.js
js/src/jit-test/tests/debug/Object-parameterNames.js
js/src/jit-test/tests/debug/Object-preventExtensions-01.js
js/src/jit-test/tests/debug/Object-proto.js
js/src/jit-test/tests/debug/Object-script-AsmJSNative.js
js/src/jit-test/tests/debug/Object-script-environment-nondebuggee.js
js/src/jit-test/tests/debug/Object-script-lazy.js
js/src/jit-test/tests/debug/Object-script.js
js/src/jit-test/tests/debug/Object-seal-01.js
js/src/jit-test/tests/debug/Object-unsafeDereference-01.js
js/src/jit-test/tests/debug/Object-unwrap-01.js
js/src/jit-test/tests/debug/Object-unwrap-02.js
js/src/jit-test/tests/debug/Object-unwrap-03.js
js/src/jit-test/tests/debug/Script-01.js
js/src/jit-test/tests/debug/Script-02.js
js/src/jit-test/tests/debug/Script-clearBreakpoint-01.js
js/src/jit-test/tests/debug/Script-clearBreakpoint-02.js
js/src/jit-test/tests/debug/Script-clearBreakpoint-03.js
js/src/jit-test/tests/debug/Script-clearBreakpoint-04.js
js/src/jit-test/tests/debug/Script-displayName-01.js
js/src/jit-test/tests/debug/Script-gc-01.js
js/src/jit-test/tests/debug/Script-gc-02.js
js/src/jit-test/tests/debug/Script-gc-03.js
js/src/jit-test/tests/debug/Script-getAllColumnOffsets-01.js
js/src/jit-test/tests/debug/Script-getAllColumnOffsets-02.js
js/src/jit-test/tests/debug/Script-getAllColumnOffsets-03.js
js/src/jit-test/tests/debug/Script-getAllColumnOffsets-04.js
js/src/jit-test/tests/debug/Script-getAllColumnOffsets-05.js
js/src/jit-test/tests/debug/Script-getAllColumnOffsets-06.js
js/src/jit-test/tests/debug/Script-getBreakpoints-01.js
js/src/jit-test/tests/debug/Script-getBreakpoints-02.js
js/src/jit-test/tests/debug/Script-getChildScripts-01.js
js/src/jit-test/tests/debug/Script-getChildScripts-02.js
js/src/jit-test/tests/debug/Script-getChildScripts-03.js
js/src/jit-test/tests/debug/Script-getChildScripts-04.js
js/src/jit-test/tests/debug/Script-getChildScripts-05.js
js/src/jit-test/tests/debug/Script-getLineOffsets-01.js
js/src/jit-test/tests/debug/Script-getLineOffsets-02.js
js/src/jit-test/tests/debug/Script-getLineOffsets-03.js
js/src/jit-test/tests/debug/Script-getLineOffsets-04.js
js/src/jit-test/tests/debug/Script-getLineOffsets-05.js
js/src/jit-test/tests/debug/Script-getLineOffsets-06.js
js/src/jit-test/tests/debug/Script-getLineOffsets-07.js
js/src/jit-test/tests/debug/Script-getLineOffsets-08.js
js/src/jit-test/tests/debug/Script-getOffsetLine-01.js
js/src/jit-test/tests/debug/Script-getOffsetLine-02.js
js/src/jit-test/tests/debug/Script-getOffsetLocation.js
js/src/jit-test/tests/debug/Script-getOffsetsCoverage-01.js
js/src/jit-test/tests/debug/Script-getOffsetsCoverage-02.js
js/src/jit-test/tests/debug/Script-getOffsetsCoverage-03.js
js/src/jit-test/tests/debug/Script-getOffsetsCoverage-04.js
js/src/jit-test/tests/debug/Script-getOffsetsCoverage-05.js
js/src/jit-test/tests/debug/Script-global-01.js
js/src/jit-test/tests/debug/Script-global-02.js
js/src/jit-test/tests/debug/Script-isInCatchScope.js
js/src/jit-test/tests/debug/Script-lineCount.js
js/src/jit-test/tests/debug/Script-source-01.js
js/src/jit-test/tests/debug/Script-source-02.js
js/src/jit-test/tests/debug/Script-source-03.js
js/src/jit-test/tests/debug/Script-sourceStart-01.js
js/src/jit-test/tests/debug/Script-sourceStart-02.js
js/src/jit-test/tests/debug/Script-sourceStart-03.js
js/src/jit-test/tests/debug/Script-sourceStart-04.js
js/src/jit-test/tests/debug/Script-startLine.js
js/src/jit-test/tests/debug/Script-url.js
js/src/jit-test/tests/debug/Source-canonicalId.js
js/src/jit-test/tests/debug/Source-displayURL-deprecated.js
js/src/jit-test/tests/debug/Source-displayURL.js
js/src/jit-test/tests/debug/Source-element-01.js
js/src/jit-test/tests/debug/Source-element-02.js
js/src/jit-test/tests/debug/Source-element-03.js
js/src/jit-test/tests/debug/Source-elementAttributeName.js
js/src/jit-test/tests/debug/Source-introductionScript-01.js
js/src/jit-test/tests/debug/Source-introductionScript-02.js
js/src/jit-test/tests/debug/Source-introductionScript-03.js
js/src/jit-test/tests/debug/Source-introductionScript-04.js
js/src/jit-test/tests/debug/Source-introductionType-data
js/src/jit-test/tests/debug/Source-introductionType.js
js/src/jit-test/tests/debug/Source-invisible.js
js/src/jit-test/tests/debug/Source-sourceMapURL-deprecated.js
js/src/jit-test/tests/debug/Source-sourceMapURL.js
js/src/jit-test/tests/debug/Source-surfaces.js
js/src/jit-test/tests/debug/Source-text-01.js
js/src/jit-test/tests/debug/Source-text-02.js
js/src/jit-test/tests/debug/Source-text-lazy.js
js/src/jit-test/tests/debug/Source-url.js
js/src/jit-test/tests/debug/breakpoint-01.js
js/src/jit-test/tests/debug/breakpoint-02.js
js/src/jit-test/tests/debug/breakpoint-03.js
js/src/jit-test/tests/debug/breakpoint-04.js
js/src/jit-test/tests/debug/breakpoint-05.js
js/src/jit-test/tests/debug/breakpoint-06.js
js/src/jit-test/tests/debug/breakpoint-07.js
js/src/jit-test/tests/debug/breakpoint-08.js
js/src/jit-test/tests/debug/breakpoint-09.js
js/src/jit-test/tests/debug/breakpoint-10.js
js/src/jit-test/tests/debug/breakpoint-11.js
js/src/jit-test/tests/debug/breakpoint-12.js
js/src/jit-test/tests/debug/breakpoint-13.js
js/src/jit-test/tests/debug/breakpoint-14.js
js/src/jit-test/tests/debug/breakpoint-gc-01.js
js/src/jit-test/tests/debug/breakpoint-gc-02.js
js/src/jit-test/tests/debug/breakpoint-gc-04.js
js/src/jit-test/tests/debug/breakpoint-gc-05.js
js/src/jit-test/tests/debug/breakpoint-multi-01.js
js/src/jit-test/tests/debug/breakpoint-multi-02.js
js/src/jit-test/tests/debug/breakpoint-multi-03.js
js/src/jit-test/tests/debug/breakpoint-multi-04.js
js/src/jit-test/tests/debug/breakpoint-noncng.js
js/src/jit-test/tests/debug/breakpoint-resume-01.js
js/src/jit-test/tests/debug/breakpoint-resume-02.js
js/src/jit-test/tests/debug/breakpoint-resume-03.js
js/src/jit-test/tests/debug/bug-1102549.js
js/src/jit-test/tests/debug/bug-1103386.js
js/src/jit-test/tests/debug/bug-1103813.js
js/src/jit-test/tests/debug/bug-1103817.js
js/src/jit-test/tests/debug/bug-1110327.js
js/src/jit-test/tests/debug/bug-1136806.js
js/src/jit-test/tests/debug/bug-1192401.js
js/src/jit-test/tests/debug/bug-1204863.js
js/src/jit-test/tests/debug/bug-725733.js
js/src/jit-test/tests/debug/bug-800586.js
js/src/jit-test/tests/debug/bug-826669.js
js/src/jit-test/tests/debug/bug-858170.js
js/src/jit-test/tests/debug/bug-876654.js
js/src/jit-test/tests/debug/bug1001372.js
js/src/jit-test/tests/debug/bug1002797.js
js/src/jit-test/tests/debug/bug1004447.js
js/src/jit-test/tests/debug/bug1006205.js
js/src/jit-test/tests/debug/bug1006473.js
js/src/jit-test/tests/debug/bug1106164.js
js/src/jit-test/tests/debug/bug1106719.js
js/src/jit-test/tests/debug/bug1107525.js
js/src/jit-test/tests/debug/bug1107913.js
js/src/jit-test/tests/debug/bug1108159.js
js/src/jit-test/tests/debug/bug1108556.js
js/src/jit-test/tests/debug/bug1109328.js
js/src/jit-test/tests/debug/bug1109915.js
js/src/jit-test/tests/debug/bug1109964.js
js/src/jit-test/tests/debug/bug1111199.js
js/src/jit-test/tests/debug/bug1114587.js
js/src/jit-test/tests/debug/bug1116103.js
js/src/jit-test/tests/debug/bug1118878.js
js/src/jit-test/tests/debug/bug1121083.js
js/src/jit-test/tests/debug/bug1130756.js
js/src/jit-test/tests/debug/bug1130768.js
js/src/jit-test/tests/debug/bug1133196.js
js/src/jit-test/tests/debug/bug1147939.js
js/src/jit-test/tests/debug/bug1148917.js
js/src/jit-test/tests/debug/bug1160182.js
js/src/jit-test/tests/debug/bug1161332.js
js/src/jit-test/tests/debug/bug1188334.js
js/src/jit-test/tests/debug/bug1191499.js
js/src/jit-test/tests/debug/bug1204726.js
js/src/jit-test/tests/debug/bug1219905.js
js/src/jit-test/tests/debug/bug911065.js
js/src/jit-test/tests/debug/bug967039.js
js/src/jit-test/tests/debug/bug973566.js
js/src/jit-test/tests/debug/bug980585.js
js/src/jit-test/tests/debug/bug999655.js
js/src/jit-test/tests/debug/clear-old-analyses-01.js
js/src/jit-test/tests/debug/clear-old-analyses-02.js
js/src/jit-test/tests/debug/cross-context-1.js
js/src/jit-test/tests/debug/cross-context-2.js
js/src/jit-test/tests/debug/cross-context-3.js
js/src/jit-test/tests/debug/dispatch-01.js
js/src/jit-test/tests/debug/dispatch-02.js
js/src/jit-test/tests/debug/execution-observability-01.js
js/src/jit-test/tests/debug/execution-observability-02.js
js/src/jit-test/tests/debug/execution-observability-03.js
js/src/jit-test/tests/debug/execution-observability-04.js
js/src/jit-test/tests/debug/execution-observability-05.js
js/src/jit-test/tests/debug/execution-observability-06.js
js/src/jit-test/tests/debug/gc-01.js
js/src/jit-test/tests/debug/gc-02.js
js/src/jit-test/tests/debug/gc-03.js
js/src/jit-test/tests/debug/gc-04.js
js/src/jit-test/tests/debug/gc-05.js
js/src/jit-test/tests/debug/gc-06.js
js/src/jit-test/tests/debug/gc-07.js
js/src/jit-test/tests/debug/gc-08.js
js/src/jit-test/tests/debug/gc-09.2.js
js/src/jit-test/tests/debug/gc-09.js
js/src/jit-test/tests/debug/gc-compartment-01.js
js/src/jit-test/tests/debug/gc-compartment-02.js
js/src/jit-test/tests/debug/makeGlobalObjectReference-01.js
js/src/jit-test/tests/debug/makeGlobalObjectReference-02.js
js/src/jit-test/tests/debug/makeGlobalObjectReference-03.js
js/src/jit-test/tests/debug/onDebuggerStatement-01.js
js/src/jit-test/tests/debug/onDebuggerStatement-02.js
js/src/jit-test/tests/debug/onDebuggerStatement-03.js
js/src/jit-test/tests/debug/onDebuggerStatement-04.js
js/src/jit-test/tests/debug/onDebuggerStatement-05.js
js/src/jit-test/tests/debug/onEnterFrame-01.js
js/src/jit-test/tests/debug/onEnterFrame-02.js
js/src/jit-test/tests/debug/onEnterFrame-03.js
js/src/jit-test/tests/debug/onEnterFrame-04.js
js/src/jit-test/tests/debug/onEnterFrame-05.js
js/src/jit-test/tests/debug/onEnterFrame-06.js
js/src/jit-test/tests/debug/onEnterFrame-07.js
js/src/jit-test/tests/debug/onExceptionUnwind-01.js
js/src/jit-test/tests/debug/onExceptionUnwind-02.js
js/src/jit-test/tests/debug/onExceptionUnwind-03.js
js/src/jit-test/tests/debug/onExceptionUnwind-04.js
js/src/jit-test/tests/debug/onExceptionUnwind-05.js
js/src/jit-test/tests/debug/onExceptionUnwind-06.js
js/src/jit-test/tests/debug/onExceptionUnwind-07.js
js/src/jit-test/tests/debug/onExceptionUnwind-08.js
js/src/jit-test/tests/debug/onExceptionUnwind-09.js
js/src/jit-test/tests/debug/onExceptionUnwind-10.js
js/src/jit-test/tests/debug/onExceptionUnwind-11.js
js/src/jit-test/tests/debug/onExceptionUnwind-12.js
js/src/jit-test/tests/debug/onExceptionUnwind-13.js
js/src/jit-test/tests/debug/onExceptionUnwind-14.js
js/src/jit-test/tests/debug/onExceptionUnwind-15.js
js/src/jit-test/tests/debug/onExceptionUnwind-resumption-01.js
js/src/jit-test/tests/debug/onExceptionUnwind-resumption-02.js
js/src/jit-test/tests/debug/onExceptionUnwind-resumption-03.js
js/src/jit-test/tests/debug/onExceptionUnwind-resumption-04.js
js/src/jit-test/tests/debug/onNewScript-01.js
js/src/jit-test/tests/debug/onNewScript-02.js
js/src/jit-test/tests/debug/onNewScript-03.js
js/src/jit-test/tests/debug/onNewScript-CloneAndExecuteScript.js
js/src/jit-test/tests/debug/onNewScript-ExecuteInGlobalAndReturnScope.js
js/src/jit-test/tests/debug/onNewScript-off-main-thread-01.js
js/src/jit-test/tests/debug/onNewScript-off-main-thread-02.js
js/src/jit-test/tests/debug/optimized-out-01.js
js/src/jit-test/tests/debug/optimized-out-02.js
js/src/jit-test/tests/debug/resumption-01.js
js/src/jit-test/tests/debug/resumption-02.js
js/src/jit-test/tests/debug/resumption-03.js
js/src/jit-test/tests/debug/resumption-04.js
js/src/jit-test/tests/debug/resumption-05.js
js/src/jit-test/tests/debug/resumption-06.js
js/src/jit-test/tests/debug/resumption-07.js
js/src/jit-test/tests/debug/resumption-08.js
js/src/jit-test/tests/debug/resumption-error-01.js
js/src/jit-test/tests/debug/resumption-error-02.js
js/src/jit-test/tests/debug/surfaces-01.js
js/src/jit-test/tests/debug/surfaces-02.js
js/src/jit-test/tests/debug/surfaces-03.js
js/src/jit-test/tests/debug/surfaces-offsets.js
js/src/jit-test/tests/debug/testEarlyReturnOnCall.js
js/src/jit-test/tests/debug/uncaughtExceptionHook-01.js
js/src/jit-test/tests/debug/uncaughtExceptionHook-02.js
js/src/jit-test/tests/debug/uncaughtExceptionHook-03.js
js/src/jit-test/tests/debug/uncaughtExceptionHook-resumption-01.js
js/src/jit-test/tests/debug/uncaughtExceptionHook-resumption-02.js
js/src/jit-test/tests/debug/uncaughtExceptionHook-resumption-03.js
js/src/jit-test/tests/errors/bug1810711.js
js/src/jit-test/tests/for-of/arguments-1.js
js/src/jit-test/tests/for-of/arguments-2.js
js/src/jit-test/tests/for-of/arguments-3.js
js/src/jit-test/tests/for-of/arguments-4.js
js/src/jit-test/tests/for-of/arguments-5.js
js/src/jit-test/tests/for-of/arguments-6.js
js/src/jit-test/tests/for-of/arguments-7.js
js/src/jit-test/tests/for-of/array-comprehension.js
js/src/jit-test/tests/for-of/array-holes-1.js
js/src/jit-test/tests/for-of/array-holes-2.js
js/src/jit-test/tests/for-of/array-holes-3.js
js/src/jit-test/tests/for-of/array-holes-4.js
js/src/jit-test/tests/for-of/array-holes-5.js
js/src/jit-test/tests/for-of/array-holes-6.js
js/src/jit-test/tests/for-of/array-holes-7.js
js/src/jit-test/tests/for-of/array-holes-slow.js
js/src/jit-test/tests/for-of/array-iterator-changing.js
js/src/jit-test/tests/for-of/array-iterator-empty.js
js/src/jit-test/tests/for-of/array-iterator-generic.js
js/src/jit-test/tests/for-of/array-iterator-growing-1.js
js/src/jit-test/tests/for-of/array-iterator-keys-entries.js
js/src/jit-test/tests/for-of/array-iterator-null.js
js/src/jit-test/tests/for-of/array-iterator-proxy.js
js/src/jit-test/tests/for-of/array-iterator-shrinking.js
js/src/jit-test/tests/for-of/array-iterator-surfaces-1.js
js/src/jit-test/tests/for-of/array-iterator-surfaces-2.js
js/src/jit-test/tests/for-of/array-jit.js
js/src/jit-test/tests/for-of/array-prototype.js
js/src/jit-test/tests/for-of/arrays-1.js
js/src/jit-test/tests/for-of/arrays-2.js
js/src/jit-test/tests/for-of/arrays-3.js
js/src/jit-test/tests/for-of/arrays-4.js
js/src/jit-test/tests/for-of/arrays-5.js
js/src/jit-test/tests/for-of/arrays-growing-1.js
js/src/jit-test/tests/for-of/arrays-growing-2.js
js/src/jit-test/tests/for-of/arrays-shrinking-1.js
js/src/jit-test/tests/for-of/arrays-shrinking-2.js
js/src/jit-test/tests/for-of/arrays-slow-1.js
js/src/jit-test/tests/for-of/arrays-slow-2.js
js/src/jit-test/tests/for-of/arrays-slow-3.js
js/src/jit-test/tests/for-of/arrays-slow-4.js
js/src/jit-test/tests/for-of/arrays-slow-5.js
js/src/jit-test/tests/for-of/break-1.js
js/src/jit-test/tests/for-of/break-2.js
js/src/jit-test/tests/for-of/break-3.js
js/src/jit-test/tests/for-of/bug-728079-js17-1.js
js/src/jit-test/tests/for-of/bug-728079-js17-2.js
js/src/jit-test/tests/for-of/bug-728079-js17-3.js
js/src/jit-test/tests/for-of/bug-728079-js17-4.js
js/src/jit-test/tests/for-of/completion.js
js/src/jit-test/tests/for-of/decompiler.js
js/src/jit-test/tests/for-of/generators-1.js
js/src/jit-test/tests/for-of/generators-2.js
js/src/jit-test/tests/for-of/generators-3.js
js/src/jit-test/tests/for-of/generators-5.js
js/src/jit-test/tests/for-of/manual-advance.js
js/src/jit-test/tests/for-of/next-1.js
js/src/jit-test/tests/for-of/next-2.js
js/src/jit-test/tests/for-of/next-3.js
js/src/jit-test/tests/for-of/next-arity.js
js/src/jit-test/tests/for-of/next-shenanigans.js
js/src/jit-test/tests/for-of/next-surfaces.js
js/src/jit-test/tests/for-of/non-iterable.js
js/src/jit-test/tests/for-of/proxy-1.js
js/src/jit-test/tests/for-of/proxy-2.js
js/src/jit-test/tests/for-of/proxy-3.js
js/src/jit-test/tests/for-of/return.js
js/src/jit-test/tests/for-of/semantics-01.js
js/src/jit-test/tests/for-of/semantics-02.js
js/src/jit-test/tests/for-of/semantics-03.js
js/src/jit-test/tests/for-of/semantics-04.js
js/src/jit-test/tests/for-of/semantics-05.js
js/src/jit-test/tests/for-of/semantics-06.js
js/src/jit-test/tests/for-of/semantics-07.js
js/src/jit-test/tests/for-of/semantics-08.js
js/src/jit-test/tests/for-of/semantics-09.js
js/src/jit-test/tests/for-of/semantics-10.js
js/src/jit-test/tests/for-of/semantics-11.js
js/src/jit-test/tests/for-of/string-iterator-generic.js
js/src/jit-test/tests/for-of/string-iterator-surfaces.js
js/src/jit-test/tests/for-of/strings.js
js/src/jit-test/tests/for-of/syntax-1.js
js/src/jit-test/tests/for-of/syntax-2.js
js/src/jit-test/tests/for-of/syntax-3.js
js/src/jit-test/tests/for-of/syntax-4.js
js/src/jit-test/tests/for-of/throw.js
js/src/jit-test/tests/for-of/typedarrays-1.js
js/src/jit-test/tests/for-of/typedarrays-2.js
js/src/jit-test/tests/for-of/typedarrays-3.js
js/src/jit-test/tests/for-of/typedarrays-4.js
js/src/jit-test/tests/for-of/typedarrays-5.js
js/src/jit-test/tests/for-of/typedarrays-6.js
js/src/jit-test/tests/for-of/value-done-access.js
js/src/jit-test/tests/for-of/wrapper-1.js
js/src/jit-test/tests/gc/bug-1004457.js
js/src/jit-test/tests/gc/bug-1016016.js
js/src/jit-test/tests/gc/bug-1017141.js
js/src/jit-test/tests/gc/bug-1028863.js
js/src/jit-test/tests/gc/bug-1032206.js
js/src/jit-test/tests/gc/bug-1035371.js
js/src/jit-test/tests/gc/bug-1039516.js
js/src/jit-test/tests/gc/bug-1053676.js
js/src/jit-test/tests/gc/bug-1055219.js
js/src/jit-test/tests/gc/bug-1070638.js
js/src/jit-test/tests/gc/bug-1075546.js
js/src/jit-test/tests/gc/bug-1104162.js
js/src/jit-test/tests/gc/bug-1108007.js
js/src/jit-test/tests/gc/bug-1108836.js
js/src/jit-test/tests/gc/bug-1109913.js
js/src/jit-test/tests/gc/bug-1109922.js
js/src/jit-test/tests/gc/bug-1123648.js
js/src/jit-test/tests/gc/bug-1124563.js
js/src/jit-test/tests/gc/bug-1124653.js
js/src/jit-test/tests/gc/bug-1136597.js
js/src/jit-test/tests/gc/bug-1137341.js
js/src/jit-test/tests/gc/bug-1138390.js
js/src/jit-test/tests/gc/bug-1143706.js
js/src/jit-test/tests/gc/bug-1144738.js
js/src/jit-test/tests/gc/bug-1146696.js
js/src/jit-test/tests/gc/bug-1148383.js
js/src/jit-test/tests/gc/bug-1155455.js
js/src/jit-test/tests/gc/bug-1157577.js
js/src/jit-test/tests/gc/bug-1161303.js
js/src/jit-test/tests/gc/bug-1161968.js
js/src/jit-test/tests/gc/bug-1165966.js
js/src/jit-test/tests/gc/bug-1171909.js
js/src/jit-test/tests/gc/bug-1175755.js
js/src/jit-test/tests/gc/bug-1177778.js
js/src/jit-test/tests/gc/bug-1188290.js
js/src/jit-test/tests/gc/bug-1191576.js
js/src/jit-test/tests/gc/bug-1196210.js
js/src/jit-test/tests/gc/bug-1206677.js
js/src/jit-test/tests/gc/bug-1208994.js
js/src/jit-test/tests/gc/bug-1209001.js
js/src/jit-test/tests/gc/bug-1210607.js
js/src/jit-test/tests/gc/bug-1214006.js
js/src/jit-test/tests/gc/bug-1214781.js
js/src/jit-test/tests/gc/bug-1214846.js
js/src/jit-test/tests/gc/bug-1215363-1.js
js/src/jit-test/tests/gc/bug-1215363-2.js
js/src/jit-test/tests/gc/bug-1215363-3.js
js/src/jit-test/tests/gc/bug-1215678.js
js/src/jit-test/tests/gc/bug-1216607.js
js/src/jit-test/tests/gc/bug-1218900-2.js
js/src/jit-test/tests/gc/bug-1218900.js
js/src/jit-test/tests/gc/bug-1221359.js
js/src/jit-test/tests/gc/bug-1221747.js
js/src/jit-test/tests/gc/bug-1223021.js
js/src/jit-test/tests/gc/bug-1224710.js
js/src/jit-test/tests/gc/bug-1226888.js
js/src/jit-test/tests/gc/bug-1226896.js
js/src/jit-test/tests/gc/bug-1232386.js
js/src/jit-test/tests/gc/bug-1241731.js
js/src/jit-test/tests/gc/bug-1301496.js
js/src/jit-test/tests/gc/bug-1308048.js
js/src/jit-test/tests/gc/bug-1322420.js
js/src/jit-test/tests/gc/bug-1324512.js
js/src/jit-test/tests/gc/bug-1328251.js
js/src/jit-test/tests/gc/bug-1338383.js
js/src/jit-test/tests/gc/bug-787703.js
js/src/jit-test/tests/gc/bug-820186.js
js/src/jit-test/tests/gc/bug-821013.js
js/src/jit-test/tests/gc/bug-821551.js
js/src/jit-test/tests/gc/bug-824321.js
js/src/jit-test/tests/gc/bug-825326.js
js/src/jit-test/tests/gc/bug-832103.js
js/src/jit-test/tests/gc/bug-880816.js
js/src/jit-test/tests/gc/bug-880886.js
js/src/jit-test/tests/gc/bug-886551-1.js
js/src/jit-test/tests/gc/bug-886551-2.js
js/src/jit-test/tests/gc/bug-886560.js
js/src/jit-test/tests/gc/bug-886630.js
js/src/jit-test/tests/gc/bug-889682-1.js
js/src/jit-test/tests/gc/bug-889682-2.js
js/src/jit-test/tests/gc/bug-889682-3.js
js/src/jit-test/tests/gc/bug-891773.js
js/src/jit-test/tests/gc/bug-900405.js
js/src/jit-test/tests/gc/bug-906236.js
js/src/jit-test/tests/gc/bug-906241.js
js/src/jit-test/tests/gc/bug-906243.js
js/src/jit-test/tests/gc/bug-912734.js
js/src/jit-test/tests/gc/bug-912813.js
js/src/jit-test/tests/gc/bug-913224.js
js/src/jit-test/tests/gc/bug-913261.js
js/src/jit-test/tests/gc/bug-913715.js
js/src/jit-test/tests/gc/bug-919536.js
js/src/jit-test/tests/gc/bug-924690.js
js/src/jit-test/tests/gc/bug-935022.js
js/src/jit-test/tests/gc/bug-939499.js
js/src/jit-test/tests/gc/bug-945275.js
js/src/jit-test/tests/gc/bug-945280.js
js/src/jit-test/tests/gc/bug-945285.js
js/src/jit-test/tests/gc/bug-948423.js
js/src/jit-test/tests/gc/bug-950927.js
js/src/jit-test/tests/gc/bug-952819.js
js/src/jit-test/tests/gc/bug-956324.js
js/src/jit-test/tests/gc/bug-957110.js
js/src/jit-test/tests/gc/bug-957114.js
js/src/jit-test/tests/gc/bug-961741.js
js/src/jit-test/tests/gc/bug-961877.js
js/src/jit-test/tests/gc/bug-969012.js
js/src/jit-test/tests/gc/bug-978353.js
js/src/jit-test/tests/gc/bug-978802.js
js/src/jit-test/tests/gc/bug-981289.js
js/src/jit-test/tests/gc/bug-981295.js
js/src/jit-test/tests/gc/bug-985732.js
js/src/jit-test/tests/gc/bug-986864.js
js/src/jit-test/tests/gc/bug-993768.js
js/src/jit-test/tests/gc/bug1116306.js
js/src/jit-test/tests/gc/bug1191756.js
js/src/jit-test/tests/gc/bug888463.js
js/src/jit-test/tests/gc/incremental-01.js
js/src/jit-test/tests/gc/incremental-02.js
js/src/jit-test/tests/gc/incremental-AccessorShape-barrier.js
js/src/jit-test/tests/gc/incremental-abort.js
js/src/jit-test/tests/gc/incremental-compacting.js
js/src/jit-test/tests/gc/incremental-state.js
js/src/jit-test/tests/gc/jsscript-mark-children.js
js/src/jit-test/tests/gc/multi-01.js
js/src/jit-test/tests/gc/multi-02.js
js/src/jit-test/tests/gc/multi-03.js
js/src/jit-test/tests/gc/oomInArrayProtoTest.js
js/src/jit-test/tests/gc/oomInDebugger.js
js/src/jit-test/tests/gc/oomInExceptionHandlerBailout.js
js/src/jit-test/tests/gc/oomInFormatStackDump.js
js/src/jit-test/tests/gc/oomInGetJumpLabelForBranch.js
js/src/jit-test/tests/gc/oomInNewGlobal.js
js/src/jit-test/tests/gc/oomInOffTheadCompile.js
js/src/jit-test/tests/gc/oomInParseAsmJS.js
js/src/jit-test/tests/gc/oomInParseFunction.js
js/src/jit-test/tests/gc/oomInRegExp.js
js/src/jit-test/tests/gc/oomInWeakMap.js
js/src/jit-test/tests/gc/weak-marking-01.js
js/src/jit-test/tests/gc/weak-marking-02.js
js/src/jit-test/tests/generators/bug1098947.js
js/src/jit-test/tests/generators/bug1151326.js
js/src/jit-test/tests/generators/bug908920.js
js/src/jit-test/tests/generators/bug931414.js
js/src/jit-test/tests/generators/closing-osr.js
js/src/jit-test/tests/generators/es6-syntax.js
js/src/jit-test/tests/generators/next-on-finished.js
js/src/jit-test/tests/generators/return-break-continue.js
js/src/jit-test/tests/generators/return.js
js/src/jit-test/tests/generators/star-generator-forin.js
js/src/jit-test/tests/generators/throw-closes.js
js/src/jit-test/tests/generators/throw-on-finished.js
js/src/jit-test/tests/generators/wrappers.js
js/src/jit-test/tests/generators/yield-in-finally.js
js/src/jit-test/tests/generators/yield-regexp.js
js/src/jit-test/tests/generators/yield-yield.js
js/src/jit-test/tests/heap-analysis/byteSize-of-object.js
js/src/jit-test/tests/heap-analysis/byteSize-of-scripts.js
js/src/jit-test/tests/heap-analysis/byteSize-of-string.js
js/src/jit-test/tests/heap-analysis/byteSize-of-symbol.js
js/src/jit-test/tests/heap-analysis/findPath.js
js/src/jit-test/tests/heap-analysis/pointerByteSize.js
js/src/jit-test/tests/ion/ArrayLengthGetPropertyIC.js
js/src/jit-test/tests/ion/InlineAddVTypeMonitor.js
js/src/jit-test/tests/ion/PurgeProtoChain.js
js/src/jit-test/tests/ion/absd.js
js/src/jit-test/tests/ion/andOr.js
js/src/jit-test/tests/ion/arguments-type-reflow.js
js/src/jit-test/tests/ion/array-splice.js
js/src/jit-test/tests/ion/bailout-with-object-or-null.js
js/src/jit-test/tests/ion/bindname.js
js/src/jit-test/tests/ion/bug-770309-mcall-bailout.js
js/src/jit-test/tests/ion/bug-870034.js
js/src/jit-test/tests/ion/bug-952818.js
js/src/jit-test/tests/ion/bug1000605.js
js/src/jit-test/tests/ion/bug1000960.js
js/src/jit-test/tests/ion/bug1001222.js
js/src/jit-test/tests/ion/bug1001378.js
js/src/jit-test/tests/ion/bug1001382.js
js/src/jit-test/tests/ion/bug1001850.js
js/src/jit-test/tests/ion/bug1003694.js
js/src/jit-test/tests/ion/bug1005458.js
js/src/jit-test/tests/ion/bug1005590.js
js/src/jit-test/tests/ion/bug1006885.js
js/src/jit-test/tests/ion/bug1006899.js
js/src/jit-test/tests/ion/bug1007027.js
js/src/jit-test/tests/ion/bug1007213.js
js/src/jit-test/tests/ion/bug1015498.js
js/src/jit-test/tests/ion/bug1018621.js
js/src/jit-test/tests/ion/bug1022081.js
js/src/jit-test/tests/ion/bug1027510.js
js/src/jit-test/tests/ion/bug1028910.js
js/src/jit-test/tests/ion/bug1033873.js
js/src/jit-test/tests/ion/bug1034400.js
js/src/jit-test/tests/ion/bug1046597.js
js/src/jit-test/tests/ion/bug1053074.js
js/src/jit-test/tests/ion/bug1054047.js
js/src/jit-test/tests/ion/bug1054241.js
js/src/jit-test/tests/ion/bug1054512.js
js/src/jit-test/tests/ion/bug1054601.js
js/src/jit-test/tests/ion/bug1054753.js
js/src/jit-test/tests/ion/bug1055762.js
js/src/jit-test/tests/ion/bug1055864.js
js/src/jit-test/tests/ion/bug1057580.js
js/src/jit-test/tests/ion/bug1057582.js
js/src/jit-test/tests/ion/bug1057598.js
js/src/jit-test/tests/ion/bug1060387.js
js/src/jit-test/tests/ion/bug1060398.js
js/src/jit-test/tests/ion/bug1062612.js
js/src/jit-test/tests/ion/bug1063182.js
js/src/jit-test/tests/ion/bug1063488.js
js/src/jit-test/tests/ion/bug1063653.js
js/src/jit-test/tests/ion/bug1064537.js
js/src/jit-test/tests/ion/bug1066659.js
js/src/jit-test/tests/ion/bug1070462.js
js/src/jit-test/tests/ion/bug1070465.js
js/src/jit-test/tests/ion/bug1071879.js
js/src/jit-test/tests/ion/bug1072188.js
js/src/jit-test/tests/ion/bug1072691.js
js/src/jit-test/tests/ion/bug1072911.js
js/src/jit-test/tests/ion/bug1073702.js
js/src/jit-test/tests/ion/bug1073861.js
js/src/jit-test/tests/ion/bug1073928.js
js/src/jit-test/tests/ion/bug1074833.js
js/src/jit-test/tests/ion/bug1076026.js
js/src/jit-test/tests/ion/bug1076091.js
js/src/jit-test/tests/ion/bug1076283.js
js/src/jit-test/tests/ion/bug1077349.js
js/src/jit-test/tests/ion/bug1077427.js
js/src/jit-test/tests/ion/bug1079062.js
js/src/jit-test/tests/ion/bug1079850.js
js/src/jit-test/tests/ion/bug1080991.js
js/src/jit-test/tests/ion/bug1085298.js
js/src/jit-test/tests/ion/bug1089761.js
js/src/jit-test/tests/ion/bug1090037.js
js/src/jit-test/tests/ion/bug1090424.js
js/src/jit-test/tests/ion/bug1092833.js
js/src/jit-test/tests/ion/bug1101576.js
js/src/jit-test/tests/ion/bug1101821.js
js/src/jit-test/tests/ion/bug1102187.js
js/src/jit-test/tests/ion/bug1105187-sink.js
js/src/jit-test/tests/ion/bug1105574-ra-sink.js
js/src/jit-test/tests/ion/bug1105684.js
js/src/jit-test/tests/ion/bug1106171-sink.js
js/src/jit-test/tests/ion/bug1107011-1.js
js/src/jit-test/tests/ion/bug1107011-2.js
js/src/jit-test/tests/ion/bug1113139.js
js/src/jit-test/tests/ion/bug1115665.js
js/src/jit-test/tests/ion/bug1117099.js
js/src/jit-test/tests/ion/bug1122401.js
js/src/jit-test/tests/ion/bug1122839.js
js/src/jit-test/tests/ion/bug1123011.js
js/src/jit-test/tests/ion/bug1123064.js
js/src/jit-test/tests/ion/bug1128490.js
js/src/jit-test/tests/ion/bug1129977.js
js/src/jit-test/tests/ion/bug1130679.js
js/src/jit-test/tests/ion/bug1132128.js
js/src/jit-test/tests/ion/bug1132290.js
js/src/jit-test/tests/ion/bug1132584.js
js/src/jit-test/tests/ion/bug1132770.js
js/src/jit-test/tests/ion/bug1133530.js
js/src/jit-test/tests/ion/bug1134074.js
js/src/jit-test/tests/ion/bug1135047.js
js/src/jit-test/tests/ion/bug1138740.js
js/src/jit-test/tests/ion/bug1139152.js
js/src/jit-test/tests/ion/bug1139368.js
js/src/jit-test/tests/ion/bug1139376.js
js/src/jit-test/tests/ion/bug1140890.js
js/src/jit-test/tests/ion/bug1143216.js
js/src/jit-test/tests/ion/bug1143679.js
js/src/jit-test/tests/ion/bug1143878.js
js/src/jit-test/tests/ion/bug1146410.js
js/src/jit-test/tests/ion/bug1148883.js
js/src/jit-test/tests/ion/bug1148973-1.js
js/src/jit-test/tests/ion/bug1148973-2.js
js/src/jit-test/tests/ion/bug1151323.js
js/src/jit-test/tests/ion/bug1154971.js
js/src/jit-test/tests/ion/bug1155807.js
js/src/jit-test/tests/ion/bug1158632.js
js/src/jit-test/tests/ion/bug1159899.js
js/src/jit-test/tests/ion/bug1160884.js
js/src/jit-test/tests/ion/bug1172498-2.js
js/src/jit-test/tests/ion/bug1172498.js
js/src/jit-test/tests/ion/bug1181354.js
js/src/jit-test/tests/ion/bug1185957.js
js/src/jit-test/tests/ion/bug1186271.js
js/src/jit-test/tests/ion/bug1189137.js
js/src/jit-test/tests/ion/bug1195588.js
js/src/jit-test/tests/ion/bug1195590.js
js/src/jit-test/tests/ion/bug1196587.js
js/src/jit-test/tests/ion/bug1196589.js
js/src/jit-test/tests/ion/bug1196590.js
js/src/jit-test/tests/ion/bug1196648.js
js/src/jit-test/tests/ion/bug1199898.js
js/src/jit-test/tests/ion/bug1199952.js
js/src/jit-test/tests/ion/bug1201459.js
js/src/jit-test/tests/ion/bug1201469.js
js/src/jit-test/tests/ion/bug1201850.js
js/src/jit-test/tests/ion/bug1203791.js
js/src/jit-test/tests/ion/bug1204165.js
js/src/jit-test/tests/ion/bug1204675.js
js/src/jit-test/tests/ion/bug1205842.js
js/src/jit-test/tests/ion/bug1207413.js
js/src/jit-test/tests/ion/bug1212298.js
js/src/jit-test/tests/ion/bug1212605.js
js/src/jit-test/tests/ion/bug1213552.js
js/src/jit-test/tests/ion/bug1214013.js
js/src/jit-test/tests/ion/bug1214050.js
js/src/jit-test/tests/ion/bug1215992.js
js/src/jit-test/tests/ion/bug1216151.js
js/src/jit-test/tests/ion/bug1216157.js
js/src/jit-test/tests/ion/bug1218065.js
js/src/jit-test/tests/ion/bug1222905.js
js/src/jit-test/tests/ion/bug1225367.js
js/src/jit-test/tests/ion/bug1226816.js
js/src/jit-test/tests/ion/bug1228397.js
js/src/jit-test/tests/ion/bug1239075.js
js/src/jit-test/tests/ion/bug1244502.js
js/src/jit-test/tests/ion/bug1247880.js
js/src/jit-test/tests/ion/bug1814899.js
js/src/jit-test/tests/ion/bug470143.js
js/src/jit-test/tests/ion/bug669575-1.js
js/src/jit-test/tests/ion/bug669575-2.js
js/src/jit-test/tests/ion/bug669575-3.js
js/src/jit-test/tests/ion/bug669950.js
js/src/jit-test/tests/ion/bug670484.js
js/src/jit-test/tests/ion/bug674507-1.js
js/src/jit-test/tests/ion/bug674507-2.js
js/src/jit-test/tests/ion/bug674656.js
js/src/jit-test/tests/ion/bug674664-1.js
js/src/jit-test/tests/ion/bug674664-2.js
js/src/jit-test/tests/ion/bug674664-3.js
js/src/jit-test/tests/ion/bug674694.js
js/src/jit-test/tests/ion/bug675381.js
js/src/jit-test/tests/ion/bug677066-2.js
js/src/jit-test/tests/ion/bug677066.js
js/src/jit-test/tests/ion/bug677073-2.js
js/src/jit-test/tests/ion/bug677073.js
js/src/jit-test/tests/ion/bug677074.js
js/src/jit-test/tests/ion/bug677080.js
js/src/jit-test/tests/ion/bug677163.js
js/src/jit-test/tests/ion/bug677455.js
js/src/jit-test/tests/ion/bug677715-2.js
js/src/jit-test/tests/ion/bug677715-3.js
js/src/jit-test/tests/ion/bug677715-4.js
js/src/jit-test/tests/ion/bug677715.js
js/src/jit-test/tests/ion/bug677730.js
js/src/jit-test/tests/ion/bug677774-1.js
js/src/jit-test/tests/ion/bug677774-2.js
js/src/jit-test/tests/ion/bug677871.js
js/src/jit-test/tests/ion/bug678106.js
js/src/jit-test/tests/ion/bug678239-1.js
js/src/jit-test/tests/ion/bug678239-2.js
js/src/jit-test/tests/ion/bug678353.js
js/src/jit-test/tests/ion/bug678620.js
js/src/jit-test/tests/ion/bug678625.js
js/src/jit-test/tests/ion/bug678798.js
js/src/jit-test/tests/ion/bug679493-2.js
js/src/jit-test/tests/ion/bug679493.js
js/src/jit-test/tests/ion/bug679581.js
js/src/jit-test/tests/ion/bug679794.js
js/src/jit-test/tests/ion/bug680432.js
js/src/jit-test/tests/ion/bug680619.js
js/src/jit-test/tests/ion/bug680621.js
js/src/jit-test/tests/ion/bug681185.js
js/src/jit-test/tests/ion/bug682210.js
js/src/jit-test/tests/ion/bug684362.js
js/src/jit-test/tests/ion/bug684384.js
js/src/jit-test/tests/ion/bug691597.js
js/src/jit-test/tests/ion/bug691603.js
js/src/jit-test/tests/ion/bug691747.js
js/src/jit-test/tests/ion/bug692208.js
js/src/jit-test/tests/ion/bug692211.js
js/src/jit-test/tests/ion/bug692213.js
js/src/jit-test/tests/ion/bug692215.js
js/src/jit-test/tests/ion/bug695017.js
js/src/jit-test/tests/ion/bug701956.js
js/src/jit-test/tests/ion/bug701958.js
js/src/jit-test/tests/ion/bug701964.js
js/src/jit-test/tests/ion/bug703376.js
js/src/jit-test/tests/ion/bug705351.js
js/src/jit-test/tests/ion/bug706692.js
js/src/jit-test/tests/ion/bug706699.js
js/src/jit-test/tests/ion/bug710983.js
js/src/jit-test/tests/ion/bug714397.js
js/src/jit-test/tests/ion/bug716504.js
js/src/jit-test/tests/ion/bug716624-1.js
js/src/jit-test/tests/ion/bug716624-2.js
js/src/jit-test/tests/ion/bug716743.js
js/src/jit-test/tests/ion/bug716853.js
js/src/jit-test/tests/ion/bug716895.js
js/src/jit-test/tests/ion/bug717466.js
js/src/jit-test/tests/ion/bug718850.js
js/src/jit-test/tests/ion/bug719231.js
js/src/jit-test/tests/ion/bug719346.js
js/src/jit-test/tests/ion/bug719774.js
js/src/jit-test/tests/ion/bug720169.js
js/src/jit-test/tests/ion/bug723040.js
js/src/jit-test/tests/ion/bug723271.js
js/src/jit-test/tests/ion/bug724517.js
js/src/jit-test/tests/ion/bug724530.js
js/src/jit-test/tests/ion/bug724562.js
js/src/jit-test/tests/ion/bug724654.js
js/src/jit-test/tests/ion/bug724788.js
js/src/jit-test/tests/ion/bug724944.js
js/src/jit-test/tests/ion/bug724975.js
js/src/jit-test/tests/ion/bug724976.js
js/src/jit-test/tests/ion/bug724999.js
js/src/jit-test/tests/ion/bug725000.js
js/src/jit-test/tests/ion/bug725003.js
js/src/jit-test/tests/ion/bug725011.js
js/src/jit-test/tests/ion/bug725061.js
js/src/jit-test/tests/ion/bug725067.js
js/src/jit-test/tests/ion/bug726180.js
js/src/jit-test/tests/ion/bug728033.js
js/src/jit-test/tests/ion/bug728187.js
js/src/jit-test/tests/ion/bug728188.js
js/src/jit-test/tests/ion/bug729573.js
js/src/jit-test/tests/ion/bug729788.js
js/src/jit-test/tests/ion/bug729795.js
js/src/jit-test/tests/ion/bug729798.js
js/src/jit-test/tests/ion/bug729814.js
js/src/jit-test/tests/ion/bug729884.js
js/src/jit-test/tests/ion/bug729899-1.js
js/src/jit-test/tests/ion/bug729899-2.js
js/src/jit-test/tests/ion/bug729902-1.js
js/src/jit-test/tests/ion/bug729902-2.js
js/src/jit-test/tests/ion/bug730115.js
js/src/jit-test/tests/ion/bug730152.js
js/src/jit-test/tests/ion/bug730977-implement-jsop-delprop.js
js/src/jit-test/tests/ion/bug731820.js
js/src/jit-test/tests/ion/bug732758.js
js/src/jit-test/tests/ion/bug732846.js
js/src/jit-test/tests/ion/bug732847.js
js/src/jit-test/tests/ion/bug732849.js
js/src/jit-test/tests/ion/bug732850.js
js/src/jit-test/tests/ion/bug732851.js
js/src/jit-test/tests/ion/bug732858.js
js/src/jit-test/tests/ion/bug732859.js
js/src/jit-test/tests/ion/bug732860.js
js/src/jit-test/tests/ion/bug732862.js
js/src/jit-test/tests/ion/bug732863.js
js/src/jit-test/tests/ion/bug732864.js
js/src/jit-test/tests/ion/bug734383.js
js/src/jit-test/tests/ion/bug735869.js
js/src/jit-test/tests/ion/bug736135-2.js
js/src/jit-test/tests/ion/bug736135.js
js/src/jit-test/tests/ion/bug736141.js
js/src/jit-test/tests/ion/bug739854.js
js/src/jit-test/tests/ion/bug741202.js
js/src/jit-test/tests/ion/bug741241.js
js/src/jit-test/tests/ion/bug743099.js
js/src/jit-test/tests/ion/bug746370.js
js/src/jit-test/tests/ion/bug747271.js
js/src/jit-test/tests/ion/bug750588.js
js/src/jit-test/tests/ion/bug754713-1.js
js/src/jit-test/tests/ion/bug754713-2.js
js/src/jit-test/tests/ion/bug754713-3.js
js/src/jit-test/tests/ion/bug754713-4.js
js/src/jit-test/tests/ion/bug754718.js
js/src/jit-test/tests/ion/bug754720.js
js/src/jit-test/tests/ion/bug755157.js
js/src/jit-test/tests/ion/bug755832.js
js/src/jit-test/tests/ion/bug756235.js
js/src/jit-test/tests/ion/bug756238.js
js/src/jit-test/tests/ion/bug756240.js
js/src/jit-test/tests/ion/bug756247.js
js/src/jit-test/tests/ion/bug756780.js
js/src/jit-test/tests/ion/bug756781.js
js/src/jit-test/tests/ion/bug758181.js
js/src/jit-test/tests/ion/bug758991.js
js/src/jit-test/tests/ion/bug759213.js
js/src/jit-test/tests/ion/bug760103.js
js/src/jit-test/tests/ion/bug761835.js
js/src/jit-test/tests/ion/bug761854.js
js/src/jit-test/tests/ion/bug762547.js
js/src/jit-test/tests/ion/bug764432.js
js/src/jit-test/tests/ion/bug764792.js
js/src/jit-test/tests/ion/bug765454.js
js/src/jit-test/tests/ion/bug765477.js
js/src/jit-test/tests/ion/bug765478.js
js/src/jit-test/tests/ion/bug765480.js
js/src/jit-test/tests/ion/bug766218.js
js/src/jit-test/tests/ion/bug767665.js
js/src/jit-test/tests/ion/bug768436.js
js/src/jit-test/tests/ion/bug770235.js
js/src/jit-test/tests/ion/bug770762.js
js/src/jit-test/tests/ion/bug772901.js
js/src/jit-test/tests/ion/bug773587.js
js/src/jit-test/tests/ion/bug774006.js
js/src/jit-test/tests/ion/bug774257-1.js
js/src/jit-test/tests/ion/bug774257-2.js
js/src/jit-test/tests/ion/bug774644.js
js/src/jit-test/tests/ion/bug776687.js
js/src/jit-test/tests/ion/bug776748.js
js/src/jit-test/tests/ion/bug779125.js
js/src/jit-test/tests/ion/bug779245.js
js/src/jit-test/tests/ion/bug779595.js
js/src/jit-test/tests/ion/bug779631.js
js/src/jit-test/tests/ion/bug779812.js
js/src/jit-test/tests/ion/bug779841.js
js/src/jit-test/tests/ion/bug780842.js
js/src/jit-test/tests/ion/bug782087.js
js/src/jit-test/tests/ion/bug783590.js
js/src/jit-test/tests/ion/bug784385.js
js/src/jit-test/tests/ion/bug786107.js
js/src/jit-test/tests/ion/bug787921.js
js/src/jit-test/tests/ion/bug789300.js
js/src/jit-test/tests/ion/bug789420.js
js/src/jit-test/tests/ion/bug790479.js
js/src/jit-test/tests/ion/bug792166-1.js
js/src/jit-test/tests/ion/bug792166-2.js
js/src/jit-test/tests/ion/bug792220.js
js/src/jit-test/tests/ion/bug792234.js
js/src/jit-test/tests/ion/bug792944.js
js/src/jit-test/tests/ion/bug798819.js
js/src/jit-test/tests/ion/bug798823.js
js/src/jit-test/tests/ion/bug798946.js
js/src/jit-test/tests/ion/bug799185-1.js
js/src/jit-test/tests/ion/bug799185-2.js
js/src/jit-test/tests/ion/bug799185-3.js
js/src/jit-test/tests/ion/bug799185-4.js
js/src/jit-test/tests/ion/bug799185-5.js
js/src/jit-test/tests/ion/bug799185-6.js
js/src/jit-test/tests/ion/bug799185-7.js
js/src/jit-test/tests/ion/bug799185-8.js
js/src/jit-test/tests/ion/bug799185-9.js
js/src/jit-test/tests/ion/bug800179.js
js/src/jit-test/tests/ion/bug804064.js
js/src/jit-test/tests/ion/bug807035.js
js/src/jit-test/tests/ion/bug807047.js
js/src/jit-test/tests/ion/bug808023.js
js/src/jit-test/tests/ion/bug809021.js
js/src/jit-test/tests/ion/bug809472.js
js/src/jit-test/tests/ion/bug810253.js
js/src/jit-test/tests/ion/bug813784.js
js/src/jit-test/tests/ion/bug816492.js
js/src/jit-test/tests/ion/bug816786.js
js/src/jit-test/tests/ion/bug818023.js
js/src/jit-test/tests/ion/bug819611.js
js/src/jit-test/tests/ion/bug819794.js
js/src/jit-test/tests/ion/bug819865.js
js/src/jit-test/tests/ion/bug820873.js
js/src/jit-test/tests/ion/bug821788.js
js/src/jit-test/tests/ion/bug821794.js
js/src/jit-test/tests/ion/bug822938.js
js/src/jit-test/tests/ion/bug824347.js
js/src/jit-test/tests/ion/bug824473.js
js/src/jit-test/tests/ion/bug824863.js
js/src/jit-test/tests/ion/bug825599.js
js/src/jit-test/tests/ion/bug825705.js
js/src/jit-test/tests/ion/bug825716.js
js/src/jit-test/tests/ion/bug827082.js
js/src/jit-test/tests/ion/bug827659-1.js
js/src/jit-test/tests/ion/bug827659-2.js
js/src/jit-test/tests/ion/bug827821-2.js
js/src/jit-test/tests/ion/bug827821-3.js
js/src/jit-test/tests/ion/bug830269.js
js/src/jit-test/tests/ion/bug831087.js
js/src/jit-test/tests/ion/bug831424-1.js
js/src/jit-test/tests/ion/bug831424-2.js
js/src/jit-test/tests/ion/bug832058.js
js/src/jit-test/tests/ion/bug833076.js
js/src/jit-test/tests/ion/bug835178.js
js/src/jit-test/tests/ion/bug835496.js
js/src/jit-test/tests/ion/bug836102.js
js/src/jit-test/tests/ion/bug836274.js
js/src/jit-test/tests/ion/bug836705.js
js/src/jit-test/tests/ion/bug836774.js
js/src/jit-test/tests/ion/bug837312.js
js/src/jit-test/tests/ion/bug839315.js
js/src/jit-test/tests/ion/bug843866.js
js/src/jit-test/tests/ion/bug843875.js
js/src/jit-test/tests/ion/bug844059.js
js/src/jit-test/tests/ion/bug844364.js
js/src/jit-test/tests/ion/bug844452.js
js/src/jit-test/tests/ion/bug844459.js
js/src/jit-test/tests/ion/bug846330.js
js/src/jit-test/tests/ion/bug847412.js
js/src/jit-test/tests/ion/bug848319.js
js/src/jit-test/tests/ion/bug848733.js
js/src/jit-test/tests/ion/bug848803.js
js/src/jit-test/tests/ion/bug849781-2.js
js/src/jit-test/tests/ion/bug849781.js
js/src/jit-test/tests/ion/bug850099.js
js/src/jit-test/tests/ion/bug851064.js
js/src/jit-test/tests/ion/bug851067.js
js/src/jit-test/tests/ion/bug851792.js
js/src/jit-test/tests/ion/bug852140.js
js/src/jit-test/tests/ion/bug852174.js
js/src/jit-test/tests/ion/bug852342.js
js/src/jit-test/tests/ion/bug855514.js
js/src/jit-test/tests/ion/bug858586.js
js/src/jit-test/tests/ion/bug858617.js
js/src/jit-test/tests/ion/bug860838-1.js
js/src/jit-test/tests/ion/bug860838-2.js
js/src/jit-test/tests/ion/bug860838-3.js
js/src/jit-test/tests/ion/bug860838-4.js
js/src/jit-test/tests/ion/bug860838.js
js/src/jit-test/tests/ion/bug861165.js
js/src/jit-test/tests/ion/bug861419.js
js/src/jit-test/tests/ion/bug861439.js
js/src/jit-test/tests/ion/bug862100.js
js/src/jit-test/tests/ion/bug862357.js
js/src/jit-test/tests/ion/bug863261.js
js/src/jit-test/tests/ion/bug863755.js
js/src/jit-test/tests/ion/bug866611.js
js/src/jit-test/tests/ion/bug867820.js
js/src/jit-test/tests/ion/bug870328.js
js/src/jit-test/tests/ion/bug870356.js
js/src/jit-test/tests/ion/bug872331.js
js/src/jit-test/tests/ion/bug875452.js
js/src/jit-test/tests/ion/bug875656.js
js/src/jit-test/tests/ion/bug875804.js
js/src/jit-test/tests/ion/bug876465.js
js/src/jit-test/tests/ion/bug877936-2.js
js/src/jit-test/tests/ion/bug877936.js
js/src/jit-test/tests/ion/bug878444.js
js/src/jit-test/tests/ion/bug878510.js
js/src/jit-test/tests/ion/bug882323.js
js/src/jit-test/tests/ion/bug882565-1.js
js/src/jit-test/tests/ion/bug882565.js
js/src/jit-test/tests/ion/bug883490.js
js/src/jit-test/tests/ion/bug885660.js
js/src/jit-test/tests/ion/bug886243.js
js/src/jit-test/tests/ion/bug886246.js
js/src/jit-test/tests/ion/bug888568.js
js/src/jit-test/tests/ion/bug889186.js
js/src/jit-test/tests/ion/bug889451.js
js/src/jit-test/tests/ion/bug890722.js
js/src/jit-test/tests/ion/bug892426.js
js/src/jit-test/tests/ion/bug892794.js
js/src/jit-test/tests/ion/bug893732.js
js/src/jit-test/tests/ion/bug893853.js
js/src/jit-test/tests/ion/bug894786-2.js
js/src/jit-test/tests/ion/bug894786.js
js/src/jit-test/tests/ion/bug894794.js
js/src/jit-test/tests/ion/bug897747.js
js/src/jit-test/tests/ion/bug898047.js
js/src/jit-test/tests/ion/bug898857.js
js/src/jit-test/tests/ion/bug901086.js
js/src/jit-test/tests/ion/bug901391.js
js/src/jit-test/tests/ion/bug904315.js
js/src/jit-test/tests/ion/bug905166.js
js/src/jit-test/tests/ion/bug905986.js
js/src/jit-test/tests/ion/bug905999.js
js/src/jit-test/tests/ion/bug906035.js
js/src/jit-test/tests/ion/bug906284.js
js/src/jit-test/tests/ion/bug908903.js
js/src/jit-test/tests/ion/bug909401.js
js/src/jit-test/tests/ion/bug909505.js
js/src/jit-test/tests/ion/bug909601.js
js/src/jit-test/tests/ion/bug909997.js
js/src/jit-test/tests/ion/bug911369.js
js/src/jit-test/tests/ion/bug911707.js
js/src/jit-test/tests/ion/bug912152.js
js/src/jit-test/tests/ion/bug913749.js
js/src/jit-test/tests/ion/bug914098.js
js/src/jit-test/tests/ion/bug914341.js
js/src/jit-test/tests/ion/bug915301.js
js/src/jit-test/tests/ion/bug915608.js
js/src/jit-test/tests/ion/bug915903.js
js/src/jit-test/tests/ion/bug916712.js
js/src/jit-test/tests/ion/bug916752.js
js/src/jit-test/tests/ion/bug919118.js
js/src/jit-test/tests/ion/bug921035.js
js/src/jit-test/tests/ion/bug922118.js
js/src/jit-test/tests/ion/bug924538.js
js/src/jit-test/tests/ion/bug925067-1.js
js/src/jit-test/tests/ion/bug925067-2.js
js/src/jit-test/tests/ion/bug925067-3.js
js/src/jit-test/tests/ion/bug925305.js
js/src/jit-test/tests/ion/bug925308.js
js/src/jit-test/tests/ion/bug927389.js
js/src/jit-test/tests/ion/bug928423.js
js/src/jit-test/tests/ion/bug928542.js
js/src/jit-test/tests/ion/bug928625.js
js/src/jit-test/tests/ion/bug930327.js
js/src/jit-test/tests/ion/bug930990.js
js/src/jit-test/tests/ion/bug930993.js
js/src/jit-test/tests/ion/bug931496.js
js/src/jit-test/tests/ion/bug936740.js
js/src/jit-test/tests/ion/bug939868-2.js
js/src/jit-test/tests/ion/bug939868.js
js/src/jit-test/tests/ion/bug940635.js
js/src/jit-test/tests/ion/bug940846.js
js/src/jit-test/tests/ion/bug942550.js
js/src/jit-test/tests/ion/bug942604.js
js/src/jit-test/tests/ion/bug944080.js
js/src/jit-test/tests/ion/bug945294.js
js/src/jit-test/tests/ion/bug945512.js
js/src/jit-test/tests/ion/bug945811.js
js/src/jit-test/tests/ion/bug946284.js
js/src/jit-test/tests/ion/bug946969.js
js/src/jit-test/tests/ion/bug950462.js
js/src/jit-test/tests/ion/bug950764.js
js/src/jit-test/tests/ion/bug953164.js
js/src/jit-test/tests/ion/bug956156.js
js/src/jit-test/tests/ion/bug956166.js
js/src/jit-test/tests/ion/bug958381.js
js/src/jit-test/tests/ion/bug958432.js
js/src/jit-test/tests/ion/bug964229-2.js
js/src/jit-test/tests/ion/bug964229.js
js/src/jit-test/tests/ion/bug965712.js
js/src/jit-test/tests/ion/bug966926.js
js/src/jit-test/tests/ion/bug969203.js
js/src/jit-test/tests/ion/bug973118.js
js/src/jit-test/tests/ion/bug975290.js
js/src/jit-test/tests/ion/bug976110.js
js/src/jit-test/tests/ion/bug977966.js
js/src/jit-test/tests/ion/bug980119.js
js/src/jit-test/tests/ion/bug980860.js
js/src/jit-test/tests/ion/bug981325.js
js/src/jit-test/tests/ion/bug984018.js
js/src/jit-test/tests/ion/bug984830.js
js/src/jit-test/tests/ion/bug989586.js
js/src/jit-test/tests/ion/bug991457.js
js/src/jit-test/tests/ion/bug994016.js
js/src/jit-test/tests/ion/bug995673.js
js/src/jit-test/tests/ion/bug995675.js
js/src/jit-test/tests/ion/bug995817.js
js/src/jit-test/tests/ion/bug995826.js
js/src/jit-test/tests/ion/bug998059.js
js/src/jit-test/tests/ion/callTypeBarriers.js
js/src/jit-test/tests/ion/callgname.js
js/src/jit-test/tests/ion/ceil.js
js/src/jit-test/tests/ion/close-iterators-1.js
js/src/jit-test/tests/ion/compare-string.js
js/src/jit-test/tests/ion/compareAll.js
js/src/jit-test/tests/ion/condswitch.js
js/src/jit-test/tests/ion/dce-with-rinstructions.js
js/src/jit-test/tests/ion/dense-elem-write-barrier.js
js/src/jit-test/tests/ion/directEval.js
js/src/jit-test/tests/ion/divmodself.js
js/src/jit-test/tests/ion/doubleArrays.js
js/src/jit-test/tests/ion/doubleComparisons.js
js/src/jit-test/tests/ion/eliminate-type-barrier.js
js/src/jit-test/tests/ion/eliminate-unreachable-1.js
js/src/jit-test/tests/ion/eliminate-unreachable-2.js
js/src/jit-test/tests/ion/entryOverflowBailout.js
js/src/jit-test/tests/ion/eval-neg0.js
js/src/jit-test/tests/ion/evalCallingName.js
js/src/jit-test/tests/ion/expando-realloc-slots.js
js/src/jit-test/tests/ion/filtertypeset-float32.js
js/src/jit-test/tests/ion/fold-in.js
js/src/jit-test/tests/ion/gc-during-bailout.js
js/src/jit-test/tests/ion/getPropertyCacheOverflow.js
js/src/jit-test/tests/ion/getelem-bounds-coalesce.js
js/src/jit-test/tests/ion/getelem-bounds-hoist.js
js/src/jit-test/tests/ion/getelem-hole.js
js/src/jit-test/tests/ion/getelem-proto.js
js/src/jit-test/tests/ion/getelem-string.js
js/src/jit-test/tests/ion/getelem.js
js/src/jit-test/tests/ion/getgname-getter.js
js/src/jit-test/tests/ion/getgname.js
js/src/jit-test/tests/ion/getprop-cache.js
js/src/jit-test/tests/ion/getprop-constant.js
js/src/jit-test/tests/ion/getprop-idempotent-cache-1.js
js/src/jit-test/tests/ion/getprop-idempotent-cache-2.js
js/src/jit-test/tests/ion/hole.js
js/src/jit-test/tests/ion/ic-fuzz-0.js
js/src/jit-test/tests/ion/iloop-nosignaling.js
js/src/jit-test/tests/ion/iloop.js
js/src/jit-test/tests/ion/inline-Math-random-before-called.js
js/src/jit-test/tests/ion/inline-doubles.js
js/src/jit-test/tests/ion/inlining/TypedObject-ObjectIsTypeDescr-multi.js
js/src/jit-test/tests/ion/inlining/TypedObject-ObjectIsTypeDescr-unknown.js
js/src/jit-test/tests/ion/inlining/TypedObject-ObjectIsTypeDescr-wrong-multi.js
js/src/jit-test/tests/ion/inlining/TypedObject-ObjectIsTypeDescr-wrong.js
js/src/jit-test/tests/ion/inlining/TypedObject-ObjectIsTypeDescr.js
js/src/jit-test/tests/ion/inlining/TypedObject-ObjectIsTypedObject-multi.js
js/src/jit-test/tests/ion/inlining/TypedObject-ObjectIsTypedObject-unknown.js
js/src/jit-test/tests/ion/inlining/TypedObject-ObjectIsTypedObject.js
js/src/jit-test/tests/ion/inlining/TypedObject-TypeDescrIsSimpleType.js
js/src/jit-test/tests/ion/inlining/TypedObject-storage-opaque.js
js/src/jit-test/tests/ion/inlining/TypedObject-storage-transparent.js
js/src/jit-test/tests/ion/inlining/TypedObject-storage-unknown.js
js/src/jit-test/tests/ion/inlining/TypedObject-storage-wrong.js
js/src/jit-test/tests/ion/inlining/array-pop.js
js/src/jit-test/tests/ion/inlining/array-push.js
js/src/jit-test/tests/ion/inlining/bug705251.js
js/src/jit-test/tests/ion/inlining/inline-callarg-bailout-phi.js
js/src/jit-test/tests/ion/inlining/inline-callarg-bailout.js
js/src/jit-test/tests/ion/inlining/inline-callarg-ubench-no-double2.js
js/src/jit-test/tests/ion/inlining/inline-istypedarray-on-nontypedarray.js
js/src/jit-test/tests/ion/inlining/isFiniteInline.js
js/src/jit-test/tests/ion/inlining/isNaNInline.js
js/src/jit-test/tests/ion/inlining/typedarray-data-inlining-neuter-samedata.js
js/src/jit-test/tests/ion/inlining/typedarray-length-inlining-neuter.js
js/src/jit-test/tests/ion/instanceof-mutate-proto.js
js/src/jit-test/tests/ion/invalidation/easy-invalidate.js
js/src/jit-test/tests/ion/invalidation/framedescriptors.js
js/src/jit-test/tests/ion/invalidation/outofline.js
js/src/jit-test/tests/ion/invalidation/recursive-invalidate.js
js/src/jit-test/tests/ion/is-constructing.js
js/src/jit-test/tests/ion/isArray.js
js/src/jit-test/tests/ion/lambda.js
js/src/jit-test/tests/ion/lazyLink-bug1150783.js
js/src/jit-test/tests/ion/lexical-check-1.js
js/src/jit-test/tests/ion/lexical-check-2.js
js/src/jit-test/tests/ion/lexical-check-3.js
js/src/jit-test/tests/ion/lexical-check-4.js
js/src/jit-test/tests/ion/lexical-check-5.js
js/src/jit-test/tests/ion/lookupswitch.js
js/src/jit-test/tests/ion/loop-test-fold.js
js/src/jit-test/tests/ion/lsra-bug1112164.js
js/src/jit-test/tests/ion/math-imul-folding.js
js/src/jit-test/tests/ion/mathFloor.js
js/src/jit-test/tests/ion/mathMinMax.js
js/src/jit-test/tests/ion/mathRound.js
js/src/jit-test/tests/ion/mod-double.js
js/src/jit-test/tests/ion/monomorphic-property-access.js
js/src/jit-test/tests/ion/nativeElementAccesses.js
js/src/jit-test/tests/ion/new-0.js
js/src/jit-test/tests/ion/new-1.js
js/src/jit-test/tests/ion/new-10.js
js/src/jit-test/tests/ion/new-2.js
js/src/jit-test/tests/ion/new-3.js
js/src/jit-test/tests/ion/new-4.js
js/src/jit-test/tests/ion/new-5.js
js/src/jit-test/tests/ion/new-6.js
js/src/jit-test/tests/ion/new-7.js
js/src/jit-test/tests/ion/new-8.js
js/src/jit-test/tests/ion/new-9.js
js/src/jit-test/tests/ion/new-object-with-dynamic-slots.js
js/src/jit-test/tests/ion/notV.js
js/src/jit-test/tests/ion/nursery-getter-setter.js
js/src/jit-test/tests/ion/nursery-getter-setter2.js
js/src/jit-test/tests/ion/object-create-with-primitive-second-arg-in-ion.js
js/src/jit-test/tests/ion/object-create.js
js/src/jit-test/tests/ion/pgo-bug1259476.js
js/src/jit-test/tests/ion/popn.js
js/src/jit-test/tests/ion/range-analysis-bug1122402.js
js/src/jit-test/tests/ion/range-analysis-bug1124448.js
js/src/jit-test/tests/ion/range-analysis.js
js/src/jit-test/tests/ion/recover-arrays.js
js/src/jit-test/tests/ion/recover-empty-new-object.js
js/src/jit-test/tests/ion/recover-lambdas-bug1113940.js
js/src/jit-test/tests/ion/recover-lambdas-bug1114566.js
js/src/jit-test/tests/ion/recover-lambdas-bug1118911.js
js/src/jit-test/tests/ion/recover-lambdas-bug1133389.js
js/src/jit-test/tests/ion/recover-lambdas.js
js/src/jit-test/tests/ion/recover-object-bug1174322.js
js/src/jit-test/tests/ion/recover-object-bug1175233.js
js/src/jit-test/tests/ion/recover-objects.js
js/src/jit-test/tests/ion/regexp-clone.js
js/src/jit-test/tests/ion/regexp-exec.js
js/src/jit-test/tests/ion/result-type-mutated.js
js/src/jit-test/tests/ion/round-float32.js
js/src/jit-test/tests/ion/scalar-replacement-bug1138693.js
js/src/jit-test/tests/ion/scalar-replacement-oom.js
js/src/jit-test/tests/ion/scripted-getter-setter.js
js/src/jit-test/tests/ion/setelem-float32-typedarray-ic.js
js/src/jit-test/tests/ion/setelem-hole.js
js/src/jit-test/tests/ion/setelem-proto.js
js/src/jit-test/tests/ion/setelem.js
js/src/jit-test/tests/ion/setgname-reconfigured.js
js/src/jit-test/tests/ion/setgname.js
js/src/jit-test/tests/ion/setpropertypolymorphic-float32.js
js/src/jit-test/tests/ion/sink-in-recovered-object.js
js/src/jit-test/tests/ion/stack-alignment-bug1126375.js
js/src/jit-test/tests/ion/stack-alignment.js
js/src/jit-test/tests/ion/string-compare.js
js/src/jit-test/tests/ion/string-concat-short.js
js/src/jit-test/tests/ion/test-scalar-replacement-float32.js
js/src/jit-test/tests/ion/testFloat32-correctness.js
js/src/jit-test/tests/ion/testFloat32.js
js/src/jit-test/tests/ion/testInArray.js
js/src/jit-test/tests/ion/testPos.js
js/src/jit-test/tests/ion/testSubtract.js
js/src/jit-test/tests/ion/testVAndBranch.js
js/src/jit-test/tests/ion/throw.js
js/src/jit-test/tests/ion/toid.js
js/src/jit-test/tests/ion/truncate.js
js/src/jit-test/tests/ion/truncateToInt32-ool.js
js/src/jit-test/tests/ion/truncateToInt32.js
js/src/jit-test/tests/ion/try-catch-1.js
js/src/jit-test/tests/ion/try-catch-2.js
js/src/jit-test/tests/ion/try-catch-3.js
js/src/jit-test/tests/ion/try-catch-4.js
js/src/jit-test/tests/ion/try-catch-5.js
js/src/jit-test/tests/ion/try-catch-6.js
js/src/jit-test/tests/ion/try-catch-7.js
js/src/jit-test/tests/ion/typed-arrays-1.js
js/src/jit-test/tests/ion/typed-arrays-2.js
js/src/jit-test/tests/ion/typed-arrays-3.js
js/src/jit-test/tests/ion/typedarray-length.js
js/src/jit-test/tests/ion/typedarray-static-load.js
js/src/jit-test/tests/ion/typedarray-static-store.js
js/src/jit-test/tests/ion/typeof.js
js/src/jit-test/tests/ion/unboxed-objects-invalidate.js
js/src/jit-test/tests/ion/valueToInt32.js
js/src/jit-test/tests/ion/void.js
js/src/jit-test/tests/jaeger/argumentsOptimize-1.js
js/src/jit-test/tests/jaeger/argumentsOptimize-2.js
js/src/jit-test/tests/jaeger/bug549393-1.js
js/src/jit-test/tests/jaeger/bug549393-2.js
js/src/jit-test/tests/jaeger/bug549396.js
js/src/jit-test/tests/jaeger/bug549398.js
js/src/jit-test/tests/jaeger/bug549521.js
js/src/jit-test/tests/jaeger/bug549602.js
js/src/jit-test/tests/jaeger/bug549603.js
js/src/jit-test/tests/jaeger/bug550490.js
js/src/jit-test/tests/jaeger/bug550665.js
js/src/jit-test/tests/jaeger/bug551603.js
js/src/jit-test/tests/jaeger/bug552644.js
js/src/jit-test/tests/jaeger/bug553781-2.js
js/src/jit-test/tests/jaeger/bug553781.js
js/src/jit-test/tests/jaeger/bug553784.js
js/src/jit-test/tests/jaeger/bug554580-1.js
js/src/jit-test/tests/jaeger/bug554580-2.js
js/src/jit-test/tests/jaeger/bug554580-3.js
js/src/jit-test/tests/jaeger/bug554580-4.js
js/src/jit-test/tests/jaeger/bug554580-5.js
js/src/jit-test/tests/jaeger/bug554651.js
js/src/jit-test/tests/jaeger/bug554675-1.js
js/src/jit-test/tests/jaeger/bug554675-2.js
js/src/jit-test/tests/jaeger/bug554675-3.js
js/src/jit-test/tests/jaeger/bug555152.js
js/src/jit-test/tests/jaeger/bug555155.js
js/src/jit-test/tests/jaeger/bug555206.js
js/src/jit-test/tests/jaeger/bug555543.js
js/src/jit-test/tests/jaeger/bug556525.js
js/src/jit-test/tests/jaeger/bug557063.js
js/src/jit-test/tests/jaeger/bug557068.js
js/src/jit-test/tests/jaeger/bug557070.js
js/src/jit-test/tests/jaeger/bug557075.js
js/src/jit-test/tests/jaeger/bug560221.js
js/src/jit-test/tests/jaeger/bug563000/eif-call-newvar.js
js/src/jit-test/tests/jaeger/bug563000/eif-call-typechange.js
js/src/jit-test/tests/jaeger/bug563000/eif-call.js
js/src/jit-test/tests/jaeger/bug563000/eif-getter-newvar.js
js/src/jit-test/tests/jaeger/bug563000/eif-getter-typechange.js
js/src/jit-test/tests/jaeger/bug563000/eif-getter.js
js/src/jit-test/tests/jaeger/bug563000/eif-global-newvar.js
js/src/jit-test/tests/jaeger/bug565198.js
js/src/jit-test/tests/jaeger/bug565202.js
js/src/jit-test/tests/jaeger/bug566022.js
js/src/jit-test/tests/jaeger/bug573433.js
js/src/jit-test/tests/jaeger/bug576398.js
js/src/jit-test/tests/jaeger/bug577580.js
js/src/jit-test/tests/jaeger/bug577646.js
js/src/jit-test/tests/jaeger/bug577705.js
js/src/jit-test/tests/jaeger/bug577996.js
js/src/jit-test/tests/jaeger/bug580712.js
js/src/jit-test/tests/jaeger/bug580884-3.js
js/src/jit-test/tests/jaeger/bug580884.js
js/src/jit-test/tests/jaeger/bug580931-2.js
js/src/jit-test/tests/jaeger/bug581871.js
js/src/jit-test/tests/jaeger/bug581936.js
js/src/jit-test/tests/jaeger/bug582185.js
js/src/jit-test/tests/jaeger/bug582286.js
js/src/jit-test/tests/jaeger/bug582392.js
js/src/jit-test/tests/jaeger/bug582880.js
js/src/jit-test/tests/jaeger/bug582882.js
js/src/jit-test/tests/jaeger/bug582884.js
js/src/jit-test/tests/jaeger/bug582894.js
js/src/jit-test/tests/jaeger/bug582897.js
js/src/jit-test/tests/jaeger/bug582898.js
js/src/jit-test/tests/jaeger/bug582900.js
js/src/jit-test/tests/jaeger/bug583158.js
js/src/jit-test/tests/jaeger/bug583160.js
js/src/jit-test/tests/jaeger/bug583672.js
js/src/jit-test/tests/jaeger/bug583688.js
js/src/jit-test/tests/jaeger/bug583689.js
js/src/jit-test/tests/jaeger/bug584644-2.js
js/src/jit-test/tests/jaeger/bug584646.js
js/src/jit-test/tests/jaeger/bug584647.js
js/src/jit-test/tests/jaeger/bug585310.js
js/src/jit-test/tests/jaeger/bug585341.js
js/src/jit-test/tests/jaeger/bug585391.js
js/src/jit-test/tests/jaeger/bug585408-2.js
js/src/jit-test/tests/jaeger/bug585408-3.js
js/src/jit-test/tests/jaeger/bug585408.js
js/src/jit-test/tests/jaeger/bug585540.js
js/src/jit-test/tests/jaeger/bug587431.js
js/src/jit-test/tests/jaeger/bug588338.js
js/src/jit-test/tests/jaeger/bug588362-1.js
js/src/jit-test/tests/jaeger/bug588362-2.js
js/src/jit-test/tests/jaeger/bug588362-3.js
js/src/jit-test/tests/jaeger/bug588363-1.js
js/src/jit-test/tests/jaeger/bug588363-2.js
js/src/jit-test/tests/jaeger/bug589108.js
js/src/jit-test/tests/jaeger/bug589115.js
js/src/jit-test/tests/jaeger/bug589461.js
js/src/jit-test/tests/jaeger/bug590083.js
js/src/jit-test/tests/jaeger/bug591606.js
js/src/jit-test/tests/jaeger/bug592973-1.js
js/src/jit-test/tests/jaeger/bug592973-2.js
js/src/jit-test/tests/jaeger/bug592973-3.js
js/src/jit-test/tests/jaeger/bug593554.js
js/src/jit-test/tests/jaeger/bug595917.js
js/src/jit-test/tests/jaeger/bug595921.js
js/src/jit-test/tests/jaeger/bug597378.js
js/src/jit-test/tests/jaeger/bug597871.js
js/src/jit-test/tests/jaeger/bug598696.js
js/src/jit-test/tests/jaeger/bug599488.js
js/src/jit-test/tests/jaeger/bug600139.js
js/src/jit-test/tests/jaeger/bug600419.js
js/src/jit-test/tests/jaeger/bug600424.js
js/src/jit-test/tests/jaeger/bug601400.js
js/src/jit-test/tests/jaeger/bug601982.js
js/src/jit-test/tests/jaeger/bug604381.js
js/src/jit-test/tests/jaeger/bug604427.js
js/src/jit-test/tests/jaeger/bug606662-2.js
js/src/jit-test/tests/jaeger/bug606829.js
js/src/jit-test/tests/jaeger/bug610652.js
js/src/jit-test/tests/jaeger/bug615440.js
js/src/jit-test/tests/jaeger/bug616508.js
js/src/jit-test/tests/jaeger/bug617433.js
js/src/jit-test/tests/jaeger/bug617440.js
js/src/jit-test/tests/jaeger/bug617458.js
js/src/jit-test/tests/jaeger/bug617460.js
js/src/jit-test/tests/jaeger/bug617549.js
js/src/jit-test/tests/jaeger/bug617558.js
js/src/jit-test/tests/jaeger/bug617624.js
js/src/jit-test/tests/jaeger/bug618007.js
js/src/jit-test/tests/jaeger/bug618849.js
js/src/jit-test/tests/jaeger/bug618850.js
js/src/jit-test/tests/jaeger/bug618863.js
js/src/jit-test/tests/jaeger/bug619339.js
js/src/jit-test/tests/jaeger/bug619433-1.js
js/src/jit-test/tests/jaeger/bug619433-2.js
js/src/jit-test/tests/jaeger/bug620643.js
js/src/jit-test/tests/jaeger/bug621522.js
js/src/jit-test/tests/jaeger/bug621655.js
js/src/jit-test/tests/jaeger/bug623474.js
js/src/jit-test/tests/jaeger/bug624100.js
js/src/jit-test/tests/jaeger/bug624483.js
js/src/jit-test/tests/jaeger/bug625157.js
js/src/jit-test/tests/jaeger/bug625377.js
js/src/jit-test/tests/jaeger/bug625438.js
js/src/jit-test/tests/jaeger/bug625718-1.js
js/src/jit-test/tests/jaeger/bug625718-2.js
js/src/jit-test/tests/jaeger/bug625718-3.js
js/src/jit-test/tests/jaeger/bug625757.js
js/src/jit-test/tests/jaeger/bug627486.js
js/src/jit-test/tests/jaeger/bug630366.js
js/src/jit-test/tests/jaeger/bug639459.js
js/src/jit-test/tests/jaeger/bug639478-1.js
js/src/jit-test/tests/jaeger/bug639478-2.js
js/src/jit-test/tests/jaeger/bug639587.js
js/src/jit-test/tests/jaeger/bug639792.js
js/src/jit-test/tests/jaeger/bug639808.js
js/src/jit-test/tests/jaeger/bug640098.js
js/src/jit-test/tests/jaeger/bug640102.js
js/src/jit-test/tests/jaeger/bug640614.js
js/src/jit-test/tests/jaeger/bug642198.js
js/src/jit-test/tests/jaeger/bug643653-1.js
js/src/jit-test/tests/jaeger/bug643653-2.js
js/src/jit-test/tests/jaeger/bug643805.js
js/src/jit-test/tests/jaeger/bug643829.js
js/src/jit-test/tests/jaeger/bug643913.js
js/src/jit-test/tests/jaeger/bug645629.js
js/src/jit-test/tests/jaeger/bug645657.js
js/src/jit-test/tests/jaeger/bug645985.js
js/src/jit-test/tests/jaeger/bug646001.js
js/src/jit-test/tests/jaeger/bug646060.js
js/src/jit-test/tests/jaeger/bug646411.js
js/src/jit-test/tests/jaeger/bug646495.js
js/src/jit-test/tests/jaeger/bug646938.js
js/src/jit-test/tests/jaeger/bug647440.js
js/src/jit-test/tests/jaeger/bug647657.js
js/src/jit-test/tests/jaeger/bug647785.js
js/src/jit-test/tests/jaeger/bug648004.js
js/src/jit-test/tests/jaeger/bug648230-1.js
js/src/jit-test/tests/jaeger/bug648230-2.js
js/src/jit-test/tests/jaeger/bug648498.js
js/src/jit-test/tests/jaeger/bug648586.js
js/src/jit-test/tests/jaeger/bug648708.js
js/src/jit-test/tests/jaeger/bug649272.js
js/src/jit-test/tests/jaeger/bug649593.js
js/src/jit-test/tests/jaeger/bug649689.js
js/src/jit-test/tests/jaeger/bug649775.js
js/src/jit-test/tests/jaeger/bug649824.js
js/src/jit-test/tests/jaeger/bug649973.js
js/src/jit-test/tests/jaeger/bug650076.js
js/src/jit-test/tests/jaeger/bug650662.js
js/src/jit-test/tests/jaeger/bug650663.js
js/src/jit-test/tests/jaeger/bug651147.js
js/src/jit-test/tests/jaeger/bug652305.js
js/src/jit-test/tests/jaeger/bug652314.js
js/src/jit-test/tests/jaeger/bug652590.js
js/src/jit-test/tests/jaeger/bug653243.js
js/src/jit-test/tests/jaeger/bug653249.js
js/src/jit-test/tests/jaeger/bug653397.js
js/src/jit-test/tests/jaeger/bug655505.js
js/src/jit-test/tests/jaeger/bug655508.js
js/src/jit-test/tests/jaeger/bug655810.js
js/src/jit-test/tests/jaeger/bug655990.js
js/src/jit-test/tests/jaeger/bug656096.js
js/src/jit-test/tests/jaeger/bug656252.js
js/src/jit-test/tests/jaeger/bug656259.js
js/src/jit-test/tests/jaeger/bug656591.js
js/src/jit-test/tests/jaeger/bug656748.js
js/src/jit-test/tests/jaeger/bug656914.js
js/src/jit-test/tests/jaeger/bug657120.js
js/src/jit-test/tests/jaeger/bug657247.js
js/src/jit-test/tests/jaeger/bug657890.js
js/src/jit-test/tests/jaeger/bug658240.js
js/src/jit-test/tests/jaeger/bug658294.js
js/src/jit-test/tests/jaeger/bug658579.js
js/src/jit-test/tests/jaeger/bug658968.js
js/src/jit-test/tests/jaeger/bug659438.js
js/src/jit-test/tests/jaeger/bug659439.js
js/src/jit-test/tests/jaeger/bug659448.js
js/src/jit-test/tests/jaeger/bug659456.js
js/src/jit-test/tests/jaeger/bug660002.js
js/src/jit-test/tests/jaeger/bug662072.js
js/src/jit-test/tests/jaeger/bug662082.js
js/src/jit-test/tests/jaeger/bug663485.js
js/src/jit-test/tests/jaeger/bug663910.js
js/src/jit-test/tests/jaeger/bug669706.js
js/src/jit-test/tests/jaeger/bug670885.js
js/src/jit-test/tests/jaeger/bug672122.js
js/src/jit-test/tests/jaeger/bug673788.js
js/src/jit-test/tests/jaeger/bug678141.js
js/src/jit-test/tests/jaeger/bug678234.js
js/src/jit-test/tests/jaeger/bug678782.js
js/src/jit-test/tests/jaeger/bug679666.js
js/src/jit-test/tests/jaeger/bug680842.js
js/src/jit-test/tests/jaeger/bug681006.js
js/src/jit-test/tests/jaeger/bug682345.js
js/src/jit-test/tests/jaeger/bug684084-2.js
js/src/jit-test/tests/jaeger/bug684084.js
js/src/jit-test/tests/jaeger/bug684576.js
js/src/jit-test/tests/jaeger/bug684824.js
js/src/jit-test/tests/jaeger/bug684943.js
js/src/jit-test/tests/jaeger/bug687768.js
js/src/jit-test/tests/jaeger/bug693311.js
js/src/jit-test/tests/jaeger/bug704138.js
js/src/jit-test/tests/jaeger/bug705873.js
js/src/jit-test/tests/jaeger/bug706110.js
js/src/jit-test/tests/jaeger/bug707641.js
js/src/jit-test/tests/jaeger/bug709067.js
js/src/jit-test/tests/jaeger/bug710780.js
js/src/jit-test/tests/jaeger/bug714645.js
js/src/jit-test/tests/jaeger/bug719918.js
js/src/jit-test/tests/jaeger/bug732423.js
js/src/jit-test/tests/jaeger/bug735161.js
js/src/jit-test/tests/jaeger/bug738525.js
js/src/jit-test/tests/jaeger/bug742393.js
js/src/jit-test/tests/jaeger/bug751320.js
js/src/jit-test/tests/jaeger/bug767961.js
js/src/jit-test/tests/jaeger/bug768313.js
js/src/jit-test/tests/jaeger/bug769985.js
js/src/jit-test/tests/jaeger/bug771871.js
js/src/jit-test/tests/jaeger/bug781859-1.js
js/src/jit-test/tests/jaeger/bug781859-2.js
js/src/jit-test/tests/jaeger/bug781859-3.js
js/src/jit-test/tests/jaeger/bug819035.js
js/src/jit-test/tests/jaeger/bug825966.js
js/src/jit-test/tests/jaeger/chunk/bug712267.js
js/src/jit-test/tests/jaeger/clonefun.js
js/src/jit-test/tests/jaeger/closure-01.js
js/src/jit-test/tests/jaeger/closure-02.js
js/src/jit-test/tests/jaeger/closure-03.js
js/src/jit-test/tests/jaeger/closure-04.js
js/src/jit-test/tests/jaeger/closure-05.js
js/src/jit-test/tests/jaeger/compare-wrong-1.js
js/src/jit-test/tests/jaeger/crash-on-compare.js
js/src/jit-test/tests/jaeger/deepBailAfterRunTracer.js
js/src/jit-test/tests/jaeger/floatTypedArrays.js
js/src/jit-test/tests/jaeger/fromCharCode.js
js/src/jit-test/tests/jaeger/fused-eq-ifeq.js
js/src/jit-test/tests/jaeger/getelem-sanity-1.js
js/src/jit-test/tests/jaeger/getelem-sanity-2.js
js/src/jit-test/tests/jaeger/getelem-sanity-3.js
js/src/jit-test/tests/jaeger/getelem-sanity-4.js
js/src/jit-test/tests/jaeger/getelem-sanity-5.js
js/src/jit-test/tests/jaeger/getelem-sanity-6.js
js/src/jit-test/tests/jaeger/getelem-sanity-7.js
js/src/jit-test/tests/jaeger/getelem-sanity-8.js
js/src/jit-test/tests/jaeger/getelem-sanity-int-1.js
js/src/jit-test/tests/jaeger/getelem-sanity-int-2.js
js/src/jit-test/tests/jaeger/getelem-sanity-int-3.js
js/src/jit-test/tests/jaeger/getter-hook-1.js
js/src/jit-test/tests/jaeger/getter-hook-2.js
js/src/jit-test/tests/jaeger/globalOptimize-1.js
js/src/jit-test/tests/jaeger/globalOptimize-2.js
js/src/jit-test/tests/jaeger/globalOptimize-4.js
js/src/jit-test/tests/jaeger/in.js
js/src/jit-test/tests/jaeger/inline/bug645645.js
js/src/jit-test/tests/jaeger/inline/bug645666.js
js/src/jit-test/tests/jaeger/inline/bug646004.js
js/src/jit-test/tests/jaeger/inline/bug646480.js
js/src/jit-test/tests/jaeger/inline/bug647973.js
js/src/jit-test/tests/jaeger/inline/bug651209.js
js/src/jit-test/tests/jaeger/inline/bug655954.js
js/src/jit-test/tests/jaeger/inline/bug656221.js
js/src/jit-test/tests/jaeger/inline/bug676491.js
js/src/jit-test/tests/jaeger/inline/bug680759.js
js/src/jit-test/tests/jaeger/inline/doubleArg.js
js/src/jit-test/tests/jaeger/inline/mathAbs.js
js/src/jit-test/tests/jaeger/inline/mathFloor.js
js/src/jit-test/tests/jaeger/inline/mathPow.js
js/src/jit-test/tests/jaeger/inline/mathRound.js
js/src/jit-test/tests/jaeger/inline/mathSqrt.js
js/src/jit-test/tests/jaeger/inline/scripted-01.js
js/src/jit-test/tests/jaeger/inline/scripted-02.js
js/src/jit-test/tests/jaeger/inline/scripted-03.js
js/src/jit-test/tests/jaeger/inline/scripted-04.js
js/src/jit-test/tests/jaeger/inline/scripted-05.js
js/src/jit-test/tests/jaeger/inline/scripted-06.js
js/src/jit-test/tests/jaeger/inline/scripted-07.js
js/src/jit-test/tests/jaeger/inline/scripted-08.js
js/src/jit-test/tests/jaeger/inline/scripted-09.js
js/src/jit-test/tests/jaeger/inline/scripted-10.js
js/src/jit-test/tests/jaeger/inline/scripted-11.js
js/src/jit-test/tests/jaeger/inline/stringCharAt.js
js/src/jit-test/tests/jaeger/inline/stringCharCodeAt.js
js/src/jit-test/tests/jaeger/inline/undefinedLocal.js
js/src/jit-test/tests/jaeger/instanceOfWithKnownTypes.js
js/src/jit-test/tests/jaeger/invokeSessionGuard.js
js/src/jit-test/tests/jaeger/loops/bug651155.js
js/src/jit-test/tests/jaeger/loops/bug654393.js
js/src/jit-test/tests/jaeger/loops/bug655854.js
js/src/jit-test/tests/jaeger/loops/bug658290.js
js/src/jit-test/tests/jaeger/loops/bug659452.js
js/src/jit-test/tests/jaeger/loops/bug668643.js
js/src/jit-test/tests/jaeger/loops/bug671814.js
js/src/jit-test/tests/jaeger/loops/bug680809.js
js/src/jit-test/tests/jaeger/loops/bug684621.js
js/src/jit-test/tests/jaeger/loops/hoist-01.js
js/src/jit-test/tests/jaeger/loops/hoist-02.js
js/src/jit-test/tests/jaeger/loops/hoist-03.js
js/src/jit-test/tests/jaeger/loops/hoist-04.js
js/src/jit-test/tests/jaeger/loops/hoist-05.js
js/src/jit-test/tests/jaeger/loops/hoist-06.js
js/src/jit-test/tests/jaeger/loops/hoist-07.js
js/src/jit-test/tests/jaeger/loops/hoist-08.js
js/src/jit-test/tests/jaeger/loops/hoist-09.js
js/src/jit-test/tests/jaeger/loops/hoist-10.js
js/src/jit-test/tests/jaeger/loops/integer-1.js
js/src/jit-test/tests/jaeger/loops/integer-2.js
js/src/jit-test/tests/jaeger/loops/integer-3.js
js/src/jit-test/tests/jaeger/loops/multiply-by-int32min.js
js/src/jit-test/tests/jaeger/loops/property-1.js
js/src/jit-test/tests/jaeger/modConstDoubles.js
js/src/jit-test/tests/jaeger/modConstInt.js
js/src/jit-test/tests/jaeger/modConstZeroRhs.js
js/src/jit-test/tests/jaeger/modWithConstLhs.js
js/src/jit-test/tests/jaeger/mulNegZero.js
js/src/jit-test/tests/jaeger/negation.js
js/src/jit-test/tests/jaeger/normalIntTypedArrays.js
js/src/jit-test/tests/jaeger/optimize-globals-1.js
js/src/jit-test/tests/jaeger/optimize-globals-2.js
js/src/jit-test/tests/jaeger/optimize-globals-3.js
js/src/jit-test/tests/jaeger/propertyOptimize-1.js
js/src/jit-test/tests/jaeger/propertyOptimize-2.js
js/src/jit-test/tests/jaeger/propertyOptimize-3.js
js/src/jit-test/tests/jaeger/propertyOptimize-4.js
js/src/jit-test/tests/jaeger/recompile/arith.js
js/src/jit-test/tests/jaeger/recompile/bug617592.js
js/src/jit-test/tests/jaeger/recompile/bug621292.js
js/src/jit-test/tests/jaeger/recompile/bug621328.js
js/src/jit-test/tests/jaeger/recompile/bug638977.js
js/src/jit-test/tests/jaeger/recompile/bug639508.js
js/src/jit-test/tests/jaeger/recompile/bug639882.js
js/src/jit-test/tests/jaeger/recompile/bug640608.js
js/src/jit-test/tests/jaeger/recompile/bug641225.js
js/src/jit-test/tests/jaeger/recompile/bug641269.js
js/src/jit-test/tests/jaeger/recompile/bug641535.js
js/src/jit-test/tests/jaeger/recompile/bug642405.js
js/src/jit-test/tests/jaeger/recompile/bug643182.js
js/src/jit-test/tests/jaeger/recompile/bug643376.js
js/src/jit-test/tests/jaeger/recompile/bug643552.js
js/src/jit-test/tests/jaeger/recompile/bug643669.js
js/src/jit-test/tests/jaeger/recompile/bug645044.js
js/src/jit-test/tests/jaeger/recompile/bug646267.js
js/src/jit-test/tests/jaeger/recompile/bug647183.js
js/src/jit-test/tests/jaeger/recompile/bug647199.js
js/src/jit-test/tests/jaeger/recompile/bug647532.js
js/src/jit-test/tests/jaeger/recompile/bug647547.js
js/src/jit-test/tests/jaeger/recompile/bug647991-1.js
js/src/jit-test/tests/jaeger/recompile/bug647991-2.js
js/src/jit-test/tests/jaeger/recompile/bug648502.js
js/src/jit-test/tests/jaeger/recompile/bug648567.js
js/src/jit-test/tests/jaeger/recompile/bug648843.js
js/src/jit-test/tests/jaeger/recompile/bug648966.js
js/src/jit-test/tests/jaeger/recompile/bug649261.js
js/src/jit-test/tests/jaeger/recompile/bug649769.js
js/src/jit-test/tests/jaeger/recompile/bug651119.js
js/src/jit-test/tests/jaeger/recompile/bug653980.js
js/src/jit-test/tests/jaeger/recompile/bug654536.js
js/src/jit-test/tests/jaeger/recompile/bug655949.js
js/src/jit-test/tests/jaeger/recompile/bug655998.js
js/src/jit-test/tests/jaeger/recompile/bug656753.js
js/src/jit-test/tests/jaeger/recompile/bug657288.js
js/src/jit-test/tests/jaeger/recompile/bug658209.js
js/src/jit-test/tests/jaeger/recompile/bug658211.js
js/src/jit-test/tests/jaeger/recompile/bug658212.js
js/src/jit-test/tests/jaeger/recompile/bug658561.js
js/src/jit-test/tests/jaeger/recompile/bug658777.js
js/src/jit-test/tests/jaeger/recompile/bug659639.js
js/src/jit-test/tests/jaeger/recompile/bug659766.js
js/src/jit-test/tests/jaeger/recompile/bug660737.js
js/src/jit-test/tests/jaeger/recompile/bug661859.js
js/src/jit-test/tests/jaeger/recompile/bug663690.js
js/src/jit-test/tests/jaeger/recompile/bug671943-1.js
js/src/jit-test/tests/jaeger/recompile/bug671943-2.js
js/src/jit-test/tests/jaeger/recompile/bug672123.js
js/src/jit-test/tests/jaeger/recompile/bug673812.js
js/src/jit-test/tests/jaeger/recompile/bug674391.js
js/src/jit-test/tests/jaeger/recompile/bug676764.js
js/src/jit-test/tests/jaeger/recompile/callic.js
js/src/jit-test/tests/jaeger/recompile/exotic.js
js/src/jit-test/tests/jaeger/recompile/flush.js
js/src/jit-test/tests/jaeger/recompile/getelem.js
js/src/jit-test/tests/jaeger/recompile/incdec.js
js/src/jit-test/tests/jaeger/recompile/inlinestubs.js
js/src/jit-test/tests/jaeger/recompile/memory-01.js
js/src/jit-test/tests/jaeger/recompile/memory-02.js
js/src/jit-test/tests/jaeger/recompile/memory-03.js
js/src/jit-test/tests/jaeger/recompile/memory-04.js
js/src/jit-test/tests/jaeger/recompile/native.js
js/src/jit-test/tests/jaeger/recompile/nativemulti.js
js/src/jit-test/tests/jaeger/recompile/nativestack.js
js/src/jit-test/tests/jaeger/recompile/patchdouble.js
js/src/jit-test/tests/jaeger/recompile/property.js
js/src/jit-test/tests/jaeger/recompile/propic.js
js/src/jit-test/tests/jaeger/recompile/staticoverflow.js
js/src/jit-test/tests/jaeger/recompile/undef.js
js/src/jit-test/tests/jaeger/regalloc-double.js
js/src/jit-test/tests/jaeger/regalloc-live.js
js/src/jit-test/tests/jaeger/regress-bug625701.js
js/src/jit-test/tests/jaeger/rsh-sanity-1.js
js/src/jit-test/tests/jaeger/scriptedICs-1.js
js/src/jit-test/tests/jaeger/setPropTypeGuard.js
js/src/jit-test/tests/jaeger/smallIntTypedArrays.js
js/src/jit-test/tests/jaeger/strictModeSetUndefinedVar.js
js/src/jit-test/tests/jaeger/subCommutativity.js
js/src/jit-test/tests/jaeger/tableSwitchConst.js
js/src/jit-test/tests/jaeger/tableSwitchDouble.js
js/src/jit-test/tests/jaeger/tableSwitchEmpty.js
js/src/jit-test/tests/jaeger/tableSwitchFloat.js
js/src/jit-test/tests/jaeger/tableSwitchNeg.js
js/src/jit-test/tests/jaeger/testAddStringObject.js
js/src/jit-test/tests/jaeger/testBug550743.js
js/src/jit-test/tests/jaeger/testCallElemAfterGC.js
js/src/jit-test/tests/jaeger/testDenseCallElem.js
js/src/jit-test/tests/jaeger/testForOps.js
js/src/jit-test/tests/jaeger/testIfEqX.js
js/src/jit-test/tests/jaeger/testPropCallElem.js
js/src/jit-test/tests/jaeger/testPropCallElem2.js
js/src/jit-test/tests/jaeger/testSetElem-Easy.js
js/src/jit-test/tests/jaeger/testSetElem-Indexed.js
js/src/jit-test/tests/jaeger/testSetElem-NewProto.js
js/src/jit-test/tests/jaeger/testSetTypedFloatArray.js
js/src/jit-test/tests/jaeger/testSetTypedIntArray.js
js/src/jit-test/tests/jaeger/testShiftSameBacking.js
js/src/jit-test/tests/jaeger/testTableSwitchX.js
js/src/jit-test/tests/jaeger/undoAdd.js
js/src/jit-test/tests/jaeger/unsignedShiftZero.js
js/src/jit-test/tests/jaeger/xor-sanity.js
js/src/jit-test/tests/latin1/asm.js
js/src/jit-test/tests/latin1/assorted.js
js/src/jit-test/tests/latin1/basic.js
js/src/jit-test/tests/latin1/bug1033113.js
js/src/jit-test/tests/latin1/compare.js
js/src/jit-test/tests/latin1/date.js
js/src/jit-test/tests/latin1/decompiler.js
js/src/jit-test/tests/latin1/dependent.js
js/src/jit-test/tests/latin1/encode-decode.js
js/src/jit-test/tests/latin1/escape-unescape.js
js/src/jit-test/tests/latin1/eval.js
js/src/jit-test/tests/latin1/function.js
js/src/jit-test/tests/latin1/index.js
js/src/jit-test/tests/latin1/indexOf.js
js/src/jit-test/tests/latin1/indexing.js
js/src/jit-test/tests/latin1/join.js
js/src/jit-test/tests/latin1/json.js
js/src/jit-test/tests/latin1/latin1.js
js/src/jit-test/tests/latin1/other.js
js/src/jit-test/tests/latin1/parseInt-parseFloat.js
js/src/jit-test/tests/latin1/regexp.js
js/src/jit-test/tests/latin1/replace.js
js/src/jit-test/tests/latin1/search.js
js/src/jit-test/tests/latin1/split.js
js/src/jit-test/tests/latin1/startsWith-endsWith.js
js/src/jit-test/tests/latin1/structured-clone.js
js/src/jit-test/tests/latin1/toLowerCase-toUpperCase.js
js/src/jit-test/tests/latin1/toNumber.js
js/src/jit-test/tests/latin1/trim.js
js/src/jit-test/tests/modules/add-to-namespace-import.js
js/src/jit-test/tests/modules/ambiguous-import.js
js/src/jit-test/tests/modules/ambiguous-indirect-export.js
js/src/jit-test/tests/modules/ambiguous-star-export.js
js/src/jit-test/tests/modules/assign-to-import.js
js/src/jit-test/tests/modules/assign-to-namespace-import.js
js/src/jit-test/tests/modules/assign-to-namespace.js
js/src/jit-test/tests/modules/bug-1168666.js
js/src/jit-test/tests/modules/bug-1217593.js
js/src/jit-test/tests/modules/bug-1219044.js
js/src/jit-test/tests/modules/bug-1219408.js
js/src/jit-test/tests/modules/bug-1225346.js
js/src/jit-test/tests/modules/bug-1236875.js
js/src/jit-test/tests/modules/bug1105608.js
js/src/jit-test/tests/modules/bug1169850.js
js/src/jit-test/tests/modules/bug1198673.js
js/src/jit-test/tests/modules/bug1204857.js
js/src/jit-test/tests/modules/bug1210391.js
js/src/jit-test/tests/modules/cyclic-function-import.js
js/src/jit-test/tests/modules/cyclic-import.js
js/src/jit-test/tests/modules/debugger-frames.js
js/src/jit-test/tests/modules/delete-import.js
js/src/jit-test/tests/modules/delete-namespace-import.js
js/src/jit-test/tests/modules/delete-namespace.js
js/src/jit-test/tests/modules/duplicate-exports.js
js/src/jit-test/tests/modules/duplicate-imports.js
js/src/jit-test/tests/modules/export-declaration.js
js/src/jit-test/tests/modules/export-entries.js
js/src/jit-test/tests/modules/import-declaration.js
js/src/jit-test/tests/modules/import-entries.js
js/src/jit-test/tests/modules/import-in-lazy-function.js
js/src/jit-test/tests/modules/import-namespace.js
js/src/jit-test/tests/modules/import-not-found.js
js/src/jit-test/tests/modules/let-tdz.js
js/src/jit-test/tests/modules/many-exports.js
js/src/jit-test/tests/modules/many-imports.js
js/src/jit-test/tests/modules/many-namespace-imports.js
js/src/jit-test/tests/modules/missing-indirect-export.js
js/src/jit-test/tests/modules/module-declaration-instantiation.js
js/src/jit-test/tests/modules/module-environment.js
js/src/jit-test/tests/modules/module-evaluation.js
js/src/jit-test/tests/modules/module-this.js
js/src/jit-test/tests/modules/namespace-import-compilation-2.js
js/src/jit-test/tests/modules/namespace-import-compilation.js
js/src/jit-test/tests/modules/recursive-star-export.js
js/src/jit-test/tests/modules/requested-modules.js
js/src/jit-test/tests/modules/shell-parse.js
js/src/jit-test/tests/modules/simple-imports.js
js/src/jit-test/tests/modules/unbound-export.js
js/src/jit-test/tests/parser/arrow-rest.js
js/src/jit-test/tests/parser/arrow-with-block.js
js/src/jit-test/tests/parser/bug-1090096.js
js/src/jit-test/tests/parser/bug-1254164.js
js/src/jit-test/tests/parser/bug-844805-1.js
js/src/jit-test/tests/parser/bug-844805-2.js
js/src/jit-test/tests/parser/bug-888002-1.js
js/src/jit-test/tests/parser/bug-888002-2.js
js/src/jit-test/tests/parser/bug-888002-3.js
js/src/jit-test/tests/parser/bug-888002.js
js/src/jit-test/tests/parser/bug-889628.js
js/src/jit-test/tests/parser/bug-896126.js
js/src/jit-test/tests/parser/bug-975484.js
js/src/jit-test/tests/parser/columnNumber.js
js/src/jit-test/tests/parser/expr-closure-warn.js
js/src/jit-test/tests/parser/home-object-getter.js
js/src/jit-test/tests/parser/lazy-parse-bad-offset.js
js/src/jit-test/tests/parser/let-after-directive.js
js/src/jit-test/tests/parser/letContextualKeyword.js
js/src/jit-test/tests/parser/modifier-arrow-rest.js
js/src/jit-test/tests/parser/modifier-do-while.js
js/src/jit-test/tests/parser/modifier-regexp-vs-div.js
js/src/jit-test/tests/parser/modifier-semicolon-insertion.js
js/src/jit-test/tests/parser/modifier-yield-without-operand-1.js
js/src/jit-test/tests/parser/modifier-yield-without-operand-2.js
js/src/jit-test/tests/parser/regexp-after-do-while.js
js/src/jit-test/tests/parser/regexp-after-variable.js
js/src/jit-test/tests/parser/syntax-error-illegal-character.js
js/src/jit-test/tests/parser/truncation.js
js/src/jit-test/tests/parser/yield-in-formal-destructuring.js
js/src/jit-test/tests/parser/yield-without-operand.js
js/src/jit-test/tests/pic/arguments.js
js/src/jit-test/tests/pic/bug558099.js
js/src/jit-test/tests/pic/bug558616.js
js/src/jit-test/tests/pic/bug582899.js
js/src/jit-test/tests/pic/bug584642.js
js/src/jit-test/tests/pic/bug595706.js
js/src/jit-test/tests/pic/bug645184.js
js/src/jit-test/tests/pic/call_self.js
js/src/jit-test/tests/pic/callname-eager-this1.js
js/src/jit-test/tests/pic/callname-eager-this2.js
js/src/jit-test/tests/pic/callname-global1.js
js/src/jit-test/tests/pic/callname-global2.js
js/src/jit-test/tests/pic/callname-with.js
js/src/jit-test/tests/pic/densearray.js
js/src/jit-test/tests/pic/fuzz1.js
js/src/jit-test/tests/pic/fuzz2.js
js/src/jit-test/tests/pic/fuzz3.js
js/src/jit-test/tests/pic/getelem-large-index.js
js/src/jit-test/tests/pic/grandproto.js
js/src/jit-test/tests/pic/length_array.js
js/src/jit-test/tests/pic/length_mix.js
js/src/jit-test/tests/pic/length_object.js
js/src/jit-test/tests/pic/length_string.js
js/src/jit-test/tests/pic/length_string_object.js
js/src/jit-test/tests/pic/proto1.js
js/src/jit-test/tests/pic/proto3.js
js/src/jit-test/tests/pic/proto_self.js
js/src/jit-test/tests/pic/self1.js
js/src/jit-test/tests/pic/self2.js
js/src/jit-test/tests/pic/self3.js
js/src/jit-test/tests/pic/self8.js
js/src/jit-test/tests/pic/set-assign.js
js/src/jit-test/tests/pic/set1.js
js/src/jit-test/tests/pic/set2.js
js/src/jit-test/tests/pic/shape_regen.js
js/src/jit-test/tests/pic/thisprop.js
js/src/jit-test/tests/pic/to-dictionary.js
js/src/jit-test/tests/pic/watch1.js
js/src/jit-test/tests/pic/watch1a.js
js/src/jit-test/tests/pic/watch2.js
js/src/jit-test/tests/pic/watch2a.js
js/src/jit-test/tests/pic/watch3.js
js/src/jit-test/tests/pic/watch3a.js
js/src/jit-test/tests/pic/watch3b.js
js/src/jit-test/tests/pic/watch4.js
js/src/jit-test/tests/pic/watch5.js
js/src/jit-test/tests/profiler/AutoEntryMonitor-01.js
js/src/jit-test/tests/profiler/AutoEntryMonitor-02.js
js/src/jit-test/tests/profiler/bug1135703.js
js/src/jit-test/tests/profiler/bug1140643.js
js/src/jit-test/tests/profiler/bug1161351.js
js/src/jit-test/tests/profiler/bug1164448.js
js/src/jit-test/tests/profiler/bug1211962.js
js/src/jit-test/tests/profiler/bug925309.js
js/src/jit-test/tests/profiler/debugmode-osr-exception-return-addr.js
js/src/jit-test/tests/profiler/debugmode-osr-resume-addr.js
js/src/jit-test/tests/profiler/enterjit-osr-disabling-earlyret.js
js/src/jit-test/tests/profiler/enterjit-osr-disabling.js
js/src/jit-test/tests/profiler/enterjit-osr-enabling-earlyret.js
js/src/jit-test/tests/profiler/enterjit-osr-enabling.js
js/src/jit-test/tests/profiler/enterjit-osr.js
js/src/jit-test/tests/profiler/getter-setter-ic.js
js/src/jit-test/tests/profiler/test-baseline-eval-frame-profiling.js
js/src/jit-test/tests/profiler/test-bug1026485.js
js/src/jit-test/tests/proxy/bug-862848-1.js
js/src/jit-test/tests/proxy/bug1072817.js
js/src/jit-test/tests/proxy/bug1095973.js
js/src/jit-test/tests/proxy/bug897403.js
js/src/jit-test/tests/proxy/bug901979-1.js
js/src/jit-test/tests/proxy/bug901979-2.js
js/src/jit-test/tests/proxy/bug911553.js
js/src/jit-test/tests/proxy/defineProperty-fallback.js
js/src/jit-test/tests/proxy/delete-not-invoked-on-proto.js
js/src/jit-test/tests/proxy/freeze-proxy.js
js/src/jit-test/tests/proxy/function-toString.js
js/src/jit-test/tests/proxy/getElementIfPresent-not-present.js
js/src/jit-test/tests/proxy/operations-on-revoked.js
js/src/jit-test/tests/proxy/proxy-array-length.js
js/src/jit-test/tests/proxy/seal-proxy.js
js/src/jit-test/tests/proxy/surfaces.js
js/src/jit-test/tests/proxy/target-becomes-nonextensible-during-preventExtensions.js
js/src/jit-test/tests/proxy/testBug793160.js
js/src/jit-test/tests/proxy/testDirectProxyApply1.js
js/src/jit-test/tests/proxy/testDirectProxyApply2.js
js/src/jit-test/tests/proxy/testDirectProxyApply3.js
js/src/jit-test/tests/proxy/testDirectProxyApply4.js
js/src/jit-test/tests/proxy/testDirectProxyConstruct1.js
js/src/jit-test/tests/proxy/testDirectProxyConstruct2.js
js/src/jit-test/tests/proxy/testDirectProxyConstruct3.js
js/src/jit-test/tests/proxy/testDirectProxyConstruct4.js
js/src/jit-test/tests/proxy/testDirectProxyConstruct5.js
js/src/jit-test/tests/proxy/testDirectProxyConstructor.js
js/src/jit-test/tests/proxy/testDirectProxyDefineProperty1.js
js/src/jit-test/tests/proxy/testDirectProxyDefineProperty2.js
js/src/jit-test/tests/proxy/testDirectProxyDefineProperty3.js
js/src/jit-test/tests/proxy/testDirectProxyDefineProperty4.js
js/src/jit-test/tests/proxy/testDirectProxyDefineProperty5.js
js/src/jit-test/tests/proxy/testDirectProxyDefineProperty6.js
js/src/jit-test/tests/proxy/testDirectProxyDefineProperty7.js
js/src/jit-test/tests/proxy/testDirectProxyDefinePropertyFailure.js
js/src/jit-test/tests/proxy/testDirectProxyEnumerate1.js
js/src/jit-test/tests/proxy/testDirectProxyEnumerate2.js
js/src/jit-test/tests/proxy/testDirectProxyEnumerate3.js
js/src/jit-test/tests/proxy/testDirectProxyEnumerate4.js
js/src/jit-test/tests/proxy/testDirectProxyGet1.js
js/src/jit-test/tests/proxy/testDirectProxyGet2.js
js/src/jit-test/tests/proxy/testDirectProxyGet3.js
js/src/jit-test/tests/proxy/testDirectProxyGet4.js
js/src/jit-test/tests/proxy/testDirectProxyGet5.js
js/src/jit-test/tests/proxy/testDirectProxyGet6.js
js/src/jit-test/tests/proxy/testDirectProxyGetInherited1.js
js/src/jit-test/tests/proxy/testDirectProxyGetInherited2.js
js/src/jit-test/tests/proxy/testDirectProxyGetInherited3.js
js/src/jit-test/tests/proxy/testDirectProxyGetInherited4.js
js/src/jit-test/tests/proxy/testDirectProxyGetOwnPropertyDescriptor1.js
js/src/jit-test/tests/proxy/testDirectProxyGetOwnPropertyDescriptor10.js
js/src/jit-test/tests/proxy/testDirectProxyGetOwnPropertyDescriptor11.js
js/src/jit-test/tests/proxy/testDirectProxyGetOwnPropertyDescriptor2.js
js/src/jit-test/tests/proxy/testDirectProxyGetOwnPropertyDescriptor3.js
js/src/jit-test/tests/proxy/testDirectProxyGetOwnPropertyDescriptor4.js
js/src/jit-test/tests/proxy/testDirectProxyGetOwnPropertyDescriptor5.js
js/src/jit-test/tests/proxy/testDirectProxyGetOwnPropertyDescriptor6.js
js/src/jit-test/tests/proxy/testDirectProxyGetOwnPropertyDescriptor7.js
js/src/jit-test/tests/proxy/testDirectProxyGetOwnPropertyDescriptor8.js
js/src/jit-test/tests/proxy/testDirectProxyGetOwnPropertyDescriptor9.js
js/src/jit-test/tests/proxy/testDirectProxyGetOwnPropertyNames1.js
js/src/jit-test/tests/proxy/testDirectProxyGetOwnPropertyNames2.js
js/src/jit-test/tests/proxy/testDirectProxyGetOwnPropertyNames3.js
js/src/jit-test/tests/proxy/testDirectProxyGetOwnPropertyNames4.js
js/src/jit-test/tests/proxy/testDirectProxyGetOwnPropertyNames5.js
js/src/jit-test/tests/proxy/testDirectProxyGetOwnPropertyNames6.js
js/src/jit-test/tests/proxy/testDirectProxyGetOwnPropertyNames7.js
js/src/jit-test/tests/proxy/testDirectProxyGetOwnPropertyNames8.js
js/src/jit-test/tests/proxy/testDirectProxyGetOwnPropertyNames9.js
js/src/jit-test/tests/proxy/testDirectProxyHas1.js
js/src/jit-test/tests/proxy/testDirectProxyHas2.js
js/src/jit-test/tests/proxy/testDirectProxyHas3.js
js/src/jit-test/tests/proxy/testDirectProxyHas4.js
js/src/jit-test/tests/proxy/testDirectProxyHas5.js
js/src/jit-test/tests/proxy/testDirectProxyHas6.js
js/src/jit-test/tests/proxy/testDirectProxyHas7.js
js/src/jit-test/tests/proxy/testDirectProxyHasOwnProperty.js
js/src/jit-test/tests/proxy/testDirectProxyIsExtensible1.js
js/src/jit-test/tests/proxy/testDirectProxyIsExtensible2.js
js/src/jit-test/tests/proxy/testDirectProxyKeys1.js
js/src/jit-test/tests/proxy/testDirectProxyKeys10.js
js/src/jit-test/tests/proxy/testDirectProxyKeys11.js
js/src/jit-test/tests/proxy/testDirectProxyKeys2.js
js/src/jit-test/tests/proxy/testDirectProxyKeys3.js
js/src/jit-test/tests/proxy/testDirectProxyKeys4.js
js/src/jit-test/tests/proxy/testDirectProxyKeys5.js
js/src/jit-test/tests/proxy/testDirectProxyKeys6.js
js/src/jit-test/tests/proxy/testDirectProxyKeys7.js
js/src/jit-test/tests/proxy/testDirectProxyKeys8.js
js/src/jit-test/tests/proxy/testDirectProxyKeys9.js
js/src/jit-test/tests/proxy/testDirectProxyOnProtoWithForIn.js
js/src/jit-test/tests/proxy/testDirectProxyOwnKeysSymbol.js
js/src/jit-test/tests/proxy/testDirectProxyPreventExtensions1.js
js/src/jit-test/tests/proxy/testDirectProxyPreventExtensions2.js
js/src/jit-test/tests/proxy/testDirectProxyPreventExtensions3.js
js/src/jit-test/tests/proxy/testDirectProxyPreventExtensions4.js
js/src/jit-test/tests/proxy/testDirectProxyPreventExtensions5.js
js/src/jit-test/tests/proxy/testDirectProxyRevoke.js
js/src/jit-test/tests/proxy/testDirectProxySet1.js
js/src/jit-test/tests/proxy/testDirectProxySet10.js
js/src/jit-test/tests/proxy/testDirectProxySet2.js
js/src/jit-test/tests/proxy/testDirectProxySet3.js
js/src/jit-test/tests/proxy/testDirectProxySet4.js
js/src/jit-test/tests/proxy/testDirectProxySet5.js
js/src/jit-test/tests/proxy/testDirectProxySet6.js
js/src/jit-test/tests/proxy/testDirectProxySet7.js
js/src/jit-test/tests/proxy/testDirectProxySet8.js
js/src/jit-test/tests/proxy/testDirectProxySet9.js
js/src/jit-test/tests/proxy/testDirectProxySetArray1.js
js/src/jit-test/tests/proxy/testDirectProxySetArray2.js
js/src/jit-test/tests/proxy/testDirectProxySetArray3.js
js/src/jit-test/tests/proxy/testDirectProxySetArray4.js
js/src/jit-test/tests/proxy/testDirectProxySetFailure.js
js/src/jit-test/tests/proxy/testDirectProxySetInherited.js
js/src/jit-test/tests/proxy/testDirectProxySetNested.js
js/src/jit-test/tests/proxy/testDirectProxySetNested2.js
js/src/jit-test/tests/proxy/testDirectProxySetReceiverLookup.js
js/src/jit-test/tests/proxy/testDirectProxyValidateProperty1.js
js/src/jit-test/tests/proxy/testDirectProxyValidateProperty2.js
js/src/jit-test/tests/proxy/testDirectProxyValidateProperty3.js
js/src/jit-test/tests/proxy/testDirectProxyValidateProperty4.js
js/src/jit-test/tests/proxy/testDirectProxyValidateProperty5.js
js/src/jit-test/tests/proxy/testDirectProxyValidateProperty6.js
js/src/jit-test/tests/proxy/testDirectProxyValidateProperty7.js
js/src/jit-test/tests/proxy/testDirectProxyWithForEach.js
js/src/jit-test/tests/proxy/testIndirectProxyGetOwnPropertyDescriptor.js
js/src/jit-test/tests/proxy/testIndirectProxySet.js
js/src/jit-test/tests/proxy/testTestIntegrityLevel.js
js/src/jit-test/tests/proxy/testWrapWithProtoSet.js
js/src/jit-test/tests/proxy/testWrapperGetInherited.js
js/src/jit-test/tests/saved-stacks/SavedFrame-constructor.js
js/src/jit-test/tests/saved-stacks/asm-frames.js
js/src/jit-test/tests/saved-stacks/async-max-frame-count.js
js/src/jit-test/tests/saved-stacks/async-principals.js
js/src/jit-test/tests/saved-stacks/async.js
js/src/jit-test/tests/saved-stacks/bug-1004479-savedStacks-with-string-parameter.js
js/src/jit-test/tests/saved-stacks/bug-1006876-too-much-recursion.js
js/src/jit-test/tests/saved-stacks/bug-1012646-strlen-crasher.js
js/src/jit-test/tests/saved-stacks/bug-1031168-trace-sources.js
js/src/jit-test/tests/saved-stacks/bug-1149495.js
js/src/jit-test/tests/saved-stacks/bug-1225474.js
js/src/jit-test/tests/saved-stacks/caching-and-ccws.js
js/src/jit-test/tests/saved-stacks/caching-and-frame-count.js
js/src/jit-test/tests/saved-stacks/display-url.js
js/src/jit-test/tests/saved-stacks/evals.js
js/src/jit-test/tests/saved-stacks/function-display-name.js
js/src/jit-test/tests/saved-stacks/gc-frame-cache.js
js/src/jit-test/tests/saved-stacks/generators.js
js/src/jit-test/tests/saved-stacks/get-set.js
js/src/jit-test/tests/saved-stacks/getters-on-invalid-objects.js
js/src/jit-test/tests/saved-stacks/max-frame-count.js
js/src/jit-test/tests/saved-stacks/native-calls.js
js/src/jit-test/tests/saved-stacks/new-context.js
js/src/jit-test/tests/saved-stacks/principals-01.js
js/src/jit-test/tests/saved-stacks/principals-02.js
js/src/jit-test/tests/saved-stacks/principals-03.js
js/src/jit-test/tests/saved-stacks/principals-04.js
js/src/jit-test/tests/saved-stacks/proxy-handlers.js
js/src/jit-test/tests/saved-stacks/same-stack.js
js/src/jit-test/tests/saved-stacks/self-hosted.js
js/src/jit-test/tests/saved-stacks/shared-parent-frames.js
js/src/jit-test/tests/saved-stacks/stacks-are-frozen.js
js/src/jit-test/tests/saved-stacks/stringify-with-self-hosted.js
js/src/jit-test/tests/self-hosting/alternate-static-and-instance-array-extras.js
js/src/jit-test/tests/self-hosting/bug1264575.js
js/src/jit-test/tests/self-hosting/bug957004.js
js/src/jit-test/tests/self-hosting/define-value-property.js
js/src/jit-test/tests/self-hosting/for-each-in-over-uncloned-method.js
js/src/jit-test/tests/self-hosting/getbuiltinconstructor.js
js/src/jit-test/tests/self-hosting/invoke-self-hosted-function.js
js/src/jit-test/tests/self-hosting/invoke-self-hosted-with-primitive-this.js
js/src/jit-test/tests/self-hosting/makeconstructible-function-inherited-prototype-property.js
js/src/jit-test/tests/self-hosting/object-define-hazard.js
js/src/jit-test/tests/self-hosting/object-lookup-hazard.js
js/src/jit-test/tests/self-test/assertDeepEq.js
js/src/jit-test/tests/self-test/getBacktrace-bug1138195.js
js/src/jit-test/tests/self-test/inIon.js
js/src/jit-test/tests/self-test/inJit.js
js/src/jit-test/tests/self-test/notInIon.js
js/src/jit-test/tests/self-test/notInJit.js
js/src/jit-test/tests/sharedbuf/asm-link.js
js/src/jit-test/tests/sharedbuf/gc-one-view.js
js/src/jit-test/tests/sharedbuf/gc-two-views.js
js/src/jit-test/tests/sharedbuf/inline-access.js
js/src/jit-test/tests/sharedbuf/is-zeroed.js
js/src/jit-test/tests/sharedbuf/sab-construct-noargs-1068458.js
js/src/jit-test/tests/sharedbuf/typedarray-from-sharedtypedarray-with-overridden-length.js
js/src/jit-test/tests/structured-clone/Map-Set-cross-compartment.js
js/src/jit-test/tests/structured-clone/Map.js
js/src/jit-test/tests/structured-clone/Set.js
js/src/jit-test/tests/structured-clone/version3.js
js/src/jit-test/tests/sunspider/check-3d-cube.js
js/src/jit-test/tests/sunspider/check-3d-morph.js
js/src/jit-test/tests/sunspider/check-3d-raytrace.js
js/src/jit-test/tests/sunspider/check-access-binary-trees.js
js/src/jit-test/tests/sunspider/check-access-fannkuch.js
js/src/jit-test/tests/sunspider/check-access-nbody.js
js/src/jit-test/tests/sunspider/check-access-nsieve.js
js/src/jit-test/tests/sunspider/check-bitops-3bit-bits-in-byte.js
js/src/jit-test/tests/sunspider/check-bitops-bits-in-byte.js
js/src/jit-test/tests/sunspider/check-bitops-bitwise-and.js
js/src/jit-test/tests/sunspider/check-bitops-nsieve-bits.js
js/src/jit-test/tests/sunspider/check-controlflow-recursive.js
js/src/jit-test/tests/sunspider/check-crypto-aes.js
js/src/jit-test/tests/sunspider/check-crypto-md5.js
js/src/jit-test/tests/sunspider/check-crypto-sha1.js
js/src/jit-test/tests/sunspider/check-date-format-tofte.js
js/src/jit-test/tests/sunspider/check-date-format-xparb.js
js/src/jit-test/tests/sunspider/check-math-cordic.js
js/src/jit-test/tests/sunspider/check-math-partial-sums.js
js/src/jit-test/tests/sunspider/check-math-spectral-norm.js
js/src/jit-test/tests/sunspider/check-mont.js
js/src/jit-test/tests/sunspider/check-regexp-dna.js
js/src/jit-test/tests/sunspider/check-string-fasta.js
js/src/jit-test/tests/sunspider/check-string-tagcloud.js
js/src/jit-test/tests/sunspider/check-string-unpack-code.js
js/src/jit-test/tests/symbol/bug-1033856.js
js/src/jit-test/tests/symbol/not.js
js/src/jit-test/tests/symbol/toNumber-2.js
js/src/jit-test/tests/symbol/toNumber.js
js/src/jit-test/tests/symbol/toString.js
js/src/jit-test/tests/symbol/truthiness.js
js/src/jit-test/tests/symbol/typed-arrays.js
js/src/jit-test/tests/symbol/typeof.js
js/src/jit-test/tests/tenfourfox/issue430.js
js/src/jit-test/tests/tenfourfox/legacy-generator.js
js/src/jit-test/tests/tenfourfox/regexu.js
js/src/jit-test/tests/tenfourfox/splitjoin.js
js/src/jit-test/tests/tenfourfox/test-new-generators.js
js/src/jit-test/tests/tracelogger/bug1138265.js
js/src/jit-test/tests/tracelogger/bug1174542.js
js/src/jit-test/tests/tracelogger/bug1231170.js
js/src/jit-test/tests/tracelogger/bug1304641.js
js/src/jit-test/tests/tracelogger/drainTraceLogger.js
js/src/jit-test/tests/tracelogger/setupTraceLogger.js
js/src/jit-test/tests/truthiness/equal-null.js
js/src/jit-test/tests/truthiness/equal-undefined.js
js/src/jit-test/tests/truthiness/if-equal-null.js
js/src/jit-test/tests/truthiness/if-equal-undefined.js
js/src/jit-test/tests/truthiness/if-not-equal-null.js
js/src/jit-test/tests/truthiness/if-not-equal-undefined.js
js/src/jit-test/tests/truthiness/if-strict-equal-null.js
js/src/jit-test/tests/truthiness/if-strict-equal-undefined.js
js/src/jit-test/tests/truthiness/if-strict-not-equal-null.js
js/src/jit-test/tests/truthiness/if-strict-not-equal-undefined.js
js/src/jit-test/tests/truthiness/if.js
js/src/jit-test/tests/truthiness/not-equal-null.js
js/src/jit-test/tests/truthiness/not-equal-undefined.js
js/src/jit-test/tests/truthiness/not.js
js/src/jit-test/tests/truthiness/obj-obj-equal.js
js/src/jit-test/tests/truthiness/obj-obj-not-equal.js
js/src/jit-test/tests/truthiness/strict-equal-null.js
js/src/jit-test/tests/truthiness/strict-equal-undefined.js
js/src/jit-test/tests/truthiness/strict-not-equal-null.js
js/src/jit-test/tests/truthiness/strict-not-equal-undefined.js
js/src/jit-test/tests/truthiness/typeof.js
js/src/jit-test/tests/v8-v5/check-crypto.js
js/src/jit-test/tests/v8-v5/check-deltablue.js
js/src/jit-test/tests/v8-v5/check-earley-boyer.js
js/src/jit-test/tests/v8-v5/check-raytrace.js
js/src/jit-test/tests/v8-v5/check-regexp.js
js/src/jit-test/tests/v8-v5/check-richards.js
js/src/jit-test/tests/v8-v5/check-splay.js
js/src/jit-test/tests/xdr/asm.js
js/src/jit-test/tests/xdr/bug1108603.js
js/src/jit-test/tests/xdr/bug1186973.js
js/src/jit-test/tests/xdr/classes.js
js/src/jit-test/tests/xdr/debug-lazy.js
js/src/jit-test/tests/xdr/function-flags.js
js/src/jit-test/tests/xdr/lazy.js
js/src/jit-test/tests/xdr/scope.js
js/src/jit-test/tests/xdr/trivial.js
js/src/jit/AliasAnalysis.cpp
js/src/jit/AliasAnalysis.h
js/src/jit/AlignmentMaskAnalysis.cpp
js/src/jit/AlignmentMaskAnalysis.h
js/src/jit/AtomicOp.h
js/src/jit/AtomicOperations.h
js/src/jit/BacktrackingAllocator.cpp
js/src/jit/BacktrackingAllocator.h
js/src/jit/Bailouts.cpp
js/src/jit/Bailouts.h
js/src/jit/BaselineBailouts.cpp
js/src/jit/BaselineCompiler.cpp
js/src/jit/BaselineCompiler.h
js/src/jit/BaselineDebugModeOSR.cpp
js/src/jit/BaselineDebugModeOSR.h
js/src/jit/BaselineFrame-inl.h
js/src/jit/BaselineFrame.cpp
js/src/jit/BaselineFrame.h
js/src/jit/BaselineFrameInfo.cpp
js/src/jit/BaselineFrameInfo.h
js/src/jit/BaselineIC.cpp
js/src/jit/BaselineIC.h
js/src/jit/BaselineICList.h
js/src/jit/BaselineInspector.cpp
js/src/jit/BaselineInspector.h
js/src/jit/BaselineJIT.cpp
js/src/jit/BaselineJIT.h
js/src/jit/BitSet.cpp
js/src/jit/BitSet.h
js/src/jit/BytecodeAnalysis.cpp
js/src/jit/BytecodeAnalysis.h
js/src/jit/C1Spewer.cpp
js/src/jit/C1Spewer.h
js/src/jit/CodeGenerator.cpp
js/src/jit/CodeGenerator.h
js/src/jit/CompactBuffer.h
js/src/jit/CompileInfo-inl.h
js/src/jit/CompileInfo.h
js/src/jit/CompileWrappers.cpp
js/src/jit/CompileWrappers.h
js/src/jit/Disassembler.cpp
js/src/jit/Disassembler.h
js/src/jit/EagerSimdUnbox.cpp
js/src/jit/EagerSimdUnbox.h
js/src/jit/EdgeCaseAnalysis.cpp
js/src/jit/EdgeCaseAnalysis.h
js/src/jit/EffectiveAddressAnalysis.cpp
js/src/jit/EffectiveAddressAnalysis.h
js/src/jit/ExecutableAllocator.cpp
js/src/jit/ExecutableAllocator.h
js/src/jit/FixedList.h
js/src/jit/ICStubSpace.h
js/src/jit/InlinableNatives.h
js/src/jit/InlineList.h
js/src/jit/InstructionReordering.cpp
js/src/jit/InstructionReordering.h
js/src/jit/Ion.cpp
js/src/jit/Ion.h
js/src/jit/IonAnalysis.cpp
js/src/jit/IonAnalysis.h
js/src/jit/IonBuilder.cpp
js/src/jit/IonBuilder.h
js/src/jit/IonCaches.cpp
js/src/jit/IonCaches.h
js/src/jit/IonCode.h
js/src/jit/IonInstrumentation.h
js/src/jit/IonOptimizationLevels.cpp
js/src/jit/IonOptimizationLevels.h
js/src/jit/IonTypes.h
js/src/jit/JSONSpewer.cpp
js/src/jit/JSONSpewer.h
js/src/jit/JitAllocPolicy.h
js/src/jit/JitCommon.h
js/src/jit/JitCompartment.h
js/src/jit/JitFrameIterator-inl.h
js/src/jit/JitFrameIterator.h
js/src/jit/JitFrames-inl.h
js/src/jit/JitFrames.cpp
js/src/jit/JitFrames.h
js/src/jit/JitOptions.cpp
js/src/jit/JitOptions.h
js/src/jit/JitSpewer.cpp
js/src/jit/JitSpewer.h
js/src/jit/JitcodeMap.cpp
js/src/jit/JitcodeMap.h
js/src/jit/LICM.cpp
js/src/jit/LICM.h
js/src/jit/LIR.cpp
js/src/jit/LIR.h
js/src/jit/LOpcodes.h
js/src/jit/Label.h
js/src/jit/Linker.h
js/src/jit/LoopUnroller.cpp
js/src/jit/LoopUnroller.h
js/src/jit/Lowering.cpp
js/src/jit/Lowering.h
js/src/jit/MCallOptimize.cpp
js/src/jit/MIR.cpp
js/src/jit/MIR.h
js/src/jit/MIRGenerator.h
js/src/jit/MIRGraph.cpp
js/src/jit/MIRGraph.h
js/src/jit/MOpcodes.h
js/src/jit/MacroAssembler-inl.h
js/src/jit/MacroAssembler.cpp
js/src/jit/MacroAssembler.h
js/src/jit/MoveEmitter.h
js/src/jit/MoveResolver.cpp
js/src/jit/MoveResolver.h
js/src/jit/OptimizationTracking.cpp
js/src/jit/OptimizationTracking.h
js/src/jit/PcScriptCache.h
js/src/jit/PerfSpewer.cpp
js/src/jit/PerfSpewer.h
js/src/jit/ProcessExecutableMemory.cpp
js/src/jit/ProcessExecutableMemory.h
js/src/jit/RangeAnalysis.cpp
js/src/jit/RangeAnalysis.h
js/src/jit/Recover.cpp
js/src/jit/Recover.h
js/src/jit/RegisterAllocator.cpp
js/src/jit/RegisterAllocator.h
js/src/jit/RegisterSets.h
js/src/jit/Registers.h
js/src/jit/RematerializedFrame.cpp
js/src/jit/RematerializedFrame.h
js/src/jit/Safepoints.cpp
js/src/jit/Safepoints.h
js/src/jit/ScalarReplacement.cpp
js/src/jit/ScalarReplacement.h
js/src/jit/SharedIC.cpp
js/src/jit/SharedIC.h
js/src/jit/SharedICHelpers.h
js/src/jit/SharedICList.h
js/src/jit/SharedICRegisters.h
js/src/jit/Sink.cpp
js/src/jit/Sink.h
js/src/jit/Snapshots.cpp
js/src/jit/Snapshots.h
js/src/jit/StackSlotAllocator.h
js/src/jit/StupidAllocator.cpp
js/src/jit/StupidAllocator.h
js/src/jit/TypePolicy.cpp
js/src/jit/TypePolicy.h
js/src/jit/TypedObjectPrediction.cpp
js/src/jit/TypedObjectPrediction.h
js/src/jit/VMFunctions.cpp
js/src/jit/VMFunctions.h
js/src/jit/ValueNumbering.cpp
js/src/jit/ValueNumbering.h
js/src/jit/arm/Architecture-arm.cpp
js/src/jit/arm/Architecture-arm.h
js/src/jit/arm/Assembler-arm.cpp
js/src/jit/arm/Assembler-arm.h
js/src/jit/arm/AtomicOperations-arm.h
js/src/jit/arm/Bailouts-arm.cpp
js/src/jit/arm/BaselineCompiler-arm.cpp
js/src/jit/arm/BaselineCompiler-arm.h
js/src/jit/arm/BaselineIC-arm.cpp
js/src/jit/arm/CodeGenerator-arm.cpp
js/src/jit/arm/CodeGenerator-arm.h
js/src/jit/arm/DoubleEntryTable.tbl
js/src/jit/arm/LIR-arm.h
js/src/jit/arm/LOpcodes-arm.h
js/src/jit/arm/Lowering-arm.cpp
js/src/jit/arm/Lowering-arm.h
js/src/jit/arm/MacroAssembler-arm-inl.h
js/src/jit/arm/MacroAssembler-arm.cpp
js/src/jit/arm/MacroAssembler-arm.h
js/src/jit/arm/MoveEmitter-arm.cpp
js/src/jit/arm/MoveEmitter-arm.h
js/src/jit/arm/SharedIC-arm.cpp
js/src/jit/arm/SharedICHelpers-arm.h
js/src/jit/arm/SharedICRegisters-arm.h
js/src/jit/arm/Simulator-arm.cpp
js/src/jit/arm/Simulator-arm.h
js/src/jit/arm/Trampoline-arm.cpp
js/src/jit/arm/disasm/Constants-arm.cpp
js/src/jit/arm/disasm/Constants-arm.h
js/src/jit/arm/disasm/Disasm-arm.cpp
js/src/jit/arm/disasm/Disasm-arm.h
js/src/jit/arm/gen-double-encoder-table.py
js/src/jit/arm/llvm-compiler-rt/arm/aeabi_idivmod.S
js/src/jit/arm/llvm-compiler-rt/arm/aeabi_uidivmod.S
js/src/jit/arm/llvm-compiler-rt/assembly.h
js/src/jit/arm64/Architecture-arm64.cpp
js/src/jit/arm64/Architecture-arm64.h
js/src/jit/arm64/Assembler-arm64.cpp
js/src/jit/arm64/Assembler-arm64.h
js/src/jit/arm64/AtomicOperations-arm64.h
js/src/jit/arm64/Bailouts-arm64.cpp
js/src/jit/arm64/BaselineCompiler-arm64.h
js/src/jit/arm64/BaselineIC-arm64.cpp
js/src/jit/arm64/CodeGenerator-arm64.cpp
js/src/jit/arm64/CodeGenerator-arm64.h
js/src/jit/arm64/LIR-arm64.h
js/src/jit/arm64/LOpcodes-arm64.h
js/src/jit/arm64/Lowering-arm64.cpp
js/src/jit/arm64/Lowering-arm64.h
js/src/jit/arm64/MacroAssembler-arm64-inl.h
js/src/jit/arm64/MacroAssembler-arm64.cpp
js/src/jit/arm64/MacroAssembler-arm64.h
js/src/jit/arm64/MoveEmitter-arm64.cpp
js/src/jit/arm64/MoveEmitter-arm64.h
js/src/jit/arm64/SharedIC-arm64.cpp
js/src/jit/arm64/SharedICHelpers-arm64.h
js/src/jit/arm64/SharedICRegisters-arm64.h
js/src/jit/arm64/Trampoline-arm64.cpp
js/src/jit/arm64/vixl/Assembler-vixl.cpp
js/src/jit/arm64/vixl/Assembler-vixl.h
js/src/jit/arm64/vixl/CompilerIntrinsics-vixl.h
js/src/jit/arm64/vixl/Constants-vixl.h
js/src/jit/arm64/vixl/Cpu-vixl.cpp
js/src/jit/arm64/vixl/Cpu-vixl.h
js/src/jit/arm64/vixl/Debugger-vixl.cpp
js/src/jit/arm64/vixl/Debugger-vixl.h
js/src/jit/arm64/vixl/Decoder-vixl.cpp
js/src/jit/arm64/vixl/Decoder-vixl.h
js/src/jit/arm64/vixl/Disasm-vixl.cpp
js/src/jit/arm64/vixl/Disasm-vixl.h
js/src/jit/arm64/vixl/Globals-vixl.h
js/src/jit/arm64/vixl/Instructions-vixl.cpp
js/src/jit/arm64/vixl/Instructions-vixl.h
js/src/jit/arm64/vixl/Instrument-vixl.cpp
js/src/jit/arm64/vixl/Instrument-vixl.h
js/src/jit/arm64/vixl/Logic-vixl.cpp
js/src/jit/arm64/vixl/MacroAssembler-vixl.cpp
js/src/jit/arm64/vixl/MacroAssembler-vixl.h
js/src/jit/arm64/vixl/MozAssembler-vixl.cpp
js/src/jit/arm64/vixl/MozBaseAssembler-vixl.h
js/src/jit/arm64/vixl/MozInstructions-vixl.cpp
js/src/jit/arm64/vixl/MozSimulator-vixl.cpp
js/src/jit/arm64/vixl/Platform-vixl.h
js/src/jit/arm64/vixl/Simulator-vixl.cpp
js/src/jit/arm64/vixl/Simulator-vixl.h
js/src/jit/arm64/vixl/Utils-vixl.cpp
js/src/jit/arm64/vixl/Utils-vixl.h
js/src/jit/mips-shared/Architecture-mips-shared.cpp
js/src/jit/mips-shared/Architecture-mips-shared.h
js/src/jit/mips-shared/Assembler-mips-shared.cpp
js/src/jit/mips-shared/Assembler-mips-shared.h
js/src/jit/mips-shared/AtomicOperations-mips-shared.h
js/src/jit/mips-shared/Bailouts-mips-shared.cpp
js/src/jit/mips-shared/BaselineCompiler-mips-shared.cpp
js/src/jit/mips-shared/BaselineCompiler-mips-shared.h
js/src/jit/mips-shared/BaselineIC-mips-shared.cpp
js/src/jit/mips-shared/CodeGenerator-mips-shared.cpp
js/src/jit/mips-shared/CodeGenerator-mips-shared.h
js/src/jit/mips-shared/LIR-mips-shared.h
js/src/jit/mips-shared/Lowering-mips-shared.cpp
js/src/jit/mips-shared/Lowering-mips-shared.h
js/src/jit/mips-shared/MacroAssembler-mips-shared-inl.h
js/src/jit/mips-shared/MacroAssembler-mips-shared.cpp
js/src/jit/mips-shared/MacroAssembler-mips-shared.h
js/src/jit/mips-shared/MoveEmitter-mips-shared.cpp
js/src/jit/mips-shared/MoveEmitter-mips-shared.h
js/src/jit/mips32/Architecture-mips32.cpp
js/src/jit/mips32/Architecture-mips32.h
js/src/jit/mips32/Assembler-mips32.cpp
js/src/jit/mips32/Assembler-mips32.h
js/src/jit/mips32/Bailouts-mips32.cpp
js/src/jit/mips32/Bailouts-mips32.h
js/src/jit/mips32/BaselineCompiler-mips32.cpp
js/src/jit/mips32/BaselineCompiler-mips32.h
js/src/jit/mips32/BaselineIC-mips32.cpp
js/src/jit/mips32/CodeGenerator-mips32.cpp
js/src/jit/mips32/CodeGenerator-mips32.h
js/src/jit/mips32/LIR-mips32.h
js/src/jit/mips32/LOpcodes-mips32.h
js/src/jit/mips32/Lowering-mips32.cpp
js/src/jit/mips32/Lowering-mips32.h
js/src/jit/mips32/MacroAssembler-mips32-inl.h
js/src/jit/mips32/MacroAssembler-mips32.cpp
js/src/jit/mips32/MacroAssembler-mips32.h
js/src/jit/mips32/MoveEmitter-mips32.cpp
js/src/jit/mips32/MoveEmitter-mips32.h
js/src/jit/mips32/SharedIC-mips32.cpp
js/src/jit/mips32/SharedICHelpers-mips32.h
js/src/jit/mips32/SharedICRegisters-mips32.h
js/src/jit/mips32/Simulator-mips32.cpp
js/src/jit/mips32/Simulator-mips32.h
js/src/jit/mips32/Trampoline-mips32.cpp
js/src/jit/mips64/Architecture-mips64.cpp
js/src/jit/mips64/Architecture-mips64.h
js/src/jit/mips64/Assembler-mips64.cpp
js/src/jit/mips64/Assembler-mips64.h
js/src/jit/mips64/Bailouts-mips64.cpp
js/src/jit/mips64/Bailouts-mips64.h
js/src/jit/mips64/BaselineCompiler-mips64.cpp
js/src/jit/mips64/BaselineCompiler-mips64.h
js/src/jit/mips64/BaselineIC-mips64.cpp
js/src/jit/mips64/CodeGenerator-mips64.cpp
js/src/jit/mips64/CodeGenerator-mips64.h
js/src/jit/mips64/LIR-mips64.h
js/src/jit/mips64/LOpcodes-mips64.h
js/src/jit/mips64/Lowering-mips64.cpp
js/src/jit/mips64/Lowering-mips64.h
js/src/jit/mips64/MacroAssembler-mips64-inl.h
js/src/jit/mips64/MacroAssembler-mips64.cpp
js/src/jit/mips64/MacroAssembler-mips64.h
js/src/jit/mips64/MoveEmitter-mips64.cpp
js/src/jit/mips64/MoveEmitter-mips64.h
js/src/jit/mips64/SharedIC-mips64.cpp
js/src/jit/mips64/SharedICHelpers-mips64.h
js/src/jit/mips64/SharedICRegisters-mips64.h
js/src/jit/mips64/Simulator-mips64.cpp
js/src/jit/mips64/Simulator-mips64.h
js/src/jit/mips64/Trampoline-mips64.cpp
js/src/jit/none/Architecture-none.h
js/src/jit/none/AtomicOperations-none.h
js/src/jit/none/AtomicOperations-ppc.h
js/src/jit/none/BaselineCompiler-none.h
js/src/jit/none/CodeGenerator-none.h
js/src/jit/none/LIR-none.h
js/src/jit/none/LOpcodes-none.h
js/src/jit/none/Lowering-none.h
js/src/jit/none/MacroAssembler-none.h
js/src/jit/none/MoveEmitter-none.h
js/src/jit/none/SharedICHelpers-none.h
js/src/jit/none/SharedICRegisters-none.h
js/src/jit/none/Trampoline-none.cpp
js/src/jit/osxppc/Architecture-ppc.cpp
js/src/jit/osxppc/Architecture-ppc.h
js/src/jit/osxppc/Assembler-ppc.cpp
js/src/jit/osxppc/Assembler-ppc.h
js/src/jit/osxppc/AtomicOperations-ppc.h
js/src/jit/osxppc/Bailouts-ppc.cpp
js/src/jit/osxppc/Bailouts-ppc.h
js/src/jit/osxppc/BaselineCompiler-ppc.cpp
js/src/jit/osxppc/BaselineCompiler-ppc.h
js/src/jit/osxppc/BaselineIC-ppc.cpp
js/src/jit/osxppc/CodeGenerator-ppc.cpp
js/src/jit/osxppc/CodeGenerator-ppc.h
js/src/jit/osxppc/LIR-ppc.h
js/src/jit/osxppc/LOpcodes-ppc.h
js/src/jit/osxppc/Lowering-ppc.cpp
js/src/jit/osxppc/Lowering-ppc.h
js/src/jit/osxppc/MacroAssembler-ppc-inl.h
js/src/jit/osxppc/MacroAssembler-ppc.cpp
js/src/jit/osxppc/MacroAssembler-ppc.h
js/src/jit/osxppc/MoveEmitter-ppc.cpp
js/src/jit/osxppc/MoveEmitter-ppc.h
js/src/jit/osxppc/SharedICHelpers-ppc.h
js/src/jit/osxppc/SharedICRegisters-ppc.h
js/src/jit/osxppc/Trampoline-ppc.cpp
js/src/jit/shared/Assembler-shared.h
js/src/jit/shared/BaselineCompiler-shared.cpp
js/src/jit/shared/BaselineCompiler-shared.h
js/src/jit/shared/CodeGenerator-shared-inl.h
js/src/jit/shared/CodeGenerator-shared.cpp
js/src/jit/shared/CodeGenerator-shared.h
js/src/jit/shared/IonAssemblerBuffer.h
js/src/jit/shared/IonAssemblerBufferWithConstantPools.h
js/src/jit/shared/LIR-shared.h
js/src/jit/shared/LOpcodes-shared.h
js/src/jit/shared/Lowering-shared-inl.h
js/src/jit/shared/Lowering-shared.cpp
js/src/jit/shared/Lowering-shared.h
js/src/jit/x64/Assembler-x64.cpp
js/src/jit/x64/Assembler-x64.h
js/src/jit/x64/Bailouts-x64.cpp
js/src/jit/x64/BaseAssembler-x64.h
js/src/jit/x64/BaselineCompiler-x64.cpp
js/src/jit/x64/BaselineCompiler-x64.h
js/src/jit/x64/BaselineIC-x64.cpp
js/src/jit/x64/CodeGenerator-x64.cpp
js/src/jit/x64/CodeGenerator-x64.h
js/src/jit/x64/LIR-x64.h
js/src/jit/x64/LOpcodes-x64.h
js/src/jit/x64/Lowering-x64.cpp
js/src/jit/x64/Lowering-x64.h
js/src/jit/x64/MacroAssembler-x64-inl.h
js/src/jit/x64/MacroAssembler-x64.cpp
js/src/jit/x64/MacroAssembler-x64.h
js/src/jit/x64/SharedIC-x64.cpp
js/src/jit/x64/SharedICHelpers-x64.h
js/src/jit/x64/SharedICRegisters-x64.h
js/src/jit/x64/Trampoline-x64.cpp
js/src/jit/x86-shared/Architecture-x86-shared.cpp
js/src/jit/x86-shared/Architecture-x86-shared.h
js/src/jit/x86-shared/Assembler-x86-shared.cpp
js/src/jit/x86-shared/Assembler-x86-shared.h
js/src/jit/x86-shared/AssemblerBuffer-x86-shared.cpp
js/src/jit/x86-shared/AssemblerBuffer-x86-shared.h
js/src/jit/x86-shared/AtomicOperations-x86-shared.h
js/src/jit/x86-shared/BaseAssembler-x86-shared.h
js/src/jit/x86-shared/BaselineCompiler-x86-shared.cpp
js/src/jit/x86-shared/BaselineCompiler-x86-shared.h
js/src/jit/x86-shared/BaselineIC-x86-shared.cpp
js/src/jit/x86-shared/CodeGenerator-x86-shared.cpp
js/src/jit/x86-shared/CodeGenerator-x86-shared.h
js/src/jit/x86-shared/Constants-x86-shared.h
js/src/jit/x86-shared/Disassembler-x86-shared.cpp
js/src/jit/x86-shared/Encoding-x86-shared.h
js/src/jit/x86-shared/LIR-x86-shared.h
js/src/jit/x86-shared/Lowering-x86-shared.cpp
js/src/jit/x86-shared/Lowering-x86-shared.h
js/src/jit/x86-shared/MacroAssembler-x86-shared-inl.h
js/src/jit/x86-shared/MacroAssembler-x86-shared.cpp
js/src/jit/x86-shared/MacroAssembler-x86-shared.h
js/src/jit/x86-shared/MoveEmitter-x86-shared.cpp
js/src/jit/x86-shared/MoveEmitter-x86-shared.h
js/src/jit/x86-shared/Patching-x86-shared.h
js/src/jit/x86/Assembler-x86.cpp
js/src/jit/x86/Assembler-x86.h
js/src/jit/x86/Bailouts-x86.cpp
js/src/jit/x86/BaseAssembler-x86.h
js/src/jit/x86/BaselineCompiler-x86.cpp
js/src/jit/x86/BaselineCompiler-x86.h
js/src/jit/x86/BaselineIC-x86.cpp
js/src/jit/x86/CodeGenerator-x86.cpp
js/src/jit/x86/CodeGenerator-x86.h
js/src/jit/x86/LIR-x86.h
js/src/jit/x86/LOpcodes-x86.h
js/src/jit/x86/Lowering-x86.cpp
js/src/jit/x86/Lowering-x86.h
js/src/jit/x86/MacroAssembler-x86-inl.h
js/src/jit/x86/MacroAssembler-x86.cpp
js/src/jit/x86/MacroAssembler-x86.h
js/src/jit/x86/SharedIC-x86.cpp
js/src/jit/x86/SharedICHelpers-x86.h
js/src/jit/x86/SharedICRegisters-x86.h
js/src/jit/x86/Trampoline-x86.cpp
js/src/js-confdefs.h.in
js/src/js-config.h.in
js/src/js-config.in
js/src/js.msg
js/src/js.pc.in
js/src/jsalloc.cpp
js/src/jsalloc.h
js/src/jsapi-tests/Makefile.in
js/src/jsapi-tests/README
js/src/jsapi-tests/jsapi-tests-gdb.py.in
js/src/jsapi-tests/moz.build
js/src/jsapi-tests/selfTest.cpp
js/src/jsapi-tests/testAddPropertyPropcache.cpp
js/src/jsapi-tests/testArgumentsObject.cpp
js/src/jsapi-tests/testArrayBuffer.cpp
js/src/jsapi-tests/testArrayBufferView.cpp
js/src/jsapi-tests/testAssemblerBuffer.cpp
js/src/jsapi-tests/testBug604087.cpp
js/src/jsapi-tests/testCallNonGenericMethodOnProxy.cpp
js/src/jsapi-tests/testChromeBuffer.cpp
js/src/jsapi-tests/testClassGetter.cpp
js/src/jsapi-tests/testCloneScript.cpp
js/src/jsapi-tests/testContexts.cpp
js/src/jsapi-tests/testDateToLocaleString.cpp
js/src/jsapi-tests/testDebugger.cpp
js/src/jsapi-tests/testDeepFreeze.cpp
js/src/jsapi-tests/testDefineGetterSetterNonEnumerable.cpp
js/src/jsapi-tests/testDefineProperty.cpp
js/src/jsapi-tests/testDefinePropertyIgnoredAttributes.cpp
js/src/jsapi-tests/testDifferentNewTargetInvokeConstructor.cpp
js/src/jsapi-tests/testEnclosingFunction.cpp
js/src/jsapi-tests/testErrorCopying.cpp
js/src/jsapi-tests/testException.cpp
js/src/jsapi-tests/testExternalStrings.cpp
js/src/jsapi-tests/testFindSCCs.cpp
js/src/jsapi-tests/testForOfIterator.cpp
js/src/jsapi-tests/testForwardSetProperty.cpp
js/src/jsapi-tests/testFreshGlobalEvalRedefinition.cpp
js/src/jsapi-tests/testFunctionProperties.cpp
js/src/jsapi-tests/testGCAllocator.cpp
js/src/jsapi-tests/testGCCellPtr.cpp
js/src/jsapi-tests/testGCChunkPool.cpp
js/src/jsapi-tests/testGCExactRooting.cpp
js/src/jsapi-tests/testGCFinalizeCallback.cpp
js/src/jsapi-tests/testGCHeapPostBarriers.cpp
js/src/jsapi-tests/testGCMarking.cpp
js/src/jsapi-tests/testGCOutOfMemory.cpp
js/src/jsapi-tests/testGCStoreBufferRemoval.cpp
js/src/jsapi-tests/testGCUniqueId.cpp
js/src/jsapi-tests/testGCWeakRef.cpp
js/src/jsapi-tests/testGetPropertyDescriptor.cpp
js/src/jsapi-tests/testHashTable.cpp
js/src/jsapi-tests/testIndexToString.cpp
js/src/jsapi-tests/testIntString.cpp
js/src/jsapi-tests/testIntTypesABI.cpp
js/src/jsapi-tests/testIntern.cpp
js/src/jsapi-tests/testIntlAvailableLocales.cpp
js/src/jsapi-tests/testIsInsideNursery.cpp
js/src/jsapi-tests/testJSEvaluateScript.cpp
js/src/jsapi-tests/testJitDCEinGVN.cpp
js/src/jsapi-tests/testJitFoldsTo.cpp
js/src/jsapi-tests/testJitGVN.cpp
js/src/jsapi-tests/testJitMinimalFunc.h
js/src/jsapi-tests/testJitMoveEmitterCycles-mips32.cpp
js/src/jsapi-tests/testJitMoveEmitterCycles.cpp
js/src/jsapi-tests/testJitRValueAlloc.cpp
js/src/jsapi-tests/testJitRangeAnalysis.cpp
js/src/jsapi-tests/testJitRegisterSet.cpp
js/src/jsapi-tests/testLookup.cpp
js/src/jsapi-tests/testLooselyEqual.cpp
js/src/jsapi-tests/testMappedArrayBuffer.cpp
js/src/jsapi-tests/testMutedErrors.cpp
js/src/jsapi-tests/testNewObject.cpp
js/src/jsapi-tests/testNewTargetInvokeConstructor.cpp
js/src/jsapi-tests/testNullRoot.cpp
js/src/jsapi-tests/testOOM.cpp
js/src/jsapi-tests/testObjectEmulatingUndefined.cpp
js/src/jsapi-tests/testParseJSON.cpp
js/src/jsapi-tests/testPersistentRooted.cpp
js/src/jsapi-tests/testPreserveJitCode.cpp
js/src/jsapi-tests/testProfileStrings.cpp
js/src/jsapi-tests/testPropCache.cpp
js/src/jsapi-tests/testRegExp.cpp
js/src/jsapi-tests/testResolveRecursion.cpp
js/src/jsapi-tests/testSameValue.cpp
js/src/jsapi-tests/testSavedStacks.cpp
js/src/jsapi-tests/testScriptInfo.cpp
js/src/jsapi-tests/testScriptObject.cpp
js/src/jsapi-tests/testSetProperty.cpp
js/src/jsapi-tests/testSetPropertyIgnoringNamedGetter.cpp
js/src/jsapi-tests/testSlowScript.cpp
js/src/jsapi-tests/testSourcePolicy.cpp
js/src/jsapi-tests/testStringBuffer.cpp
js/src/jsapi-tests/testStructuredClone.cpp
js/src/jsapi-tests/testSymbol.cpp
js/src/jsapi-tests/testToIntWidth.cpp
js/src/jsapi-tests/testTypedArrays.cpp
js/src/jsapi-tests/testUTF8.cpp
js/src/jsapi-tests/testUbiNode.cpp
js/src/jsapi-tests/testUncaughtError.cpp
js/src/jsapi-tests/testValueABI.cpp
js/src/jsapi-tests/testWeakMap.cpp
js/src/jsapi-tests/testXDR.cpp
js/src/jsapi-tests/tests.cpp
js/src/jsapi-tests/tests.h
js/src/jsapi-tests/valueABI.c
js/src/jsapi.cpp
js/src/jsapi.h
js/src/jsarray.cpp
js/src/jsarray.h
js/src/jsast.tbl
js/src/jsatom.cpp
js/src/jsatom.h
js/src/jsatominlines.h
js/src/jsbool.cpp
js/src/jsbool.h
js/src/jsboolinlines.h
js/src/jsbytecode.h
js/src/jsclist.h
js/src/jscntxt.cpp
js/src/jscntxt.h
js/src/jscntxtinlines.h
js/src/jscompartment.cpp
js/src/jscompartment.h
js/src/jscompartmentinlines.h
js/src/jscpucfg.h
js/src/jsdate.cpp
js/src/jsdate.h
js/src/jsdtoa.cpp
js/src/jsdtoa.h
js/src/jsexn.cpp
js/src/jsexn.h
js/src/jsfriendapi.cpp
js/src/jsfriendapi.h
js/src/jsfun.cpp
js/src/jsfun.h
js/src/jsfuninlines.h
js/src/jsgc.cpp
js/src/jsgc.h
js/src/jsgcinlines.h
js/src/jshashutil.h
js/src/jsiter.cpp
js/src/jsiter.h
js/src/jskwgen.cpp
js/src/jslibmath.h
js/src/jslock.h
js/src/jsmath.cpp
js/src/jsmath.h
js/src/jsnativestack.cpp
js/src/jsnativestack.h
js/src/jsnum.cpp
js/src/jsnum.h
js/src/jsobj.cpp
js/src/jsobj.h
js/src/jsobjinlines.h
js/src/json.cpp
js/src/json.h
js/src/jsopcode.cpp
js/src/jsopcode.h
js/src/jsopcodeinlines.h
js/src/jsprf.cpp
js/src/jsprf.h
js/src/jspropertytree.cpp
js/src/jspropertytree.h
js/src/jsprototypes.h
js/src/jspubtd.h
js/src/jsscript.cpp
js/src/jsscript.h
js/src/jsscriptinlines.h
js/src/jsshell.msg
js/src/jsstr.cpp
js/src/jsstr.h
js/src/jstypes.h
js/src/jsutil.cpp
js/src/jsutil.h
js/src/jsversion.h
js/src/jswatchpoint.cpp
js/src/jswatchpoint.h
js/src/jsweakcache.h
js/src/jsweakmap.cpp
js/src/jsweakmap.h
js/src/jswin.h
js/src/jswrapper.h
js/src/make-source-package.sh
js/src/moz.build
js/src/octane/base.js
js/src/octane/box2d.js
js/src/octane/code-load.js
js/src/octane/crypto.js
js/src/octane/deltablue.js
js/src/octane/earley-boyer.js
js/src/octane/gbemu-part1.js
js/src/octane/gbemu-part2.js
js/src/octane/index.html
js/src/octane/mandreel.js
js/src/octane/navier-stokes.js
js/src/octane/pdfjs.js
js/src/octane/raytrace.js
js/src/octane/regexp.js
js/src/octane/richards.js
js/src/octane/run-box2d.js
js/src/octane/run-code-load.js
js/src/octane/run-crypto.js
js/src/octane/run-deltablue.js
js/src/octane/run-earley-boyer.js
js/src/octane/run-gbemu.js
js/src/octane/run-mandreel.js
js/src/octane/run-navier-stokes.js
js/src/octane/run-pdfjs.js
js/src/octane/run-raytrace.js
js/src/octane/run-regexp.js
js/src/octane/run-richards.js
js/src/octane/run-splay.js
js/src/octane/run-typescript.js
js/src/octane/run-zlib.js
js/src/octane/run.js
js/src/octane/splay.js
js/src/octane/typescript-compiler.js
js/src/octane/typescript-input.js
js/src/octane/typescript.js
js/src/octane/zlib-data.js
js/src/octane/zlib.js
js/src/perf/jsperf.cpp
js/src/perf/jsperf.h
js/src/perf/pm_linux.cpp
js/src/perf/pm_stub.cpp
js/src/proxy/BaseProxyHandler.cpp
js/src/proxy/CrossCompartmentWrapper.cpp
js/src/proxy/DeadObjectProxy.cpp
js/src/proxy/DeadObjectProxy.h
js/src/proxy/DirectProxyHandler.cpp
js/src/proxy/OpaqueCrossCompartmentWrapper.cpp
js/src/proxy/Proxy.cpp
js/src/proxy/Proxy.h
js/src/proxy/ScriptedDirectProxyHandler.cpp
js/src/proxy/ScriptedDirectProxyHandler.h
js/src/proxy/ScriptedIndirectProxyHandler.cpp
js/src/proxy/ScriptedIndirectProxyHandler.h
js/src/proxy/SecurityWrapper.cpp
js/src/proxy/Wrapper.cpp
js/src/shell/Makefile.in
js/src/shell/ModuleLoader.js
js/src/shell/OSObject.cpp
js/src/shell/OSObject.h
js/src/shell/js-gdb.py.in
js/src/shell/js.cpp
js/src/shell/jsoptparse.cpp
js/src/shell/jsoptparse.h
js/src/shell/jsshell.h
js/src/shell/moz.build
js/src/symverscript.in
js/src/tests/Intl/Collator/browser.js
js/src/tests/Intl/Collator/compare.js
js/src/tests/Intl/Collator/shell.js
js/src/tests/Intl/Collator/supportedLocalesOf.js
js/src/tests/Intl/DateTimeFormat/browser.js
js/src/tests/Intl/DateTimeFormat/format.js
js/src/tests/Intl/DateTimeFormat/shell.js
js/src/tests/Intl/DateTimeFormat/supportedLocalesOf.js
js/src/tests/Intl/NumberFormat/StringBuffer.js
js/src/tests/Intl/NumberFormat/browser.js
js/src/tests/Intl/NumberFormat/duplicate-singleton-variant.js
js/src/tests/Intl/NumberFormat/format-as-code-or-name.js
js/src/tests/Intl/NumberFormat/format.js
js/src/tests/Intl/NumberFormat/remove-unicode-extensions.js
js/src/tests/Intl/NumberFormat/shell.js
js/src/tests/Intl/NumberFormat/significantDigitsOfZero.js
js/src/tests/Intl/NumberFormat/supportedLocalesOf.js
js/src/tests/Intl/README.txt
js/src/tests/Intl/browser.js
js/src/tests/Intl/extensions/browser.js
js/src/tests/Intl/extensions/options-value-emulates-undefined.js
js/src/tests/Intl/extensions/shell.js
js/src/tests/Intl/shell.js
js/src/tests/Makefile.in
js/src/tests/README.txt
js/src/tests/browser.js
js/src/tests/compare_bench.py
js/src/tests/dupl-prop-changes.diff
js/src/tests/ecma/Array/15.4-1.js
js/src/tests/ecma/Array/15.4-2.js
js/src/tests/ecma/Array/15.4.1.1.js
js/src/tests/ecma/Array/15.4.1.2.js
js/src/tests/ecma/Array/15.4.1.3.js
js/src/tests/ecma/Array/15.4.1.js
js/src/tests/ecma/Array/15.4.2.1-1.js
js/src/tests/ecma/Array/15.4.2.1-2.js
js/src/tests/ecma/Array/15.4.2.1-3.js
js/src/tests/ecma/Array/15.4.2.2-1.js
js/src/tests/ecma/Array/15.4.2.2-2.js
js/src/tests/ecma/Array/15.4.2.3.js
js/src/tests/ecma/Array/15.4.3.1-2.js
js/src/tests/ecma/Array/15.4.3.2.js
js/src/tests/ecma/Array/15.4.4.1.js
js/src/tests/ecma/Array/15.4.4.2.js
js/src/tests/ecma/Array/15.4.4.3-1.js
js/src/tests/ecma/Array/15.4.4.3-2.js
js/src/tests/ecma/Array/15.4.4.4-1.js
js/src/tests/ecma/Array/15.4.4.4-2.js
js/src/tests/ecma/Array/15.4.4.5-1.js
js/src/tests/ecma/Array/15.4.4.5-2.js
js/src/tests/ecma/Array/15.4.4.5-3.js
js/src/tests/ecma/Array/15.4.4.js
js/src/tests/ecma/Array/15.4.5.1-1.js
js/src/tests/ecma/Array/15.4.5.1-2.js
js/src/tests/ecma/Array/15.4.5.2-1.js
js/src/tests/ecma/Array/15.4.5.2-2.js
js/src/tests/ecma/Array/array-length-set-during-for-in.js
js/src/tests/ecma/Array/array-length-set-on-nonarray.js
js/src/tests/ecma/Array/browser.js
js/src/tests/ecma/Array/shell.js
js/src/tests/ecma/Boolean/15.6.1.js
js/src/tests/ecma/Boolean/15.6.2.js
js/src/tests/ecma/Boolean/15.6.3.1-1.js
js/src/tests/ecma/Boolean/15.6.3.1-2.js
js/src/tests/ecma/Boolean/15.6.3.1-3.js
js/src/tests/ecma/Boolean/15.6.3.1-4.js
js/src/tests/ecma/Boolean/15.6.3.1.js
js/src/tests/ecma/Boolean/15.6.4-1.js
js/src/tests/ecma/Boolean/15.6.4.1.js
js/src/tests/ecma/Boolean/15.6.4.2-1.js
js/src/tests/ecma/Boolean/15.6.4.2-2.js
js/src/tests/ecma/Boolean/15.6.4.2-3.js
js/src/tests/ecma/Boolean/15.6.4.2-4-n.js
js/src/tests/ecma/Boolean/15.6.4.3-1.js
js/src/tests/ecma/Boolean/15.6.4.3-2.js
js/src/tests/ecma/Boolean/15.6.4.3-3.js
js/src/tests/ecma/Boolean/15.6.4.3-4-n.js
js/src/tests/ecma/Boolean/15.6.4.3.js
js/src/tests/ecma/Boolean/15.6.4.js
js/src/tests/ecma/Boolean/browser.js
js/src/tests/ecma/Boolean/shell.js
js/src/tests/ecma/Date/15.9.1.1-1.js
js/src/tests/ecma/Date/15.9.1.1-2.js
js/src/tests/ecma/Date/15.9.1.13-1.js
js/src/tests/ecma/Date/15.9.2.1.js
js/src/tests/ecma/Date/15.9.2.2-1.js
js/src/tests/ecma/Date/15.9.2.2-2.js
js/src/tests/ecma/Date/15.9.2.2-3.js
js/src/tests/ecma/Date/15.9.2.2-4.js
js/src/tests/ecma/Date/15.9.2.2-5.js
js/src/tests/ecma/Date/15.9.2.2-6.js
js/src/tests/ecma/Date/15.9.3.1-1.js
js/src/tests/ecma/Date/15.9.3.1-2.js
js/src/tests/ecma/Date/15.9.3.1-3.js
js/src/tests/ecma/Date/15.9.3.1-4.js
js/src/tests/ecma/Date/15.9.3.1-5.js
js/src/tests/ecma/Date/15.9.3.2-1.js
js/src/tests/ecma/Date/15.9.3.2-2.js
js/src/tests/ecma/Date/15.9.3.2-3.js
js/src/tests/ecma/Date/15.9.3.2-4.js
js/src/tests/ecma/Date/15.9.3.2-5.js
js/src/tests/ecma/Date/15.9.3.8-1.js
js/src/tests/ecma/Date/15.9.3.8-2.js
js/src/tests/ecma/Date/15.9.3.8-3.js
js/src/tests/ecma/Date/15.9.3.8-4.js
js/src/tests/ecma/Date/15.9.3.8-5.js
js/src/tests/ecma/Date/15.9.4.2-1.js
js/src/tests/ecma/Date/15.9.4.2.js
js/src/tests/ecma/Date/15.9.4.3.js
js/src/tests/ecma/Date/15.9.5.1.js
js/src/tests/ecma/Date/15.9.5.10-1.js
js/src/tests/ecma/Date/15.9.5.10-10.js
js/src/tests/ecma/Date/15.9.5.10-11.js
js/src/tests/ecma/Date/15.9.5.10-12.js
js/src/tests/ecma/Date/15.9.5.10-13.js
js/src/tests/ecma/Date/15.9.5.10-2.js
js/src/tests/ecma/Date/15.9.5.10-3.js
js/src/tests/ecma/Date/15.9.5.10-4.js
js/src/tests/ecma/Date/15.9.5.10-5.js
js/src/tests/ecma/Date/15.9.5.10-6.js
js/src/tests/ecma/Date/15.9.5.10-7.js
js/src/tests/ecma/Date/15.9.5.10-8.js
js/src/tests/ecma/Date/15.9.5.10-9.js
js/src/tests/ecma/Date/15.9.5.11-1.js
js/src/tests/ecma/Date/15.9.5.11-2.js
js/src/tests/ecma/Date/15.9.5.11-3.js
js/src/tests/ecma/Date/15.9.5.11-4.js
js/src/tests/ecma/Date/15.9.5.11-5.js
js/src/tests/ecma/Date/15.9.5.11-6.js
js/src/tests/ecma/Date/15.9.5.11-7.js
js/src/tests/ecma/Date/15.9.5.12-1.js
js/src/tests/ecma/Date/15.9.5.12-2.js
js/src/tests/ecma/Date/15.9.5.12-3.js
js/src/tests/ecma/Date/15.9.5.12-4.js
js/src/tests/ecma/Date/15.9.5.12-5.js
js/src/tests/ecma/Date/15.9.5.12-6.js
js/src/tests/ecma/Date/15.9.5.12-7.js
js/src/tests/ecma/Date/15.9.5.12-8.js
js/src/tests/ecma/Date/15.9.5.13-1.js
js/src/tests/ecma/Date/15.9.5.13-2.js
js/src/tests/ecma/Date/15.9.5.13-3.js
js/src/tests/ecma/Date/15.9.5.13-4.js
js/src/tests/ecma/Date/15.9.5.13-5.js
js/src/tests/ecma/Date/15.9.5.13-6.js
js/src/tests/ecma/Date/15.9.5.13-7.js
js/src/tests/ecma/Date/15.9.5.13-8.js
js/src/tests/ecma/Date/15.9.5.14.js
js/src/tests/ecma/Date/15.9.5.15.js
js/src/tests/ecma/Date/15.9.5.16.js
js/src/tests/ecma/Date/15.9.5.17.js
js/src/tests/ecma/Date/15.9.5.18.js
js/src/tests/ecma/Date/15.9.5.19.js
js/src/tests/ecma/Date/15.9.5.2-1.js
js/src/tests/ecma/Date/15.9.5.2.js
js/src/tests/ecma/Date/15.9.5.20.js
js/src/tests/ecma/Date/15.9.5.21-1.js
js/src/tests/ecma/Date/15.9.5.21-2.js
js/src/tests/ecma/Date/15.9.5.21-3.js
js/src/tests/ecma/Date/15.9.5.21-4.js
js/src/tests/ecma/Date/15.9.5.21-5.js
js/src/tests/ecma/Date/15.9.5.21-6.js
js/src/tests/ecma/Date/15.9.5.21-7.js
js/src/tests/ecma/Date/15.9.5.21-8.js
js/src/tests/ecma/Date/15.9.5.22-1.js
js/src/tests/ecma/Date/15.9.5.22-2.js
js/src/tests/ecma/Date/15.9.5.22-3.js
js/src/tests/ecma/Date/15.9.5.22-4.js
js/src/tests/ecma/Date/15.9.5.22-5.js
js/src/tests/ecma/Date/15.9.5.22-6.js
js/src/tests/ecma/Date/15.9.5.22-7.js
js/src/tests/ecma/Date/15.9.5.22-8.js
js/src/tests/ecma/Date/15.9.5.23-1.js
js/src/tests/ecma/Date/15.9.5.23-10.js
js/src/tests/ecma/Date/15.9.5.23-11.js
js/src/tests/ecma/Date/15.9.5.23-12.js
js/src/tests/ecma/Date/15.9.5.23-13.js
js/src/tests/ecma/Date/15.9.5.23-14.js
js/src/tests/ecma/Date/15.9.5.23-15.js
js/src/tests/ecma/Date/15.9.5.23-16.js
js/src/tests/ecma/Date/15.9.5.23-17.js
js/src/tests/ecma/Date/15.9.5.23-18.js
js/src/tests/ecma/Date/15.9.5.23-2.js
js/src/tests/ecma/Date/15.9.5.23-3-n.js
js/src/tests/ecma/Date/15.9.5.23-4.js
js/src/tests/ecma/Date/15.9.5.23-5.js
js/src/tests/ecma/Date/15.9.5.23-6.js
js/src/tests/ecma/Date/15.9.5.23-7.js
js/src/tests/ecma/Date/15.9.5.23-8.js
js/src/tests/ecma/Date/15.9.5.23-9.js
js/src/tests/ecma/Date/15.9.5.24-1.js
js/src/tests/ecma/Date/15.9.5.24-2.js
js/src/tests/ecma/Date/15.9.5.24-3.js
js/src/tests/ecma/Date/15.9.5.24-4.js
js/src/tests/ecma/Date/15.9.5.24-5.js
js/src/tests/ecma/Date/15.9.5.24-6.js
js/src/tests/ecma/Date/15.9.5.24-7.js
js/src/tests/ecma/Date/15.9.5.24-8.js
js/src/tests/ecma/Date/15.9.5.25-1.js
js/src/tests/ecma/Date/15.9.5.26-1.js
js/src/tests/ecma/Date/15.9.5.27-1.js
js/src/tests/ecma/Date/15.9.5.28-1.js
js/src/tests/ecma/Date/15.9.5.29-1.js
js/src/tests/ecma/Date/15.9.5.3-1-n.js
js/src/tests/ecma/Date/15.9.5.3-2.js
js/src/tests/ecma/Date/15.9.5.30-1.js
js/src/tests/ecma/Date/15.9.5.31-1.js
js/src/tests/ecma/Date/15.9.5.32-1.js
js/src/tests/ecma/Date/15.9.5.33-1.js
js/src/tests/ecma/Date/15.9.5.34-1.js
js/src/tests/ecma/Date/15.9.5.35-1.js
js/src/tests/ecma/Date/15.9.5.36-1.js
js/src/tests/ecma/Date/15.9.5.36-2.js
js/src/tests/ecma/Date/15.9.5.36-3.js
js/src/tests/ecma/Date/15.9.5.36-4.js
js/src/tests/ecma/Date/15.9.5.36-5.js
js/src/tests/ecma/Date/15.9.5.36-6.js
js/src/tests/ecma/Date/15.9.5.36-7.js
js/src/tests/ecma/Date/15.9.5.37-1.js
js/src/tests/ecma/Date/15.9.5.37-2.js
js/src/tests/ecma/Date/15.9.5.37-3.js
js/src/tests/ecma/Date/15.9.5.37-4.js
js/src/tests/ecma/Date/15.9.5.37-5.js
js/src/tests/ecma/Date/15.9.5.4-1.js
js/src/tests/ecma/Date/15.9.5.4-2-n.js
js/src/tests/ecma/Date/15.9.5.5.js
js/src/tests/ecma/Date/15.9.5.6.js
js/src/tests/ecma/Date/15.9.5.7.js
js/src/tests/ecma/Date/15.9.5.8.js
js/src/tests/ecma/Date/15.9.5.9.js
js/src/tests/ecma/Date/15.9.5.js
js/src/tests/ecma/Date/browser.js
js/src/tests/ecma/Date/dst-offset-caching-1-of-8.js
js/src/tests/ecma/Date/dst-offset-caching-2-of-8.js
js/src/tests/ecma/Date/dst-offset-caching-3-of-8.js
js/src/tests/ecma/Date/dst-offset-caching-4-of-8.js
js/src/tests/ecma/Date/dst-offset-caching-5-of-8.js
js/src/tests/ecma/Date/dst-offset-caching-6-of-8.js
js/src/tests/ecma/Date/dst-offset-caching-7-of-8.js
js/src/tests/ecma/Date/dst-offset-caching-8-of-8.js
js/src/tests/ecma/Date/shell.js
js/src/tests/ecma/ExecutionContexts/10.1.3-1.js
js/src/tests/ecma/ExecutionContexts/10.1.3-2.js
js/src/tests/ecma/ExecutionContexts/10.1.3.js
js/src/tests/ecma/ExecutionContexts/10.1.4-1.js
js/src/tests/ecma/ExecutionContexts/10.1.4-10.js
js/src/tests/ecma/ExecutionContexts/10.1.4-2.js
js/src/tests/ecma/ExecutionContexts/10.1.4-3.js
js/src/tests/ecma/ExecutionContexts/10.1.4-4.js
js/src/tests/ecma/ExecutionContexts/10.1.4-5.js
js/src/tests/ecma/ExecutionContexts/10.1.4-6.js
js/src/tests/ecma/ExecutionContexts/10.1.4-7.js
js/src/tests/ecma/ExecutionContexts/10.1.4-8.js
js/src/tests/ecma/ExecutionContexts/10.1.5-1.js
js/src/tests/ecma/ExecutionContexts/10.1.5-2.js
js/src/tests/ecma/ExecutionContexts/10.1.5-3.js
js/src/tests/ecma/ExecutionContexts/10.1.5-4.js
js/src/tests/ecma/ExecutionContexts/10.1.8-2.js
js/src/tests/ecma/ExecutionContexts/10.1.8-3.js
js/src/tests/ecma/ExecutionContexts/10.2.1.js
js/src/tests/ecma/ExecutionContexts/10.2.2-1.js
js/src/tests/ecma/ExecutionContexts/10.2.2-2.js
js/src/tests/ecma/ExecutionContexts/10.2.3-1.js
js/src/tests/ecma/ExecutionContexts/10.2.3-2.js
js/src/tests/ecma/ExecutionContexts/browser.js
js/src/tests/ecma/ExecutionContexts/shell.js
js/src/tests/ecma/Expressions/11.1.1.js
js/src/tests/ecma/Expressions/11.10-1.js
js/src/tests/ecma/Expressions/11.10-2.js
js/src/tests/ecma/Expressions/11.10-3.js
js/src/tests/ecma/Expressions/11.12-1.js
js/src/tests/ecma/Expressions/11.12-2-n.js
js/src/tests/ecma/Expressions/11.12-3.js
js/src/tests/ecma/Expressions/11.12-4.js
js/src/tests/ecma/Expressions/11.13.1.js
js/src/tests/ecma/Expressions/11.13.2-1.js
js/src/tests/ecma/Expressions/11.13.2-2.js
js/src/tests/ecma/Expressions/11.13.2-3.js
js/src/tests/ecma/Expressions/11.13.2-4.js
js/src/tests/ecma/Expressions/11.13.2-5.js
js/src/tests/ecma/Expressions/11.13.js
js/src/tests/ecma/Expressions/11.14-1.js
js/src/tests/ecma/Expressions/11.2.1-1.js
js/src/tests/ecma/Expressions/11.2.1-2.js
js/src/tests/ecma/Expressions/11.2.1-3-n.js
js/src/tests/ecma/Expressions/11.2.1-4-n.js
js/src/tests/ecma/Expressions/11.2.1-5.js
js/src/tests/ecma/Expressions/11.2.2-1-n.js
js/src/tests/ecma/Expressions/11.2.2-1.js
js/src/tests/ecma/Expressions/11.2.2-10-n.js
js/src/tests/ecma/Expressions/11.2.2-11.js
js/src/tests/ecma/Expressions/11.2.2-2-n.js
js/src/tests/ecma/Expressions/11.2.2-3-n.js
js/src/tests/ecma/Expressions/11.2.2-4-n.js
js/src/tests/ecma/Expressions/11.2.2-5-n.js
js/src/tests/ecma/Expressions/11.2.2-6-n.js
js/src/tests/ecma/Expressions/11.2.2-7-n.js
js/src/tests/ecma/Expressions/11.2.2-8-n.js
js/src/tests/ecma/Expressions/11.2.2-9-n.js
js/src/tests/ecma/Expressions/11.2.3-1.js
js/src/tests/ecma/Expressions/11.2.3-2-n.js
js/src/tests/ecma/Expressions/11.2.3-3-n.js
js/src/tests/ecma/Expressions/11.2.3-4-n.js
js/src/tests/ecma/Expressions/11.2.3-5.js
js/src/tests/ecma/Expressions/11.3.1.js
js/src/tests/ecma/Expressions/11.3.2.js
js/src/tests/ecma/Expressions/11.4.1.js
js/src/tests/ecma/Expressions/11.4.2.js
js/src/tests/ecma/Expressions/11.4.3.js
js/src/tests/ecma/Expressions/11.4.4.js
js/src/tests/ecma/Expressions/11.4.5.js
js/src/tests/ecma/Expressions/11.4.6.js
js/src/tests/ecma/Expressions/11.4.7-01.js
js/src/tests/ecma/Expressions/11.4.7-02.js
js/src/tests/ecma/Expressions/11.4.8.js
js/src/tests/ecma/Expressions/11.4.9.js
js/src/tests/ecma/Expressions/11.5.1.js
js/src/tests/ecma/Expressions/11.5.2.js
js/src/tests/ecma/Expressions/11.5.3.js
js/src/tests/ecma/Expressions/11.6.1-1.js
js/src/tests/ecma/Expressions/11.6.1-2.js
js/src/tests/ecma/Expressions/11.6.1-3.js
js/src/tests/ecma/Expressions/11.6.2-1.js
js/src/tests/ecma/Expressions/11.6.3.js
js/src/tests/ecma/Expressions/11.7.1.js
js/src/tests/ecma/Expressions/11.7.2.js
js/src/tests/ecma/Expressions/11.7.3.js
js/src/tests/ecma/Expressions/11.8.1.js
js/src/tests/ecma/Expressions/11.8.2.js
js/src/tests/ecma/Expressions/11.8.3.js
js/src/tests/ecma/Expressions/11.8.4.js
js/src/tests/ecma/Expressions/11.9.1.js
js/src/tests/ecma/Expressions/11.9.2.js
js/src/tests/ecma/Expressions/11.9.3.js
js/src/tests/ecma/Expressions/browser.js
js/src/tests/ecma/Expressions/shell.js
js/src/tests/ecma/FunctionObjects/15.3.1.1-1.js
js/src/tests/ecma/FunctionObjects/15.3.1.1-2.js
js/src/tests/ecma/FunctionObjects/15.3.1.1-3.js
js/src/tests/ecma/FunctionObjects/15.3.2.1-1.js
js/src/tests/ecma/FunctionObjects/15.3.2.1-2.js
js/src/tests/ecma/FunctionObjects/15.3.2.1-3.js
js/src/tests/ecma/FunctionObjects/15.3.3.1-2.js
js/src/tests/ecma/FunctionObjects/15.3.3.1-3.js
js/src/tests/ecma/FunctionObjects/15.3.3.1-4.js
js/src/tests/ecma/FunctionObjects/15.3.3.2.js
js/src/tests/ecma/FunctionObjects/15.3.4-1.js
js/src/tests/ecma/FunctionObjects/15.3.4.1.js
js/src/tests/ecma/FunctionObjects/15.3.4.js
js/src/tests/ecma/FunctionObjects/15.3.5-1.js
js/src/tests/ecma/FunctionObjects/15.3.5-2.js
js/src/tests/ecma/FunctionObjects/15.3.5.1.js
js/src/tests/ecma/FunctionObjects/15.3.5.3.js
js/src/tests/ecma/FunctionObjects/browser.js
js/src/tests/ecma/FunctionObjects/shell.js
js/src/tests/ecma/GlobalObject/15.1-1-n.js
js/src/tests/ecma/GlobalObject/15.1-2-n.js
js/src/tests/ecma/GlobalObject/15.1.1.1.js
js/src/tests/ecma/GlobalObject/15.1.1.2.js
js/src/tests/ecma/GlobalObject/15.1.2.1-2.js
js/src/tests/ecma/GlobalObject/15.1.2.2-1.js
js/src/tests/ecma/GlobalObject/15.1.2.2-2.js
js/src/tests/ecma/GlobalObject/15.1.2.3-1.js
js/src/tests/ecma/GlobalObject/15.1.2.3-2.js
js/src/tests/ecma/GlobalObject/15.1.2.4.js
js/src/tests/ecma/GlobalObject/15.1.2.5-1.js
js/src/tests/ecma/GlobalObject/15.1.2.5-2.js
js/src/tests/ecma/GlobalObject/15.1.2.5-3.js
js/src/tests/ecma/GlobalObject/15.1.2.6.js
js/src/tests/ecma/GlobalObject/15.1.2.7.js
js/src/tests/ecma/GlobalObject/browser.js
js/src/tests/ecma/GlobalObject/shell.js
js/src/tests/ecma/LexicalConventions/7.1-1.js
js/src/tests/ecma/LexicalConventions/7.1-2.js
js/src/tests/ecma/LexicalConventions/7.1-3.js
js/src/tests/ecma/LexicalConventions/7.2-1.js
js/src/tests/ecma/LexicalConventions/7.2-2-n.js
js/src/tests/ecma/LexicalConventions/7.2-3-n.js
js/src/tests/ecma/LexicalConventions/7.2-4-n.js
js/src/tests/ecma/LexicalConventions/7.2-5-n.js
js/src/tests/ecma/LexicalConventions/7.2-6.js
js/src/tests/ecma/LexicalConventions/7.3-1.js
js/src/tests/ecma/LexicalConventions/7.3-10.js
js/src/tests/ecma/LexicalConventions/7.3-11.js
js/src/tests/ecma/LexicalConventions/7.3-12.js
js/src/tests/ecma/LexicalConventions/7.3-13-n.js
js/src/tests/ecma/LexicalConventions/7.3-2.js
js/src/tests/ecma/LexicalConventions/7.3-3.js
js/src/tests/ecma/LexicalConventions/7.3-4.js
js/src/tests/ecma/LexicalConventions/7.3-5.js
js/src/tests/ecma/LexicalConventions/7.3-6.js
js/src/tests/ecma/LexicalConventions/7.3-7.js
js/src/tests/ecma/LexicalConventions/7.3-8.js
js/src/tests/ecma/LexicalConventions/7.3-9.js
js/src/tests/ecma/LexicalConventions/7.4.1-1-n.js
js/src/tests/ecma/LexicalConventions/7.4.1-2-n.js
js/src/tests/ecma/LexicalConventions/7.4.1-3-n.js
js/src/tests/ecma/LexicalConventions/7.4.2-1-n.js
js/src/tests/ecma/LexicalConventions/7.4.2-10-n.js
js/src/tests/ecma/LexicalConventions/7.4.2-11-n.js
js/src/tests/ecma/LexicalConventions/7.4.2-12-n.js
js/src/tests/ecma/LexicalConventions/7.4.2-13-n.js
js/src/tests/ecma/LexicalConventions/7.4.2-14-n.js
js/src/tests/ecma/LexicalConventions/7.4.2-15-n.js
js/src/tests/ecma/LexicalConventions/7.4.2-16-n.js
js/src/tests/ecma/LexicalConventions/7.4.2-2-n.js
js/src/tests/ecma/LexicalConventions/7.4.2-3-n.js
js/src/tests/ecma/LexicalConventions/7.4.2-4-n.js
js/src/tests/ecma/LexicalConventions/7.4.2-5-n.js
js/src/tests/ecma/LexicalConventions/7.4.2-6-n.js
js/src/tests/ecma/LexicalConventions/7.4.2-7-n.js
js/src/tests/ecma/LexicalConventions/7.4.2-8-n.js
js/src/tests/ecma/LexicalConventions/7.4.2-9-n.js
js/src/tests/ecma/LexicalConventions/7.4.3-1-n.js
js/src/tests/ecma/LexicalConventions/7.4.3-10-n.js
js/src/tests/ecma/LexicalConventions/7.4.3-11-n.js
js/src/tests/ecma/LexicalConventions/7.4.3-12-n.js
js/src/tests/ecma/LexicalConventions/7.4.3-13-n.js
js/src/tests/ecma/LexicalConventions/7.4.3-14-n.js
js/src/tests/ecma/LexicalConventions/7.4.3-15-n.js
js/src/tests/ecma/LexicalConventions/7.4.3-16-n.js
js/src/tests/ecma/LexicalConventions/7.4.3-2-n.js
js/src/tests/ecma/LexicalConventions/7.4.3-3-n.js
js/src/tests/ecma/LexicalConventions/7.4.3-4-n.js
js/src/tests/ecma/LexicalConventions/7.4.3-5-n.js
js/src/tests/ecma/LexicalConventions/7.4.3-6-n.js
js/src/tests/ecma/LexicalConventions/7.4.3-7-n.js
js/src/tests/ecma/LexicalConventions/7.4.3-8-n.js
js/src/tests/ecma/LexicalConventions/7.4.3-9-n.js
js/src/tests/ecma/LexicalConventions/7.5-1.js
js/src/tests/ecma/LexicalConventions/7.5-10-n.js
js/src/tests/ecma/LexicalConventions/7.5-2-n.js
js/src/tests/ecma/LexicalConventions/7.5-3-n.js
js/src/tests/ecma/LexicalConventions/7.5-4-n.js
js/src/tests/ecma/LexicalConventions/7.5-5-n.js
js/src/tests/ecma/LexicalConventions/7.5-6.js
js/src/tests/ecma/LexicalConventions/7.5-7.js
js/src/tests/ecma/LexicalConventions/7.5-8-n.js
js/src/tests/ecma/LexicalConventions/7.5-9-n.js
js/src/tests/ecma/LexicalConventions/7.6.js
js/src/tests/ecma/LexicalConventions/7.7.1.js
js/src/tests/ecma/LexicalConventions/7.7.2.js
js/src/tests/ecma/LexicalConventions/7.7.3-1.js
js/src/tests/ecma/LexicalConventions/7.7.3-2.js
js/src/tests/ecma/LexicalConventions/7.7.3.js
js/src/tests/ecma/LexicalConventions/7.7.4.js
js/src/tests/ecma/LexicalConventions/7.8.2-n.js
js/src/tests/ecma/LexicalConventions/browser.js
js/src/tests/ecma/LexicalConventions/shell.js
js/src/tests/ecma/Math/15.8-2-n.js
js/src/tests/ecma/Math/15.8-3-n.js
js/src/tests/ecma/Math/15.8.1.1-1.js
js/src/tests/ecma/Math/15.8.1.1-2.js
js/src/tests/ecma/Math/15.8.1.2-1.js
js/src/tests/ecma/Math/15.8.1.2-2.js
js/src/tests/ecma/Math/15.8.1.3-1.js
js/src/tests/ecma/Math/15.8.1.3-2.js
js/src/tests/ecma/Math/15.8.1.4-1.js
js/src/tests/ecma/Math/15.8.1.4-2.js
js/src/tests/ecma/Math/15.8.1.5-1.js
js/src/tests/ecma/Math/15.8.1.5-2.js
js/src/tests/ecma/Math/15.8.1.6-1.js
js/src/tests/ecma/Math/15.8.1.6-2.js
js/src/tests/ecma/Math/15.8.1.7-1.js
js/src/tests/ecma/Math/15.8.1.7-2.js
js/src/tests/ecma/Math/15.8.1.8-1.js
js/src/tests/ecma/Math/15.8.1.8-2.js
js/src/tests/ecma/Math/15.8.1.8-3.js
js/src/tests/ecma/Math/15.8.1.js
js/src/tests/ecma/Math/15.8.2.1.js
js/src/tests/ecma/Math/15.8.2.10.js
js/src/tests/ecma/Math/15.8.2.11.js
js/src/tests/ecma/Math/15.8.2.12.js
js/src/tests/ecma/Math/15.8.2.13.js
js/src/tests/ecma/Math/15.8.2.14.js
js/src/tests/ecma/Math/15.8.2.15.js
js/src/tests/ecma/Math/15.8.2.16.js
js/src/tests/ecma/Math/15.8.2.17.js
js/src/tests/ecma/Math/15.8.2.18.js
js/src/tests/ecma/Math/15.8.2.2.js
js/src/tests/ecma/Math/15.8.2.3.js
js/src/tests/ecma/Math/15.8.2.4.js
js/src/tests/ecma/Math/15.8.2.5.js
js/src/tests/ecma/Math/15.8.2.6.js
js/src/tests/ecma/Math/15.8.2.7.js
js/src/tests/ecma/Math/15.8.2.8.js
js/src/tests/ecma/Math/15.8.2.9.js
js/src/tests/ecma/Math/browser.js
js/src/tests/ecma/Math/shell.js
js/src/tests/ecma/NativeObjects/browser.js
js/src/tests/ecma/NativeObjects/shell.js
js/src/tests/ecma/Number/0x-without-following-hexdigits.js
js/src/tests/ecma/Number/15.7.1.js
js/src/tests/ecma/Number/15.7.2.js
js/src/tests/ecma/Number/15.7.3.1-1.js
js/src/tests/ecma/Number/15.7.3.1-2.js
js/src/tests/ecma/Number/15.7.3.1-3.js
js/src/tests/ecma/Number/15.7.3.2-1.js
js/src/tests/ecma/Number/15.7.3.2-2.js
js/src/tests/ecma/Number/15.7.3.2-3.js
js/src/tests/ecma/Number/15.7.3.2-4.js
js/src/tests/ecma/Number/15.7.3.3-1.js
js/src/tests/ecma/Number/15.7.3.3-2.js
js/src/tests/ecma/Number/15.7.3.3-3.js
js/src/tests/ecma/Number/15.7.3.3-4.js
js/src/tests/ecma/Number/15.7.3.4-1.js
js/src/tests/ecma/Number/15.7.3.4-2.js
js/src/tests/ecma/Number/15.7.3.4-3.js
js/src/tests/ecma/Number/15.7.3.4-4.js
js/src/tests/ecma/Number/15.7.3.5-1.js
js/src/tests/ecma/Number/15.7.3.5-2.js
js/src/tests/ecma/Number/15.7.3.5-3.js
js/src/tests/ecma/Number/15.7.3.5-4.js
js/src/tests/ecma/Number/15.7.3.6-1.js
js/src/tests/ecma/Number/15.7.3.6-2.js
js/src/tests/ecma/Number/15.7.3.6-3.js
js/src/tests/ecma/Number/15.7.3.6-4.js
js/src/tests/ecma/Number/15.7.3.js
js/src/tests/ecma/Number/15.7.4-1.js
js/src/tests/ecma/Number/15.7.4.1.js
js/src/tests/ecma/Number/15.7.4.2-1.js
js/src/tests/ecma/Number/15.7.4.2-2-n.js
js/src/tests/ecma/Number/15.7.4.2-3-n.js
js/src/tests/ecma/Number/15.7.4.2-4.js
js/src/tests/ecma/Number/15.7.4.3-1.js
js/src/tests/ecma/Number/15.7.4.3-2.js
js/src/tests/ecma/Number/15.7.4.3-3-n.js
js/src/tests/ecma/Number/browser.js
js/src/tests/ecma/Number/shell.js
js/src/tests/ecma/ObjectObjects/15.2.1.1.js
js/src/tests/ecma/ObjectObjects/15.2.1.2.js
js/src/tests/ecma/ObjectObjects/15.2.2.1.js
js/src/tests/ecma/ObjectObjects/15.2.2.2.js
js/src/tests/ecma/ObjectObjects/15.2.3-1.js
js/src/tests/ecma/ObjectObjects/15.2.3.1-1.js
js/src/tests/ecma/ObjectObjects/15.2.3.1-2.js
js/src/tests/ecma/ObjectObjects/15.2.3.1-3.js
js/src/tests/ecma/ObjectObjects/15.2.3.1-4.js
js/src/tests/ecma/ObjectObjects/15.2.3.js
js/src/tests/ecma/ObjectObjects/15.2.4.1.js
js/src/tests/ecma/ObjectObjects/15.2.4.2.js
js/src/tests/ecma/ObjectObjects/15.2.4.3.js
js/src/tests/ecma/ObjectObjects/browser.js
js/src/tests/ecma/ObjectObjects/shell.js
js/src/tests/ecma/README
js/src/tests/ecma/SourceText/6-1.js
js/src/tests/ecma/SourceText/6-2.js
js/src/tests/ecma/SourceText/browser.js
js/src/tests/ecma/SourceText/shell.js
js/src/tests/ecma/Statements/12.10-1.js
js/src/tests/ecma/Statements/12.10.js
js/src/tests/ecma/Statements/12.2-1.js
js/src/tests/ecma/Statements/12.5-1.js
js/src/tests/ecma/Statements/12.5-2.js
js/src/tests/ecma/Statements/12.6.1-1.js
js/src/tests/ecma/Statements/12.6.2-1.js
js/src/tests/ecma/Statements/12.6.2-2.js
js/src/tests/ecma/Statements/12.6.2-3.js
js/src/tests/ecma/Statements/12.6.2-4.js
js/src/tests/ecma/Statements/12.6.2-5.js
js/src/tests/ecma/Statements/12.6.2-6.js
js/src/tests/ecma/Statements/12.6.2-7.js
js/src/tests/ecma/Statements/12.6.2-8.js
js/src/tests/ecma/Statements/12.6.2-9-n.js
js/src/tests/ecma/Statements/12.6.3-1.js
js/src/tests/ecma/Statements/12.6.3-10.js
js/src/tests/ecma/Statements/12.6.3-11.js
js/src/tests/ecma/Statements/12.6.3-12.js
js/src/tests/ecma/Statements/12.6.3-19.js
js/src/tests/ecma/Statements/12.6.3-2.js
js/src/tests/ecma/Statements/12.6.3-3.js
js/src/tests/ecma/Statements/12.6.3-4.js
js/src/tests/ecma/Statements/12.6.3-5-n.js
js/src/tests/ecma/Statements/12.6.3-6-n.js
js/src/tests/ecma/Statements/12.6.3-7-n.js
js/src/tests/ecma/Statements/12.6.3-8-n.js
js/src/tests/ecma/Statements/12.6.3-9-n.js
js/src/tests/ecma/Statements/12.7-1-n.js
js/src/tests/ecma/Statements/12.8-1-n.js
js/src/tests/ecma/Statements/12.9-1-n.js
js/src/tests/ecma/Statements/browser.js
js/src/tests/ecma/Statements/shell.js
js/src/tests/ecma/String/15.5.1.js
js/src/tests/ecma/String/15.5.2.js
js/src/tests/ecma/String/15.5.3.1-1.js
js/src/tests/ecma/String/15.5.3.1-2.js
js/src/tests/ecma/String/15.5.3.1-3.js
js/src/tests/ecma/String/15.5.3.1-4.js
js/src/tests/ecma/String/15.5.3.2-1.js
js/src/tests/ecma/String/15.5.3.2-2.js
js/src/tests/ecma/String/15.5.3.2-3.js
js/src/tests/ecma/String/15.5.3.js
js/src/tests/ecma/String/15.5.4.1.js
js/src/tests/ecma/String/15.5.4.10-1.js
js/src/tests/ecma/String/15.5.4.11-1.js
js/src/tests/ecma/String/15.5.4.11-3.js
js/src/tests/ecma/String/15.5.4.11-4.js
js/src/tests/ecma/String/15.5.4.11-6.js
js/src/tests/ecma/String/15.5.4.12-2.js
js/src/tests/ecma/String/15.5.4.12-3.js
js/src/tests/ecma/String/15.5.4.12-5.js
js/src/tests/ecma/String/15.5.4.2-1.js
js/src/tests/ecma/String/15.5.4.2-2-n.js
js/src/tests/ecma/String/15.5.4.2-3.js
js/src/tests/ecma/String/15.5.4.2.js
js/src/tests/ecma/String/15.5.4.3-1.js
js/src/tests/ecma/String/15.5.4.3-2.js
js/src/tests/ecma/String/15.5.4.3-3-n.js
js/src/tests/ecma/String/15.5.4.4-1.js
js/src/tests/ecma/String/15.5.4.4-2.js
js/src/tests/ecma/String/15.5.4.4-3.js
js/src/tests/ecma/String/15.5.4.4-4.js
js/src/tests/ecma/String/15.5.4.5-1.js
js/src/tests/ecma/String/15.5.4.5-2.js
js/src/tests/ecma/String/15.5.4.5-3.js
js/src/tests/ecma/String/15.5.4.5-4.js
js/src/tests/ecma/String/15.5.4.5-5.js
js/src/tests/ecma/String/15.5.4.6-1.js
js/src/tests/ecma/String/15.5.4.6-2.js
js/src/tests/ecma/String/15.5.4.7-1.js
js/src/tests/ecma/String/15.5.4.7-2.js
js/src/tests/ecma/String/15.5.4.8-1.js
js/src/tests/ecma/String/15.5.4.8-2.js
js/src/tests/ecma/String/15.5.4.8-3.js
js/src/tests/ecma/String/15.5.4.9-1.js
js/src/tests/ecma/String/15.5.4.js
js/src/tests/ecma/String/15.5.5.1.js
js/src/tests/ecma/String/browser.js
js/src/tests/ecma/String/shell.js
js/src/tests/ecma/TypeConversion/9.2.js
js/src/tests/ecma/TypeConversion/9.3-1.js
js/src/tests/ecma/TypeConversion/9.3.1-1.js
js/src/tests/ecma/TypeConversion/9.3.1-2.js
js/src/tests/ecma/TypeConversion/9.3.1-3.js
js/src/tests/ecma/TypeConversion/9.3.js
js/src/tests/ecma/TypeConversion/9.4-1.js
js/src/tests/ecma/TypeConversion/9.4-2.js
js/src/tests/ecma/TypeConversion/9.5-2.js
js/src/tests/ecma/TypeConversion/9.6.js
js/src/tests/ecma/TypeConversion/9.7.js
js/src/tests/ecma/TypeConversion/9.8.1.js
js/src/tests/ecma/TypeConversion/9.9-1.js
js/src/tests/ecma/TypeConversion/browser.js
js/src/tests/ecma/TypeConversion/shell.js
js/src/tests/ecma/Types/8.1.js
js/src/tests/ecma/Types/8.4.js
js/src/tests/ecma/Types/8.6.2.1-1.js
js/src/tests/ecma/Types/browser.js
js/src/tests/ecma/Types/shell.js
js/src/tests/ecma/browser.js
js/src/tests/ecma/extensions/10.1.4-9.js
js/src/tests/ecma/extensions/10.1.6.js
js/src/tests/ecma/extensions/10.1.8-1.js
js/src/tests/ecma/extensions/11.6.1-1.js
js/src/tests/ecma/extensions/11.6.1-2.js
js/src/tests/ecma/extensions/11.6.1-3.js
js/src/tests/ecma/extensions/11.6.2-1.js
js/src/tests/ecma/extensions/15-1.js
js/src/tests/ecma/extensions/15-2.js
js/src/tests/ecma/extensions/15.1.2.1-1.js
js/src/tests/ecma/extensions/15.2.1.1.js
js/src/tests/ecma/extensions/15.2.3-1.js
js/src/tests/ecma/extensions/15.2.4.js
js/src/tests/ecma/extensions/15.3.1.1-1.js
js/src/tests/ecma/extensions/15.3.1.1-2.js
js/src/tests/ecma/extensions/15.3.2.1-1.js
js/src/tests/ecma/extensions/15.3.2.1-2.js
js/src/tests/ecma/extensions/15.3.3.1-1.js
js/src/tests/ecma/extensions/15.4.3.js
js/src/tests/ecma/extensions/15.5.3.js
js/src/tests/ecma/extensions/15.5.4.2.js
js/src/tests/ecma/extensions/15.5.4.4-4.js
js/src/tests/ecma/extensions/15.5.4.5-6.js
js/src/tests/ecma/extensions/15.5.4.7-3.js
js/src/tests/ecma/extensions/15.6.3.1-5.js
js/src/tests/ecma/extensions/15.6.3.js
js/src/tests/ecma/extensions/15.6.4-2.js
js/src/tests/ecma/extensions/15.7.3.js
js/src/tests/ecma/extensions/15.7.4.js
js/src/tests/ecma/extensions/15.8-1.js
js/src/tests/ecma/extensions/8.6.2.1-1.js
js/src/tests/ecma/extensions/9.9-1.js
js/src/tests/ecma/extensions/browser.js
js/src/tests/ecma/extensions/errorcolumnblame.js
js/src/tests/ecma/extensions/shell.js
js/src/tests/ecma/jsref.js
js/src/tests/ecma/shell.js
js/src/tests/ecma/template.js
js/src/tests/ecma_2/Exceptions/boolean-001.js
js/src/tests/ecma_2/Exceptions/boolean-002.js
js/src/tests/ecma_2/Exceptions/browser.js
js/src/tests/ecma_2/Exceptions/date-002.js
js/src/tests/ecma_2/Exceptions/date-003.js
js/src/tests/ecma_2/Exceptions/date-004.js
js/src/tests/ecma_2/Exceptions/exception-001.js
js/src/tests/ecma_2/Exceptions/exception-002.js
js/src/tests/ecma_2/Exceptions/exception-003.js
js/src/tests/ecma_2/Exceptions/exception-004.js
js/src/tests/ecma_2/Exceptions/exception-005.js
js/src/tests/ecma_2/Exceptions/exception-006.js
js/src/tests/ecma_2/Exceptions/exception-007.js
js/src/tests/ecma_2/Exceptions/exception-008.js
js/src/tests/ecma_2/Exceptions/exception-009.js
js/src/tests/ecma_2/Exceptions/exception-010-n.js
js/src/tests/ecma_2/Exceptions/exception-011-n.js
js/src/tests/ecma_2/Exceptions/expression-001.js
js/src/tests/ecma_2/Exceptions/expression-002.js
js/src/tests/ecma_2/Exceptions/expression-003.js
js/src/tests/ecma_2/Exceptions/expression-004.js
js/src/tests/ecma_2/Exceptions/expression-005.js
js/src/tests/ecma_2/Exceptions/expression-006.js
js/src/tests/ecma_2/Exceptions/expression-007.js
js/src/tests/ecma_2/Exceptions/expression-008.js
js/src/tests/ecma_2/Exceptions/expression-009.js
js/src/tests/ecma_2/Exceptions/expression-010.js
js/src/tests/ecma_2/Exceptions/expression-011.js
js/src/tests/ecma_2/Exceptions/expression-012.js
js/src/tests/ecma_2/Exceptions/expression-013.js
js/src/tests/ecma_2/Exceptions/expression-014.js
js/src/tests/ecma_2/Exceptions/expression-015.js
js/src/tests/ecma_2/Exceptions/expression-016.js
js/src/tests/ecma_2/Exceptions/expression-017.js
js/src/tests/ecma_2/Exceptions/expression-019.js
js/src/tests/ecma_2/Exceptions/function-001.js
js/src/tests/ecma_2/Exceptions/global-001.js
js/src/tests/ecma_2/Exceptions/global-002.js
js/src/tests/ecma_2/Exceptions/lexical-001.js
js/src/tests/ecma_2/Exceptions/lexical-002.js
js/src/tests/ecma_2/Exceptions/lexical-003.js
js/src/tests/ecma_2/Exceptions/lexical-004.js
js/src/tests/ecma_2/Exceptions/lexical-005.js
js/src/tests/ecma_2/Exceptions/lexical-006.js
js/src/tests/ecma_2/Exceptions/lexical-007.js
js/src/tests/ecma_2/Exceptions/lexical-008.js
js/src/tests/ecma_2/Exceptions/lexical-009.js
js/src/tests/ecma_2/Exceptions/lexical-010.js
js/src/tests/ecma_2/Exceptions/lexical-011.js
js/src/tests/ecma_2/Exceptions/lexical-012.js
js/src/tests/ecma_2/Exceptions/lexical-013.js
js/src/tests/ecma_2/Exceptions/lexical-014.js
js/src/tests/ecma_2/Exceptions/lexical-015.js
js/src/tests/ecma_2/Exceptions/lexical-016.js
js/src/tests/ecma_2/Exceptions/lexical-017.js
js/src/tests/ecma_2/Exceptions/lexical-018.js
js/src/tests/ecma_2/Exceptions/lexical-019.js
js/src/tests/ecma_2/Exceptions/lexical-020.js
js/src/tests/ecma_2/Exceptions/lexical-021.js
js/src/tests/ecma_2/Exceptions/lexical-022.js
js/src/tests/ecma_2/Exceptions/lexical-023.js
js/src/tests/ecma_2/Exceptions/lexical-024.js
js/src/tests/ecma_2/Exceptions/lexical-025.js
js/src/tests/ecma_2/Exceptions/lexical-026.js
js/src/tests/ecma_2/Exceptions/lexical-027.js
js/src/tests/ecma_2/Exceptions/lexical-028.js
js/src/tests/ecma_2/Exceptions/lexical-029.js
js/src/tests/ecma_2/Exceptions/lexical-030.js
js/src/tests/ecma_2/Exceptions/lexical-031.js
js/src/tests/ecma_2/Exceptions/lexical-032.js
js/src/tests/ecma_2/Exceptions/lexical-033.js
js/src/tests/ecma_2/Exceptions/lexical-034.js
js/src/tests/ecma_2/Exceptions/lexical-035.js
js/src/tests/ecma_2/Exceptions/lexical-036.js
js/src/tests/ecma_2/Exceptions/lexical-037.js
js/src/tests/ecma_2/Exceptions/lexical-038.js
js/src/tests/ecma_2/Exceptions/lexical-039.js
js/src/tests/ecma_2/Exceptions/lexical-040.js
js/src/tests/ecma_2/Exceptions/lexical-041.js
js/src/tests/ecma_2/Exceptions/lexical-042.js
js/src/tests/ecma_2/Exceptions/lexical-047.js
js/src/tests/ecma_2/Exceptions/lexical-048.js
js/src/tests/ecma_2/Exceptions/lexical-049.js
js/src/tests/ecma_2/Exceptions/lexical-050.js
js/src/tests/ecma_2/Exceptions/lexical-051.js
js/src/tests/ecma_2/Exceptions/lexical-052.js
js/src/tests/ecma_2/Exceptions/lexical-053.js
js/src/tests/ecma_2/Exceptions/lexical-054.js
js/src/tests/ecma_2/Exceptions/number-001.js
js/src/tests/ecma_2/Exceptions/number-002.js
js/src/tests/ecma_2/Exceptions/number-003.js
js/src/tests/ecma_2/Exceptions/shell.js
js/src/tests/ecma_2/Exceptions/statement-001.js
js/src/tests/ecma_2/Exceptions/statement-002.js
js/src/tests/ecma_2/Exceptions/statement-003.js
js/src/tests/ecma_2/Exceptions/statement-004.js
js/src/tests/ecma_2/Exceptions/statement-005.js
js/src/tests/ecma_2/Exceptions/statement-006.js
js/src/tests/ecma_2/Exceptions/statement-007.js
js/src/tests/ecma_2/Exceptions/statement-008.js
js/src/tests/ecma_2/Exceptions/statement-009.js
js/src/tests/ecma_2/Exceptions/string-001.js
js/src/tests/ecma_2/Exceptions/string-002.js
js/src/tests/ecma_2/Expressions/StrictEquality-001.js
js/src/tests/ecma_2/Expressions/browser.js
js/src/tests/ecma_2/Expressions/shell.js
js/src/tests/ecma_2/FunctionObjects/apply-001-n.js
js/src/tests/ecma_2/FunctionObjects/browser.js
js/src/tests/ecma_2/FunctionObjects/call-1.js
js/src/tests/ecma_2/FunctionObjects/shell.js
js/src/tests/ecma_2/LexicalConventions/browser.js
js/src/tests/ecma_2/LexicalConventions/keywords-001.js
js/src/tests/ecma_2/LexicalConventions/regexp-literals-001.js
js/src/tests/ecma_2/LexicalConventions/regexp-literals-002.js
js/src/tests/ecma_2/LexicalConventions/shell.js
js/src/tests/ecma_2/README
js/src/tests/ecma_2/RegExp/browser.js
js/src/tests/ecma_2/RegExp/constructor-001.js
js/src/tests/ecma_2/RegExp/exec-001.js
js/src/tests/ecma_2/RegExp/exec-002.js
js/src/tests/ecma_2/RegExp/hex-001.js
js/src/tests/ecma_2/RegExp/multiline-001.js
js/src/tests/ecma_2/RegExp/octal-001.js
js/src/tests/ecma_2/RegExp/octal-002.js
js/src/tests/ecma_2/RegExp/octal-003.js
js/src/tests/ecma_2/RegExp/properties-001.js
js/src/tests/ecma_2/RegExp/properties-002.js
js/src/tests/ecma_2/RegExp/regexp-enumerate-001.js
js/src/tests/ecma_2/RegExp/regress-001.js
js/src/tests/ecma_2/RegExp/shell.js
js/src/tests/ecma_2/RegExp/unicode-001.js
js/src/tests/ecma_2/Statements/browser.js
js/src/tests/ecma_2/Statements/dowhile-001.js
js/src/tests/ecma_2/Statements/dowhile-002.js
js/src/tests/ecma_2/Statements/dowhile-003.js
js/src/tests/ecma_2/Statements/dowhile-004.js
js/src/tests/ecma_2/Statements/dowhile-005.js
js/src/tests/ecma_2/Statements/dowhile-006.js
js/src/tests/ecma_2/Statements/dowhile-007.js
js/src/tests/ecma_2/Statements/forin-001.js
js/src/tests/ecma_2/Statements/forin-002.js
js/src/tests/ecma_2/Statements/if-001.js
js/src/tests/ecma_2/Statements/label-001.js
js/src/tests/ecma_2/Statements/label-002.js
js/src/tests/ecma_2/Statements/label-003.js
js/src/tests/ecma_2/Statements/shell.js
js/src/tests/ecma_2/Statements/switch-001.js
js/src/tests/ecma_2/Statements/switch-002.js
js/src/tests/ecma_2/Statements/switch-003.js
js/src/tests/ecma_2/Statements/switch-004.js
js/src/tests/ecma_2/Statements/try-001.js
js/src/tests/ecma_2/Statements/try-003.js
js/src/tests/ecma_2/Statements/try-004.js
js/src/tests/ecma_2/Statements/try-005.js
js/src/tests/ecma_2/Statements/try-006.js
js/src/tests/ecma_2/Statements/try-007.js
js/src/tests/ecma_2/Statements/try-008.js
js/src/tests/ecma_2/Statements/try-009.js
js/src/tests/ecma_2/Statements/try-010.js
js/src/tests/ecma_2/Statements/try-012.js
js/src/tests/ecma_2/Statements/while-001.js
js/src/tests/ecma_2/Statements/while-002.js
js/src/tests/ecma_2/Statements/while-003.js
js/src/tests/ecma_2/Statements/while-004.js
js/src/tests/ecma_2/String/browser.js
js/src/tests/ecma_2/String/match-001.js
js/src/tests/ecma_2/String/match-002.js
js/src/tests/ecma_2/String/match-003.js
js/src/tests/ecma_2/String/match-004.js
js/src/tests/ecma_2/String/shell.js
js/src/tests/ecma_2/String/split-001.js
js/src/tests/ecma_2/String/split-002.js
js/src/tests/ecma_2/String/split-003.js
js/src/tests/ecma_2/browser.js
js/src/tests/ecma_2/extensions/browser.js
js/src/tests/ecma_2/extensions/constructor-001.js
js/src/tests/ecma_2/extensions/function-001.js
js/src/tests/ecma_2/extensions/instanceof-001.js
js/src/tests/ecma_2/extensions/instanceof-002.js
js/src/tests/ecma_2/extensions/instanceof-003-n.js
js/src/tests/ecma_2/extensions/instanceof-004-n.js
js/src/tests/ecma_2/extensions/instanceof-005-n.js
js/src/tests/ecma_2/extensions/instanceof-006.js
js/src/tests/ecma_2/extensions/shell.js
js/src/tests/ecma_2/instanceof/browser.js
js/src/tests/ecma_2/instanceof/instanceof-001.js
js/src/tests/ecma_2/instanceof/instanceof-002.js
js/src/tests/ecma_2/instanceof/instanceof-003.js
js/src/tests/ecma_2/instanceof/regress-7635.js
js/src/tests/ecma_2/instanceof/shell.js
js/src/tests/ecma_2/jsref.js
js/src/tests/ecma_2/shell.js
js/src/tests/ecma_2/template.js
js/src/tests/ecma_3/Array/15.4.4.11-01.js
js/src/tests/ecma_3/Array/15.4.4.3-1.js
js/src/tests/ecma_3/Array/15.4.4.4-001.js
js/src/tests/ecma_3/Array/15.4.5.1-01.js
js/src/tests/ecma_3/Array/15.5.4.8-01.js
js/src/tests/ecma_3/Array/browser.js
js/src/tests/ecma_3/Array/regress-101488.js
js/src/tests/ecma_3/Array/regress-130451.js
js/src/tests/ecma_3/Array/regress-322135-01.js
js/src/tests/ecma_3/Array/regress-322135-02.js
js/src/tests/ecma_3/Array/regress-322135-03.js
js/src/tests/ecma_3/Array/regress-322135-04.js
js/src/tests/ecma_3/Array/regress-387501.js
js/src/tests/ecma_3/Array/regress-390598.js
js/src/tests/ecma_3/Array/regress-421325.js
js/src/tests/ecma_3/Array/regress-430717.js
js/src/tests/ecma_3/Array/regress-488989.js
js/src/tests/ecma_3/Array/regress-619970.js
js/src/tests/ecma_3/Array/shell.js
js/src/tests/ecma_3/Date/15.9.1.2-01.js
js/src/tests/ecma_3/Date/15.9.4.3.js
js/src/tests/ecma_3/Date/15.9.5.3.js
js/src/tests/ecma_3/Date/15.9.5.4.js
js/src/tests/ecma_3/Date/15.9.5.5-02.js
js/src/tests/ecma_3/Date/15.9.5.5.js
js/src/tests/ecma_3/Date/15.9.5.6.js
js/src/tests/ecma_3/Date/15.9.5.7.js
js/src/tests/ecma_3/Date/browser.js
js/src/tests/ecma_3/Date/regress-452786.js
js/src/tests/ecma_3/Date/shell.js
js/src/tests/ecma_3/Exceptions/15.11.1.1.js
js/src/tests/ecma_3/Exceptions/15.11.4.4-1.js
js/src/tests/ecma_3/Exceptions/15.11.5.js
js/src/tests/ecma_3/Exceptions/15.11.7.6-001.js
js/src/tests/ecma_3/Exceptions/15.11.7.6-002.js
js/src/tests/ecma_3/Exceptions/15.11.7.6-003.js
js/src/tests/ecma_3/Exceptions/binding-001.js
js/src/tests/ecma_3/Exceptions/browser.js
js/src/tests/ecma_3/Exceptions/regress-181654.js
js/src/tests/ecma_3/Exceptions/regress-181914.js
js/src/tests/ecma_3/Exceptions/regress-58946.js
js/src/tests/ecma_3/Exceptions/regress-95101.js
js/src/tests/ecma_3/Exceptions/shell.js
js/src/tests/ecma_3/ExecutionContexts/10.1.3-1.js
js/src/tests/ecma_3/ExecutionContexts/10.1.3-2.js
js/src/tests/ecma_3/ExecutionContexts/10.1.3.js
js/src/tests/ecma_3/ExecutionContexts/10.1.4-1.js
js/src/tests/ecma_3/ExecutionContexts/10.6.1-01.js
js/src/tests/ecma_3/ExecutionContexts/browser.js
js/src/tests/ecma_3/ExecutionContexts/regress-23346.js
js/src/tests/ecma_3/ExecutionContexts/regress-448595-01.js
js/src/tests/ecma_3/ExecutionContexts/shell.js
js/src/tests/ecma_3/Expressions/11.10-01.js
js/src/tests/ecma_3/Expressions/11.10-02.js
js/src/tests/ecma_3/Expressions/11.10-03.js
js/src/tests/ecma_3/Expressions/11.6.1-1.js
js/src/tests/ecma_3/Expressions/11.7.1-01.js
js/src/tests/ecma_3/Expressions/11.7.2-01.js
js/src/tests/ecma_3/Expressions/11.7.3-01.js
js/src/tests/ecma_3/Expressions/11.9.6-1.js
js/src/tests/ecma_3/Expressions/browser.js
js/src/tests/ecma_3/Expressions/shell.js
js/src/tests/ecma_3/FunExpr/browser.js
js/src/tests/ecma_3/FunExpr/fe-001-n.js
js/src/tests/ecma_3/FunExpr/fe-001.js
js/src/tests/ecma_3/FunExpr/fe-002.js
js/src/tests/ecma_3/FunExpr/regress-518103.js
js/src/tests/ecma_3/FunExpr/regress-524826.js
js/src/tests/ecma_3/FunExpr/regress-528082.js
js/src/tests/ecma_3/FunExpr/regress-533254.js
js/src/tests/ecma_3/FunExpr/regress-545980.js
js/src/tests/ecma_3/FunExpr/shell.js
js/src/tests/ecma_3/Function/15.3.4.3-1.js
js/src/tests/ecma_3/Function/15.3.4.4-1.js
js/src/tests/ecma_3/Function/arguments-001.js
js/src/tests/ecma_3/Function/arguments-002.js
js/src/tests/ecma_3/Function/browser.js
js/src/tests/ecma_3/Function/call-001.js
js/src/tests/ecma_3/Function/regress-131964.js
js/src/tests/ecma_3/Function/regress-137181.js
js/src/tests/ecma_3/Function/regress-193555.js
js/src/tests/ecma_3/Function/regress-313570.js
js/src/tests/ecma_3/Function/regress-49286.js
js/src/tests/ecma_3/Function/regress-58274.js
js/src/tests/ecma_3/Function/regress-85880.js
js/src/tests/ecma_3/Function/regress-94506.js
js/src/tests/ecma_3/Function/regress-97921.js
js/src/tests/ecma_3/Function/scope-001.js
js/src/tests/ecma_3/Function/scope-002.js
js/src/tests/ecma_3/Function/shell.js
js/src/tests/ecma_3/LexicalConventions/7.4-01.js
js/src/tests/ecma_3/LexicalConventions/7.8.3-01.js
js/src/tests/ecma_3/LexicalConventions/7.9.1.js
js/src/tests/ecma_3/LexicalConventions/browser.js
js/src/tests/ecma_3/LexicalConventions/shell.js
js/src/tests/ecma_3/Number/15.7.4.2-01.js
js/src/tests/ecma_3/Number/15.7.4.3-01.js
js/src/tests/ecma_3/Number/15.7.4.5-1.js
js/src/tests/ecma_3/Number/15.7.4.5-2.js
js/src/tests/ecma_3/Number/15.7.4.6-1.js
js/src/tests/ecma_3/Number/15.7.4.7-1.js
js/src/tests/ecma_3/Number/15.7.4.7-2.js
js/src/tests/ecma_3/Number/browser.js
js/src/tests/ecma_3/Number/regress-442242-01.js
js/src/tests/ecma_3/Number/shell.js
js/src/tests/ecma_3/NumberFormatting/browser.js
js/src/tests/ecma_3/NumberFormatting/shell.js
js/src/tests/ecma_3/NumberFormatting/tostring-001.js
js/src/tests/ecma_3/Object/8.6.1-01.js
js/src/tests/ecma_3/Object/8.6.2.6-001.js
js/src/tests/ecma_3/Object/8.6.2.6-002.js
js/src/tests/ecma_3/Object/browser.js
js/src/tests/ecma_3/Object/class-001.js
js/src/tests/ecma_3/Object/class-002.js
js/src/tests/ecma_3/Object/class-003.js
js/src/tests/ecma_3/Object/class-004.js
js/src/tests/ecma_3/Object/class-005.js
js/src/tests/ecma_3/Object/regress-361274.js
js/src/tests/ecma_3/Object/regress-385393-07.js
js/src/tests/ecma_3/Object/regress-459405.js
js/src/tests/ecma_3/Object/regress-72773.js
js/src/tests/ecma_3/Object/regress-79129-001.js
js/src/tests/ecma_3/Object/shell.js
js/src/tests/ecma_3/Operators/11.13.1-001.js
js/src/tests/ecma_3/Operators/11.13.1-002.js
js/src/tests/ecma_3/Operators/11.4.1-001.js
js/src/tests/ecma_3/Operators/11.4.1-002.js
js/src/tests/ecma_3/Operators/browser.js
js/src/tests/ecma_3/Operators/order-01.js
js/src/tests/ecma_3/Operators/shell.js
js/src/tests/ecma_3/README
js/src/tests/ecma_3/RegExp/15.10.2-1.js
js/src/tests/ecma_3/RegExp/15.10.2.12.js
js/src/tests/ecma_3/RegExp/15.10.3.1-1.js
js/src/tests/ecma_3/RegExp/15.10.3.1-2.js
js/src/tests/ecma_3/RegExp/15.10.4.1-1.js
js/src/tests/ecma_3/RegExp/15.10.4.1-2.js
js/src/tests/ecma_3/RegExp/15.10.4.1-3.js
js/src/tests/ecma_3/RegExp/15.10.4.1-4.js
js/src/tests/ecma_3/RegExp/15.10.4.1-6.js
js/src/tests/ecma_3/RegExp/15.10.6.2-1.js
js/src/tests/ecma_3/RegExp/15.10.6.2-2.js
js/src/tests/ecma_3/RegExp/browser.js
js/src/tests/ecma_3/RegExp/octal-001.js
js/src/tests/ecma_3/RegExp/octal-002.js
js/src/tests/ecma_3/RegExp/perlstress-001.js
js/src/tests/ecma_3/RegExp/perlstress-002.js
js/src/tests/ecma_3/RegExp/regress-100199.js
js/src/tests/ecma_3/RegExp/regress-105972.js
js/src/tests/ecma_3/RegExp/regress-119909.js
js/src/tests/ecma_3/RegExp/regress-122076.js
js/src/tests/ecma_3/RegExp/regress-123437.js
js/src/tests/ecma_3/RegExp/regress-165353.js
js/src/tests/ecma_3/RegExp/regress-169497.js
js/src/tests/ecma_3/RegExp/regress-169534.js
js/src/tests/ecma_3/RegExp/regress-187133.js
js/src/tests/ecma_3/RegExp/regress-188206.js
js/src/tests/ecma_3/RegExp/regress-191479.js
js/src/tests/ecma_3/RegExp/regress-202564.js
js/src/tests/ecma_3/RegExp/regress-209067.js
js/src/tests/ecma_3/RegExp/regress-209919.js
js/src/tests/ecma_3/RegExp/regress-216591.js
js/src/tests/ecma_3/RegExp/regress-220367-001.js
js/src/tests/ecma_3/RegExp/regress-223273.js
js/src/tests/ecma_3/RegExp/regress-223535.js
js/src/tests/ecma_3/RegExp/regress-224676.js
js/src/tests/ecma_3/RegExp/regress-225289.js
js/src/tests/ecma_3/RegExp/regress-225343.js
js/src/tests/ecma_3/RegExp/regress-24712.js
js/src/tests/ecma_3/RegExp/regress-285219.js
js/src/tests/ecma_3/RegExp/regress-28686.js
js/src/tests/ecma_3/RegExp/regress-307456.js
js/src/tests/ecma_3/RegExp/regress-309840.js
js/src/tests/ecma_3/RegExp/regress-312351.js
js/src/tests/ecma_3/RegExp/regress-31316.js
js/src/tests/ecma_3/RegExp/regress-330684.js
js/src/tests/ecma_3/RegExp/regress-334158.js
js/src/tests/ecma_3/RegExp/regress-346090.js
js/src/tests/ecma_3/RegExp/regress-367888.js
js/src/tests/ecma_3/RegExp/regress-375642.js
js/src/tests/ecma_3/RegExp/regress-375651.js
js/src/tests/ecma_3/RegExp/regress-375711.js
js/src/tests/ecma_3/RegExp/regress-375715-01-n.js
js/src/tests/ecma_3/RegExp/regress-375715-02.js
js/src/tests/ecma_3/RegExp/regress-375715-03.js
js/src/tests/ecma_3/RegExp/regress-375715-04.js
js/src/tests/ecma_3/RegExp/regress-436700.js
js/src/tests/ecma_3/RegExp/regress-465862.js
js/src/tests/ecma_3/RegExp/regress-57572.js
js/src/tests/ecma_3/RegExp/regress-57631.js
js/src/tests/ecma_3/RegExp/regress-67773.js
js/src/tests/ecma_3/RegExp/regress-72964.js
js/src/tests/ecma_3/RegExp/regress-76683.js
js/src/tests/ecma_3/RegExp/regress-78156.js
js/src/tests/ecma_3/RegExp/regress-85721.js
js/src/tests/ecma_3/RegExp/regress-87231.js
js/src/tests/ecma_3/RegExp/regress-98306.js
js/src/tests/ecma_3/RegExp/shell.js
js/src/tests/ecma_3/Regress/browser.js
js/src/tests/ecma_3/Regress/regress-385393-04.js
js/src/tests/ecma_3/Regress/regress-419152.js
js/src/tests/ecma_3/Regress/regress-420087.js
js/src/tests/ecma_3/Regress/regress-420610.js
js/src/tests/ecma_3/Regress/regress-441477-01.js
js/src/tests/ecma_3/Regress/regress-469937.js
js/src/tests/ecma_3/Regress/regress-580544.js
js/src/tests/ecma_3/Regress/shell.js
js/src/tests/ecma_3/Statements/12.10-01.js
js/src/tests/ecma_3/Statements/12.6.3.js
js/src/tests/ecma_3/Statements/browser.js
js/src/tests/ecma_3/Statements/regress-121744.js
js/src/tests/ecma_3/Statements/regress-131348.js
js/src/tests/ecma_3/Statements/regress-157509.js
js/src/tests/ecma_3/Statements/regress-194364.js
js/src/tests/ecma_3/Statements/regress-226517.js
js/src/tests/ecma_3/Statements/regress-302439.js
js/src/tests/ecma_3/Statements/regress-324650.js
js/src/tests/ecma_3/Statements/regress-444979.js
js/src/tests/ecma_3/Statements/regress-642975.js
js/src/tests/ecma_3/Statements/regress-74474-001.js
js/src/tests/ecma_3/Statements/regress-74474-002.js
js/src/tests/ecma_3/Statements/regress-74474-003.js
js/src/tests/ecma_3/Statements/regress-83532-001.js
js/src/tests/ecma_3/Statements/regress-83532-002.js
js/src/tests/ecma_3/Statements/shell.js
js/src/tests/ecma_3/Statements/switch-001.js
js/src/tests/ecma_3/Statements/switch-002.js
js/src/tests/ecma_3/String/15.5.4.11.js
js/src/tests/ecma_3/String/15.5.4.14.js
js/src/tests/ecma_3/String/browser.js
js/src/tests/ecma_3/String/regress-104375.js
js/src/tests/ecma_3/String/regress-189898.js
js/src/tests/ecma_3/String/regress-304376.js
js/src/tests/ecma_3/String/regress-313567.js
js/src/tests/ecma_3/String/regress-369778.js
js/src/tests/ecma_3/String/regress-392378.js
js/src/tests/ecma_3/String/regress-83293.js
js/src/tests/ecma_3/String/shell.js
js/src/tests/ecma_3/Unicode/browser.js
js/src/tests/ecma_3/Unicode/regress-352044-01.js
js/src/tests/ecma_3/Unicode/regress-352044-02-n.js
js/src/tests/ecma_3/Unicode/shell.js
js/src/tests/ecma_3/Unicode/uc-001-n.js
js/src/tests/ecma_3/Unicode/uc-001.js
js/src/tests/ecma_3/Unicode/uc-002-n.js
js/src/tests/ecma_3/Unicode/uc-002.js
js/src/tests/ecma_3/Unicode/uc-003.js
js/src/tests/ecma_3/Unicode/uc-004.js
js/src/tests/ecma_3/Unicode/uc-005.js
js/src/tests/ecma_3/browser.js
js/src/tests/ecma_3/extensions/10.1.3-2.js
js/src/tests/ecma_3/extensions/7.9.1.js
js/src/tests/ecma_3/extensions/browser.js
js/src/tests/ecma_3/extensions/regress-103087.js
js/src/tests/ecma_3/extensions/regress-188206-01.js
js/src/tests/ecma_3/extensions/regress-188206-02.js
js/src/tests/ecma_3/extensions/regress-220367-002.js
js/src/tests/ecma_3/extensions/regress-228087.js
js/src/tests/ecma_3/extensions/regress-274152.js
js/src/tests/ecma_3/extensions/regress-320854.js
js/src/tests/ecma_3/extensions/regress-327170.js
js/src/tests/ecma_3/extensions/regress-368516.js
js/src/tests/ecma_3/extensions/regress-385393-03.js
js/src/tests/ecma_3/extensions/regress-430740.js
js/src/tests/ecma_3/extensions/shell.js
js/src/tests/ecma_3/shell.js
js/src/tests/ecma_3/template.js
js/src/tests/ecma_3_1/Object/browser.js
js/src/tests/ecma_3_1/Object/regress-444787.js
js/src/tests/ecma_3_1/Object/shell.js
js/src/tests/ecma_3_1/README
js/src/tests/ecma_3_1/RegExp/browser.js
js/src/tests/ecma_3_1/RegExp/regress-305064.js
js/src/tests/ecma_3_1/RegExp/shell.js
js/src/tests/ecma_3_1/browser.js
js/src/tests/ecma_3_1/extensions/browser.js
js/src/tests/ecma_3_1/extensions/shell.js
js/src/tests/ecma_3_1/shell.js
js/src/tests/ecma_3_1/template.js
js/src/tests/ecma_5/Array/browser.js
js/src/tests/ecma_5/Array/index-with-null-character.js
js/src/tests/ecma_5/Array/join-01.js
js/src/tests/ecma_5/Array/length-01.js
js/src/tests/ecma_5/Array/length-nonwritable-redefine-nop.js
js/src/tests/ecma_5/Array/length-set-object.js
js/src/tests/ecma_5/Array/length-truncate-nonconfigurable-sparse.js
js/src/tests/ecma_5/Array/length-truncate-nonconfigurable.js
js/src/tests/ecma_5/Array/length-truncate-with-indexed.js
js/src/tests/ecma_5/Array/pop-empty-nonwritable.js
js/src/tests/ecma_5/Array/pop-nonarray-higher-elements.js
js/src/tests/ecma_5/Array/redefine-length-frozen-array.js
js/src/tests/ecma_5/Array/redefine-length-frozen-dictionarymode-array.js
js/src/tests/ecma_5/Array/redefine-nonwritable-length-custom-conversion-call-counts.js
js/src/tests/ecma_5/Array/redefine-nonwritable-length-custom-conversion-throw.js
js/src/tests/ecma_5/Array/redefine-nonwritable-length-nonnumeric.js
js/src/tests/ecma_5/Array/regress-599159.js
js/src/tests/ecma_5/Array/reverse-order-of-low-high-accesses.js
js/src/tests/ecma_5/Array/shell.js
js/src/tests/ecma_5/Array/sort-01.js
js/src/tests/ecma_5/Array/sort-array-with-holes-and-undefined.js
js/src/tests/ecma_5/Array/splice-return-array-elements-defined-not-set.js
js/src/tests/ecma_5/Array/splice-suppresses-unvisited-indexes.js
js/src/tests/ecma_5/Array/toLocaleString-01.js
js/src/tests/ecma_5/Array/toString-01.js
js/src/tests/ecma_5/Array/unshift-01.js
js/src/tests/ecma_5/Boolean/15.6.4.2.js
js/src/tests/ecma_5/Boolean/browser.js
js/src/tests/ecma_5/Boolean/no-boolean-toJSON.js
js/src/tests/ecma_5/Boolean/shell.js
js/src/tests/ecma_5/Date/15.9.4.2.js
js/src/tests/ecma_5/Date/UTC-convert-all-arguments.js
js/src/tests/ecma_5/Date/browser.js
js/src/tests/ecma_5/Date/constructor-convert-all-arguments.js
js/src/tests/ecma_5/Date/constructor-one-argument.js
js/src/tests/ecma_5/Date/defaultvalue.js
js/src/tests/ecma_5/Date/equality-to-boolean.js
js/src/tests/ecma_5/Date/fractions.js
js/src/tests/ecma_5/Date/setTime-argument-shortcircuiting.js
js/src/tests/ecma_5/Date/shell.js
js/src/tests/ecma_5/Date/timeclip.js
js/src/tests/ecma_5/Date/toISOString.js
js/src/tests/ecma_5/Date/toJSON-01.js
js/src/tests/ecma_5/Exceptions/browser.js
js/src/tests/ecma_5/Exceptions/error-expando-reconfigure.js
js/src/tests/ecma_5/Exceptions/error-property-enumerability.js
js/src/tests/ecma_5/Exceptions/shell.js
js/src/tests/ecma_5/Expressions/11.1.5-01.js
js/src/tests/ecma_5/Expressions/browser.js
js/src/tests/ecma_5/Expressions/named-accessor-function.js
js/src/tests/ecma_5/Expressions/nested-delete-name-in-evalcode.js
js/src/tests/ecma_5/Expressions/object-literal-accessor-arguments.js
js/src/tests/ecma_5/Expressions/object-literal-accessor-property-name.js
js/src/tests/ecma_5/Expressions/primitive-this-boxing-behavior.js
js/src/tests/ecma_5/Expressions/shell.js
js/src/tests/ecma_5/Expressions/string-literal-escape-sequences.js
js/src/tests/ecma_5/Function/10.2.1.1.6.js
js/src/tests/ecma_5/Function/15.3.4.3-01.js
js/src/tests/ecma_5/Function/Function-arguments-gc.js
js/src/tests/ecma_5/Function/Function-with-eval.js
js/src/tests/ecma_5/Function/arguments-caller-callee.js
js/src/tests/ecma_5/Function/arguments-property-attributes.js
js/src/tests/ecma_5/Function/browser.js
js/src/tests/ecma_5/Function/builtin-no-construct.js
js/src/tests/ecma_5/Function/builtin-no-prototype.js
js/src/tests/ecma_5/Function/function-bind.js
js/src/tests/ecma_5/Function/function-call.js
js/src/tests/ecma_5/Function/function-caller.js
js/src/tests/ecma_5/Function/redefine-arguments-length.js
js/src/tests/ecma_5/Function/shell.js
js/src/tests/ecma_5/Function/strict-arguments.js
js/src/tests/ecma_5/Global/adding-global-var-nonextensible-error.js
js/src/tests/ecma_5/Global/browser.js
js/src/tests/ecma_5/Global/bug-320887.js
js/src/tests/ecma_5/Global/bug660612.js
js/src/tests/ecma_5/Global/cross-global-implicit-this.js
js/src/tests/ecma_5/Global/decodeURI-decodes-FFFE-FFFF.js
js/src/tests/ecma_5/Global/delete-global-NaN-property.js
js/src/tests/ecma_5/Global/direct-eval-but-not.js
js/src/tests/ecma_5/Global/eval-01.js
js/src/tests/ecma_5/Global/eval-02.js
js/src/tests/ecma_5/Global/eval-in-strict-eval-in-normal-function.js
js/src/tests/ecma_5/Global/eval-inside-with-is-direct.js
js/src/tests/ecma_5/Global/eval-native-callback-is-indirect.js
js/src/tests/ecma_5/Global/parenthesized-eval-is-direct.js
js/src/tests/ecma_5/Global/parseFloat-01.js
js/src/tests/ecma_5/Global/parseInt-01.js
js/src/tests/ecma_5/Global/parseInt-default-to-decimal.js
js/src/tests/ecma_5/Global/shell.js
js/src/tests/ecma_5/JSON/browser.js
js/src/tests/ecma_5/JSON/cyclic-stringify-unrelated.js
js/src/tests/ecma_5/JSON/cyclic-stringify.js
js/src/tests/ecma_5/JSON/parse-arguments.js
js/src/tests/ecma_5/JSON/parse-array-gc.js
js/src/tests/ecma_5/JSON/parse-crockford-01.js
js/src/tests/ecma_5/JSON/parse-mega-huge-array.js
js/src/tests/ecma_5/JSON/parse-number-syntax.js
js/src/tests/ecma_5/JSON/parse-octal-syntax-error.js
js/src/tests/ecma_5/JSON/parse-primitives.js
js/src/tests/ecma_5/JSON/parse-reviver-array-delete.js
js/src/tests/ecma_5/JSON/parse-reviver.js
js/src/tests/ecma_5/JSON/parse-syntax-errors-01.js
js/src/tests/ecma_5/JSON/parse-syntax-errors-02.js
js/src/tests/ecma_5/JSON/parse-syntax-errors-03.js
js/src/tests/ecma_5/JSON/parse.js
js/src/tests/ecma_5/JSON/shell.js
js/src/tests/ecma_5/JSON/small-codepoints.js
js/src/tests/ecma_5/JSON/stringify-boxed-primitives.js
js/src/tests/ecma_5/JSON/stringify-call-replacer-once.js
js/src/tests/ecma_5/JSON/stringify-call-toJSON-once.js
js/src/tests/ecma_5/JSON/stringify-dropping-elements.js
js/src/tests/ecma_5/JSON/stringify-gap.js
js/src/tests/ecma_5/JSON/stringify-ignore-noncallable-toJSON.js
js/src/tests/ecma_5/JSON/stringify-large-replacer-array.js
js/src/tests/ecma_5/JSON/stringify-missing-arguments.js
js/src/tests/ecma_5/JSON/stringify-nonarray-noncallable-replacer.js
js/src/tests/ecma_5/JSON/stringify-primitives.js
js/src/tests/ecma_5/JSON/stringify-replacer-array-boxed-elements.js
js/src/tests/ecma_5/JSON/stringify-replacer-array-duplicated-element.js
js/src/tests/ecma_5/JSON/stringify-replacer-array-edgecase-jsid-elements.js
js/src/tests/ecma_5/JSON/stringify-replacer-array-hijinks.js
js/src/tests/ecma_5/JSON/stringify-replacer-array-skipped-element.js
js/src/tests/ecma_5/JSON/stringify-replacer-array-trailing-holes.js
js/src/tests/ecma_5/JSON/stringify-replacer-with-array-indexes.js
js/src/tests/ecma_5/JSON/stringify-replacer.js
js/src/tests/ecma_5/JSON/stringify-special-escapes.js
js/src/tests/ecma_5/JSON/stringify-toJSON-arguments.js
js/src/tests/ecma_5/JSON/stringify.js
js/src/tests/ecma_5/JSON/trailing-comma.js
js/src/tests/ecma_5/Number/15.7.4.2.js
js/src/tests/ecma_5/Number/browser.js
js/src/tests/ecma_5/Number/conversion-invalid-precision.js
js/src/tests/ecma_5/Number/defaultvalue.js
js/src/tests/ecma_5/Number/shell.js
js/src/tests/ecma_5/Number/toString-radix-handling.js
js/src/tests/ecma_5/Number/tonumber-string-hex.js
js/src/tests/ecma_5/Object/15.2.3.12.js
js/src/tests/ecma_5/Object/15.2.3.14-01.js
js/src/tests/ecma_5/Object/15.2.3.3-01.js
js/src/tests/ecma_5/Object/15.2.3.4-01.js
js/src/tests/ecma_5/Object/15.2.3.4-02.js
js/src/tests/ecma_5/Object/15.2.3.4-03.js
js/src/tests/ecma_5/Object/15.2.3.4-04.js
js/src/tests/ecma_5/Object/15.2.3.5-01.js
js/src/tests/ecma_5/Object/15.2.3.6-define-over-method.js
js/src/tests/ecma_5/Object/15.2.3.6-dictionary-redefinition-01-of-32.js
js/src/tests/ecma_5/Object/15.2.3.6-dictionary-redefinition-02-of-32.js
js/src/tests/ecma_5/Object/15.2.3.6-dictionary-redefinition-03-of-32.js
js/src/tests/ecma_5/Object/15.2.3.6-dictionary-redefinition-04-of-32.js
js/src/tests/ecma_5/Object/15.2.3.6-dictionary-redefinition-05-of-32.js
js/src/tests/ecma_5/Object/15.2.3.6-dictionary-redefinition-06-of-32.js
js/src/tests/ecma_5/Object/15.2.3.6-dictionary-redefinition-07-of-32.js
js/src/tests/ecma_5/Object/15.2.3.6-dictionary-redefinition-08-of-32.js
js/src/tests/ecma_5/Object/15.2.3.6-dictionary-redefinition-09-of-32.js
js/src/tests/ecma_5/Object/15.2.3.6-dictionary-redefinition-10-of-32.js
js/src/tests/ecma_5/Object/15.2.3.6-dictionary-redefinition-11-of-32.js
js/src/tests/ecma_5/Object/15.2.3.6-dictionary-redefinition-12-of-32.js
js/src/tests/ecma_5/Object/15.2.3.6-dictionary-redefinition-13-of-32.js
js/src/tests/ecma_5/Object/15.2.3.6-dictionary-redefinition-14-of-32.js
js/src/tests/ecma_5/Object/15.2.3.6-dictionary-redefinition-15-of-32.js
js/src/tests/ecma_5/Object/15.2.3.6-dictionary-redefinition-16-of-32.js
js/src/tests/ecma_5/Object/15.2.3.6-dictionary-redefinition-17-of-32.js
js/src/tests/ecma_5/Object/15.2.3.6-dictionary-redefinition-18-of-32.js
js/src/tests/ecma_5/Object/15.2.3.6-dictionary-redefinition-19-of-32.js
js/src/tests/ecma_5/Object/15.2.3.6-dictionary-redefinition-20-of-32.js
js/src/tests/ecma_5/Object/15.2.3.6-dictionary-redefinition-21-of-32.js
js/src/tests/ecma_5/Object/15.2.3.6-dictionary-redefinition-22-of-32.js
js/src/tests/ecma_5/Object/15.2.3.6-dictionary-redefinition-23-of-32.js
js/src/tests/ecma_5/Object/15.2.3.6-dictionary-redefinition-24-of-32.js
js/src/tests/ecma_5/Object/15.2.3.6-dictionary-redefinition-25-of-32.js
js/src/tests/ecma_5/Object/15.2.3.6-dictionary-redefinition-26-of-32.js
js/src/tests/ecma_5/Object/15.2.3.6-dictionary-redefinition-27-of-32.js
js/src/tests/ecma_5/Object/15.2.3.6-dictionary-redefinition-28-of-32.js
js/src/tests/ecma_5/Object/15.2.3.6-dictionary-redefinition-29-of-32.js
js/src/tests/ecma_5/Object/15.2.3.6-dictionary-redefinition-30-of-32.js
js/src/tests/ecma_5/Object/15.2.3.6-dictionary-redefinition-31-of-32.js
js/src/tests/ecma_5/Object/15.2.3.6-dictionary-redefinition-32-of-32.js
js/src/tests/ecma_5/Object/15.2.3.6-function-length.js
js/src/tests/ecma_5/Object/15.2.3.6-middle-redefinition-1-of-8.js
js/src/tests/ecma_5/Object/15.2.3.6-middle-redefinition-2-of-8.js
js/src/tests/ecma_5/Object/15.2.3.6-middle-redefinition-3-of-8.js
js/src/tests/ecma_5/Object/15.2.3.6-middle-redefinition-4-of-8.js
js/src/tests/ecma_5/Object/15.2.3.6-middle-redefinition-5-of-8.js
js/src/tests/ecma_5/Object/15.2.3.6-middle-redefinition-6-of-8.js
js/src/tests/ecma_5/Object/15.2.3.6-middle-redefinition-7-of-8.js
js/src/tests/ecma_5/Object/15.2.3.6-middle-redefinition-8-of-8.js
js/src/tests/ecma_5/Object/15.2.3.6-miscellaneous.js
js/src/tests/ecma_5/Object/15.2.3.6-new-definition.js
js/src/tests/ecma_5/Object/15.2.3.6-redefinition-1-of-4.js
js/src/tests/ecma_5/Object/15.2.3.6-redefinition-2-of-4.js
js/src/tests/ecma_5/Object/15.2.3.6-redefinition-3-of-4.js
js/src/tests/ecma_5/Object/15.2.3.6-redefinition-4-of-4.js
js/src/tests/ecma_5/Object/15.2.3.7-01.js
js/src/tests/ecma_5/Object/15.2.3.9.js
js/src/tests/ecma_5/Object/add-property-non-extensible.js
js/src/tests/ecma_5/Object/browser.js
js/src/tests/ecma_5/Object/clear-dictionary-accessor-getset.js
js/src/tests/ecma_5/Object/defineProperty-setup.js
js/src/tests/ecma_5/Object/extensibility-01.js
js/src/tests/ecma_5/Object/extensibility-02.js
js/src/tests/ecma_5/Object/freeze-global-eval-const.js
js/src/tests/ecma_5/Object/gOPD-vs-prototype-accessor.js
js/src/tests/ecma_5/Object/getPrototypeOf-array.js
js/src/tests/ecma_5/Object/isPrototypeOf.js
js/src/tests/ecma_5/Object/mutation-prevention-methods.js
js/src/tests/ecma_5/Object/object-create-with-primitive-second-arg.js
js/src/tests/ecma_5/Object/object-toString-01.js
js/src/tests/ecma_5/Object/preventExtensions-idempotent.js
js/src/tests/ecma_5/Object/propertyIsEnumerable.js
js/src/tests/ecma_5/Object/proto-property-change-writability-set.js
js/src/tests/ecma_5/Object/shell.js
js/src/tests/ecma_5/Object/toLocaleString.js
js/src/tests/ecma_5/Object/vacuous-accessor-unqualified-name.js
js/src/tests/ecma_5/README
js/src/tests/ecma_5/RegExp/15.10.5-01.js
js/src/tests/ecma_5/RegExp/15.10.7.5-01.js
js/src/tests/ecma_5/RegExp/7.8.5-01.js
js/src/tests/ecma_5/RegExp/browser.js
js/src/tests/ecma_5/RegExp/empty-lookahead.js
js/src/tests/ecma_5/RegExp/exec-lastIndex-ToInteger.js
js/src/tests/ecma_5/RegExp/exec.js
js/src/tests/ecma_5/RegExp/instance-property-storage-introspection.js
js/src/tests/ecma_5/RegExp/regexp-space-character-class.js
js/src/tests/ecma_5/RegExp/regress-429241.js
js/src/tests/ecma_5/RegExp/regress-576828.js
js/src/tests/ecma_5/RegExp/regress-613820-1.js
js/src/tests/ecma_5/RegExp/regress-613820-2.js
js/src/tests/ecma_5/RegExp/regress-613820-3.js
js/src/tests/ecma_5/RegExp/regress-617935.js
js/src/tests/ecma_5/RegExp/shell.js
js/src/tests/ecma_5/String/15.5.4.11-01.js
js/src/tests/ecma_5/String/15.5.4.2.js
js/src/tests/ecma_5/String/15.5.4.7.js
js/src/tests/ecma_5/String/browser.js
js/src/tests/ecma_5/String/defaultvalue.js
js/src/tests/ecma_5/String/match-defines-match-elements.js
js/src/tests/ecma_5/String/match-forward-lookahead.js
js/src/tests/ecma_5/String/match-throws-nonwritable-lastIndex-global.js
js/src/tests/ecma_5/String/match-updates-global-lastIndex.js
js/src/tests/ecma_5/String/replace-math.js
js/src/tests/ecma_5/String/replace-throws-nonwritable-lastIndex-global.js
js/src/tests/ecma_5/String/replace-updates-global-lastIndex.js
js/src/tests/ecma_5/String/shell.js
js/src/tests/ecma_5/String/split-01.js
js/src/tests/ecma_5/String/split-undefined-separator.js
js/src/tests/ecma_5/String/split-xregexp.js
js/src/tests/ecma_5/String/string-object-length.js
js/src/tests/ecma_5/String/string-space-trim.js
js/src/tests/ecma_5/String/string-upper-lower-mapping.js
js/src/tests/ecma_5/Types/8.12.5-01.js
js/src/tests/ecma_5/Types/browser.js
js/src/tests/ecma_5/Types/shell.js
js/src/tests/ecma_5/browser.js
js/src/tests/ecma_5/eval/browser.js
js/src/tests/ecma_5/eval/exhaustive-fun-normalcaller-direct-normalcode.js
js/src/tests/ecma_5/eval/exhaustive-fun-normalcaller-direct-strictcode.js
js/src/tests/ecma_5/eval/exhaustive-fun-normalcaller-indirect-normalcode.js
js/src/tests/ecma_5/eval/exhaustive-fun-normalcaller-indirect-strictcode.js
js/src/tests/ecma_5/eval/exhaustive-fun-strictcaller-direct-normalcode.js
js/src/tests/ecma_5/eval/exhaustive-fun-strictcaller-direct-strictcode.js
js/src/tests/ecma_5/eval/exhaustive-fun-strictcaller-indirect-normalcode.js
js/src/tests/ecma_5/eval/exhaustive-fun-strictcaller-indirect-strictcode.js
js/src/tests/ecma_5/eval/exhaustive-global-normalcaller-direct-normalcode.js
js/src/tests/ecma_5/eval/exhaustive-global-normalcaller-direct-strictcode.js
js/src/tests/ecma_5/eval/exhaustive-global-normalcaller-indirect-normalcode.js
js/src/tests/ecma_5/eval/exhaustive-global-normalcaller-indirect-strictcode.js
js/src/tests/ecma_5/eval/exhaustive-global-strictcaller-direct-normalcode.js
js/src/tests/ecma_5/eval/exhaustive-global-strictcaller-direct-strictcode.js
js/src/tests/ecma_5/eval/exhaustive-global-strictcaller-indirect-normalcode.js
js/src/tests/ecma_5/eval/exhaustive-global-strictcaller-indirect-strictcode.js
js/src/tests/ecma_5/eval/line-terminator-paragraph-terminator.js
js/src/tests/ecma_5/eval/shell.js
js/src/tests/ecma_5/eval/undeclared-name-in-nested-strict-eval.js
js/src/tests/ecma_5/extensions/15.4.4.11.js
js/src/tests/ecma_5/extensions/15.9.4.2.js
js/src/tests/ecma_5/extensions/8.12.5-01.js
js/src/tests/ecma_5/extensions/Boolean-toSource.js
js/src/tests/ecma_5/extensions/Number-toSource.js
js/src/tests/ecma_5/extensions/String-methods-infinite-recursion.js
js/src/tests/ecma_5/extensions/String-toSource.js
js/src/tests/ecma_5/extensions/__proto__.js
js/src/tests/ecma_5/extensions/arguments-property-access-in-function.js
js/src/tests/ecma_5/extensions/array-inherited-__proto__.js
js/src/tests/ecma_5/extensions/array-pop-proxy.js
js/src/tests/ecma_5/extensions/array-toString-recursion.js
js/src/tests/ecma_5/extensions/browser.js
js/src/tests/ecma_5/extensions/bug472534.js
js/src/tests/ecma_5/extensions/bug496985.js
js/src/tests/ecma_5/extensions/bug566661.js
js/src/tests/ecma_5/extensions/builtin-function-arguments-caller.js
js/src/tests/ecma_5/extensions/cross-global-eval-is-indirect.js
js/src/tests/ecma_5/extensions/cross-global-getPrototypeOf.js
js/src/tests/ecma_5/extensions/destructuring-__proto__-shorthand-assignment-before-var.js
js/src/tests/ecma_5/extensions/destructuring-__proto__-shorthand-assignment.js
js/src/tests/ecma_5/extensions/destructuring-__proto__-target-assignment.js
js/src/tests/ecma_5/extensions/destructuring-for-inof-__proto__.js
js/src/tests/ecma_5/extensions/error-tostring-function.js
js/src/tests/ecma_5/extensions/es5ish-defineGetter-defineSetter.js
js/src/tests/ecma_5/extensions/eval-native-callback-is-indirect.js
js/src/tests/ecma_5/extensions/extension-methods-reject-null-undefined-this.js
js/src/tests/ecma_5/extensions/function-caller-skips-eval-frames.js
js/src/tests/ecma_5/extensions/function-caller-strict-cross-global.js
js/src/tests/ecma_5/extensions/function-definition-with.js
js/src/tests/ecma_5/extensions/function-properties.js
js/src/tests/ecma_5/extensions/getOwnPropertyNames-__proto__.js
js/src/tests/ecma_5/extensions/iterator-in-catch.js
js/src/tests/ecma_5/extensions/misplaced-inconsistent-directive.js
js/src/tests/ecma_5/extensions/nested-delete-name-in-evalcode.js
js/src/tests/ecma_5/extensions/preventExtensions-cross-global.js
js/src/tests/ecma_5/extensions/proxy-__proto__.js
js/src/tests/ecma_5/extensions/proxy-array-target-length-definition.js
js/src/tests/ecma_5/extensions/proxy-enumeration.js
js/src/tests/ecma_5/extensions/proxy-strict.js
js/src/tests/ecma_5/extensions/regress-bug567606.js
js/src/tests/ecma_5/extensions/regress-bug607284.js
js/src/tests/ecma_5/extensions/regress-bug629723.js
js/src/tests/ecma_5/extensions/reviver-mutates-holder-array-ccw.js
js/src/tests/ecma_5/extensions/reviver-mutates-holder-array-nonnative.js
js/src/tests/ecma_5/extensions/reviver-mutates-holder-array.js
js/src/tests/ecma_5/extensions/reviver-mutates-holder-object-ccw.js
js/src/tests/ecma_5/extensions/reviver-mutates-holder-object-nonnative.js
js/src/tests/ecma_5/extensions/reviver-mutates-holder-object.js
js/src/tests/ecma_5/extensions/shell.js
js/src/tests/ecma_5/extensions/strict-function-statements.js
js/src/tests/ecma_5/extensions/strict-function-toSource.js
js/src/tests/ecma_5/extensions/strict-option-redeclared-parameter.js
js/src/tests/ecma_5/extensions/string-literal-getter-setter-decompilation.js
js/src/tests/ecma_5/extensions/toLocaleString-infinite-recursion.js
js/src/tests/ecma_5/extensions/toSource-infinite-recursion.js
js/src/tests/ecma_5/extensions/uneval-strict-functions.js
js/src/tests/ecma_5/extensions/watch-array-length.js
js/src/tests/ecma_5/extensions/watch-inherited-property.js
js/src/tests/ecma_5/extensions/watch-replaced-setter.js
js/src/tests/ecma_5/extensions/watch-setter-become-setter.js
js/src/tests/ecma_5/extensions/watch-value-prop-becoming-setter.js
js/src/tests/ecma_5/extensions/watchpoint-deletes-JSPropertyOp-setter.js
js/src/tests/ecma_5/misc/browser.js
js/src/tests/ecma_5/misc/bug1126318.js
js/src/tests/ecma_5/misc/builtin-methods-reject-null-undefined-this.js
js/src/tests/ecma_5/misc/enumerate-undefined.js
js/src/tests/ecma_5/misc/error-undefined-message.js
js/src/tests/ecma_5/misc/explicit-undefined-optional-argument.js
js/src/tests/ecma_5/misc/function-definition-eval.js
js/src/tests/ecma_5/misc/function-definition-evaluate.js
js/src/tests/ecma_5/misc/future-reserved-words.js
js/src/tests/ecma_5/misc/getter-setter-outerize-this.js
js/src/tests/ecma_5/misc/global-numeric-properties.js
js/src/tests/ecma_5/misc/line-paragraph-separator-parse-as-lineterminator.js
js/src/tests/ecma_5/misc/new-with-non-constructor.js
js/src/tests/ecma_5/misc/redeclare-var-non-writable-property.js
js/src/tests/ecma_5/misc/regexp-functions-with-undefined.js
js/src/tests/ecma_5/misc/regress-bug632003.js
js/src/tests/ecma_5/misc/shell.js
js/src/tests/ecma_5/misc/syntax-error-end-of-for-head-part.js
js/src/tests/ecma_5/misc/unicode-escaped-keyword.js
js/src/tests/ecma_5/misc/unicode-identifier-1d17.js
js/src/tests/ecma_5/misc/unicode-identifier-82f1.js
js/src/tests/ecma_5/misc/unnamed-function.js
js/src/tests/ecma_5/misc/unwrapped-no-such-method.js
js/src/tests/ecma_5/shell.js
js/src/tests/ecma_5/strict/10.4.2.js
js/src/tests/ecma_5/strict/10.4.3.js
js/src/tests/ecma_5/strict/10.6.js
js/src/tests/ecma_5/strict/11.1.5.js
js/src/tests/ecma_5/strict/11.13.1.js
js/src/tests/ecma_5/strict/11.13.2.js
js/src/tests/ecma_5/strict/11.3.1.js
js/src/tests/ecma_5/strict/11.3.2.js
js/src/tests/ecma_5/strict/11.4.1.js
js/src/tests/ecma_5/strict/11.4.4.js
js/src/tests/ecma_5/strict/11.4.5.js
js/src/tests/ecma_5/strict/12.10.1.js
js/src/tests/ecma_5/strict/12.14.1.js
js/src/tests/ecma_5/strict/12.2.1.js
js/src/tests/ecma_5/strict/13.1.js
js/src/tests/ecma_5/strict/15.10.7.js
js/src/tests/ecma_5/strict/15.3.4.5.js
js/src/tests/ecma_5/strict/15.3.5.1.js
js/src/tests/ecma_5/strict/15.3.5.2.js
js/src/tests/ecma_5/strict/15.4.4.12.js
js/src/tests/ecma_5/strict/15.4.4.13.js
js/src/tests/ecma_5/strict/15.4.4.6.js
js/src/tests/ecma_5/strict/15.4.4.8.js
js/src/tests/ecma_5/strict/15.4.4.9.js
js/src/tests/ecma_5/strict/15.4.5.1.js
js/src/tests/ecma_5/strict/15.5.5.1.js
js/src/tests/ecma_5/strict/15.5.5.2.js
js/src/tests/ecma_5/strict/8.12.5.js
js/src/tests/ecma_5/strict/8.12.7-2.js
js/src/tests/ecma_5/strict/8.12.7.js
js/src/tests/ecma_5/strict/8.7.2.js
js/src/tests/ecma_5/strict/B.1.1.js
js/src/tests/ecma_5/strict/B.1.2.js
js/src/tests/ecma_5/strict/assign-to-callee-name.js
js/src/tests/ecma_5/strict/browser.js
js/src/tests/ecma_5/strict/directive-prologue-01.js
js/src/tests/ecma_5/strict/eval-variable-environment.js
js/src/tests/ecma_5/strict/primitive-this-no-writeback.js
js/src/tests/ecma_5/strict/rebind-eval-should-fail-in-strict-mode.js
js/src/tests/ecma_5/strict/regress-532041.js
js/src/tests/ecma_5/strict/regress-532254.js
js/src/tests/ecma_5/strict/regress-599159.js
js/src/tests/ecma_5/strict/shell.js
js/src/tests/ecma_5/strict/strict-this-is-not-truthy.js
js/src/tests/ecma_5/strict/this-for-function-expression-recursion.js
js/src/tests/ecma_5/strict/unbrand-this.js
js/src/tests/ecma_5/template.js
js/src/tests/ecma_6/Array/browser.js
js/src/tests/ecma_6/Array/fill.js
js/src/tests/ecma_6/Array/find_findindex.js
js/src/tests/ecma_6/Array/for_of_1.js
js/src/tests/ecma_6/Array/for_of_2.js
js/src/tests/ecma_6/Array/for_of_3.js
js/src/tests/ecma_6/Array/for_of_4.js
js/src/tests/ecma_6/Array/from_basics.js
js/src/tests/ecma_6/Array/from_constructor.js
js/src/tests/ecma_6/Array/from_errors.js
js/src/tests/ecma_6/Array/from_iterable.js
js/src/tests/ecma_6/Array/from_length_setter.js
js/src/tests/ecma_6/Array/from_mapping.js
js/src/tests/ecma_6/Array/from_proxy.js
js/src/tests/ecma_6/Array/from_realms.js
js/src/tests/ecma_6/Array/from_string.js
js/src/tests/ecma_6/Array/from_surfaces.js
js/src/tests/ecma_6/Array/from_this.js
js/src/tests/ecma_6/Array/isArray.js
js/src/tests/ecma_6/Array/iterator_edge_cases.js
js/src/tests/ecma_6/Array/shell.js
js/src/tests/ecma_6/Array/shift_for_in.js
js/src/tests/ecma_6/Array/toLocaleString.js
js/src/tests/ecma_6/Array/unscopables.js
js/src/tests/ecma_6/ArrayBuffer/browser.js
js/src/tests/ecma_6/ArrayBuffer/constructorNotCallable.js
js/src/tests/ecma_6/ArrayBuffer/shell.js
js/src/tests/ecma_6/Class/boundFunctionSubclassing.js
js/src/tests/ecma_6/Class/browser.js
js/src/tests/ecma_6/Class/bytecodePatternMatching.js
js/src/tests/ecma_6/Class/classConstructorNoCall.js
js/src/tests/ecma_6/Class/classHeritage.js
js/src/tests/ecma_6/Class/className.js
js/src/tests/ecma_6/Class/classPrototype.js
js/src/tests/ecma_6/Class/compPropDestr.js
js/src/tests/ecma_6/Class/compPropNames.js
js/src/tests/ecma_6/Class/constructorCalled.js
js/src/tests/ecma_6/Class/defaultConstructorBase.js
js/src/tests/ecma_6/Class/defaultConstructorNotCallable.js
js/src/tests/ecma_6/Class/derivedConstructorArrowEvalBinding.js
js/src/tests/ecma_6/Class/derivedConstructorArrowEvalClosed.js
js/src/tests/ecma_6/Class/derivedConstructorArrowEvalEscape.js
js/src/tests/ecma_6/Class/derivedConstructorArrowEvalEscapeUninitialized.js
js/src/tests/ecma_6/Class/derivedConstructorArrowEvalGetThis.js
js/src/tests/ecma_6/Class/derivedConstructorArrowEvalNestedSuperCall.js
js/src/tests/ecma_6/Class/derivedConstructorArrowEvalSuperCall.js
js/src/tests/ecma_6/Class/derivedConstructorInlining.js
js/src/tests/ecma_6/Class/derivedConstructorReturnPrimitive.js
js/src/tests/ecma_6/Class/derivedConstructorTDZExplicitThis.js
js/src/tests/ecma_6/Class/derivedConstructorTDZOffEdge.js
js/src/tests/ecma_6/Class/derivedConstructorTDZReturnObject.js
js/src/tests/ecma_6/Class/derivedConstructorTDZReturnUndefined.js
js/src/tests/ecma_6/Class/extendBuiltinConstructors.js
js/src/tests/ecma_6/Class/geterNoExprClosure.js
js/src/tests/ecma_6/Class/innerBinding.js
js/src/tests/ecma_6/Class/methDefn.js
js/src/tests/ecma_6/Class/methDefnGen.js
js/src/tests/ecma_6/Class/methodInstallation.js
js/src/tests/ecma_6/Class/methodOverwrites.js
js/src/tests/ecma_6/Class/methodsPrototype.js
js/src/tests/ecma_6/Class/newTargetArgumentsIntact.js
js/src/tests/ecma_6/Class/newTargetArrow.js
js/src/tests/ecma_6/Class/newTargetBound.js
js/src/tests/ecma_6/Class/newTargetCCW.js
js/src/tests/ecma_6/Class/newTargetDVG.js
js/src/tests/ecma_6/Class/newTargetDirectInvoke.js
js/src/tests/ecma_6/Class/newTargetEval.js
js/src/tests/ecma_6/Class/newTargetGenerators.js
js/src/tests/ecma_6/Class/newTargetMethods.js
js/src/tests/ecma_6/Class/newTargetNonFunction.js
js/src/tests/ecma_6/Class/newTargetProxyNative.js
js/src/tests/ecma_6/Class/outerBinding.js
js/src/tests/ecma_6/Class/shell.js
js/src/tests/ecma_6/Class/staticConstructor.js
js/src/tests/ecma_6/Class/staticMethods.js
js/src/tests/ecma_6/Class/strictExecution.js
js/src/tests/ecma_6/Class/subclassedArrayUnboxed.js
js/src/tests/ecma_6/Class/superCallBadDynamicSuperClass.js
js/src/tests/ecma_6/Class/superCallBadNewTargetPrototype.js
js/src/tests/ecma_6/Class/superCallBaseInvoked.js
js/src/tests/ecma_6/Class/superCallIllegal.js
js/src/tests/ecma_6/Class/superCallInvalidBase.js
js/src/tests/ecma_6/Class/superCallOrder.js
js/src/tests/ecma_6/Class/superCallProperBase.js
js/src/tests/ecma_6/Class/superCallSpreadCall.js
js/src/tests/ecma_6/Class/superCallThisInit.js
js/src/tests/ecma_6/Class/superPropBasicCalls.js
js/src/tests/ecma_6/Class/superPropBasicChain.js
js/src/tests/ecma_6/Class/superPropBasicGetter.js
js/src/tests/ecma_6/Class/superPropBasicNew.js
js/src/tests/ecma_6/Class/superPropChains.js
js/src/tests/ecma_6/Class/superPropDVG.js
js/src/tests/ecma_6/Class/superPropDelete.js
js/src/tests/ecma_6/Class/superPropDerivedCalls.js
js/src/tests/ecma_6/Class/superPropDestructuring.js
js/src/tests/ecma_6/Class/superPropEvalInsideArrow.js
js/src/tests/ecma_6/Class/superPropEvalInsideNested.js
js/src/tests/ecma_6/Class/superPropFor.js
js/src/tests/ecma_6/Class/superPropHeavyweightArrow.js
js/src/tests/ecma_6/Class/superPropHomeObject.js
js/src/tests/ecma_6/Class/superPropIncDecElem.js
js/src/tests/ecma_6/Class/superPropLazyInnerFunction.js
js/src/tests/ecma_6/Class/superPropNoOverwriting.js
js/src/tests/ecma_6/Class/superPropOrdering.js
js/src/tests/ecma_6/Class/superPropProtoChanges.js
js/src/tests/ecma_6/Class/superPropProxies.js
js/src/tests/ecma_6/Class/superPropSkips.js
js/src/tests/ecma_6/Class/superPropStatics.js
js/src/tests/ecma_6/Class/superPropStrictAssign.js
js/src/tests/ecma_6/Comprehensions/arguments.js
js/src/tests/ecma_6/Comprehensions/array-yield.js
js/src/tests/ecma_6/Comprehensions/error-messages.js
js/src/tests/ecma_6/Comprehensions/generator-semantics.js
js/src/tests/ecma_6/Comprehensions/nested-for-if.js
js/src/tests/ecma_6/Comprehensions/scope.js
js/src/tests/ecma_6/Comprehensions/shell.js
js/src/tests/ecma_6/Comprehensions/sudoku.js
js/src/tests/ecma_6/Comprehensions/syntax.js
js/src/tests/ecma_6/Comprehensions/toSource.js
js/src/tests/ecma_6/DataView/browser.js
js/src/tests/ecma_6/DataView/detach-after-construction.js
js/src/tests/ecma_6/DataView/shell.js
js/src/tests/ecma_6/Date/browser.js
js/src/tests/ecma_6/Date/constructor-one-Date-argument.js
js/src/tests/ecma_6/Date/prototype-is-not-a-date.js
js/src/tests/ecma_6/Date/shell.js
js/src/tests/ecma_6/Date/toISOString.js
js/src/tests/ecma_6/Date/toPrimitive.js
js/src/tests/ecma_6/Date/toString-generic.js
js/src/tests/ecma_6/Date/two-digit-years.js
js/src/tests/ecma_6/Destructuring/shell.js
js/src/tests/ecma_6/Destructuring/yield-in-object-destr-function.js
js/src/tests/ecma_6/Destructuring/yield-in-object-destr-generator.js
js/src/tests/ecma_6/Destructuring/yield-in-object-destr-script.js
js/src/tests/ecma_6/Expressions/ToPropertyKey-symbols.js
js/src/tests/ecma_6/Expressions/binary-literals.js
js/src/tests/ecma_6/Expressions/browser.js
js/src/tests/ecma_6/Expressions/delete-constant-folded-and-or.js
js/src/tests/ecma_6/Expressions/delete-name-parenthesized-early-error-strict-mode.js
js/src/tests/ecma_6/Expressions/destructuring-pattern-parenthesized.js
js/src/tests/ecma_6/Expressions/object-literal-__proto__.js
js/src/tests/ecma_6/Expressions/object-literal-computed-property-evaluation.js
js/src/tests/ecma_6/Expressions/octal-literals.js
js/src/tests/ecma_6/Expressions/shell.js
js/src/tests/ecma_6/Expressions/tagged-template-constant-folding.js
js/src/tests/ecma_6/Function/arguments-extra-property.js
js/src/tests/ecma_6/Function/arguments-iterator.js
js/src/tests/ecma_6/Function/arrow-has-duplicated.js
js/src/tests/ecma_6/Function/bound-length-and-name.js
js/src/tests/ecma_6/Function/bound-non-constructable.js
js/src/tests/ecma_6/Function/browser.js
js/src/tests/ecma_6/Function/configurable-length-builtins.js
js/src/tests/ecma_6/Function/configurable-length.js
js/src/tests/ecma_6/Function/function-constructor-toString-arguments-before-parsing-params.js
js/src/tests/ecma_6/Function/function-name.js
js/src/tests/ecma_6/Function/has-instance-jitted.js
js/src/tests/ecma_6/Function/has-instance.js
js/src/tests/ecma_6/Function/line-terminator-before-arrow.js
js/src/tests/ecma_6/Function/method-has-duplicated.js
js/src/tests/ecma_6/Function/rest-has-duplicated.js
js/src/tests/ecma_6/Function/return-finally.js
js/src/tests/ecma_6/Function/shell.js
js/src/tests/ecma_6/Generators/delegating-yield-1.js
js/src/tests/ecma_6/Generators/delegating-yield-10.js
js/src/tests/ecma_6/Generators/delegating-yield-11.js
js/src/tests/ecma_6/Generators/delegating-yield-12.js
js/src/tests/ecma_6/Generators/delegating-yield-2.js
js/src/tests/ecma_6/Generators/delegating-yield-3.js
js/src/tests/ecma_6/Generators/delegating-yield-4.js
js/src/tests/ecma_6/Generators/delegating-yield-5.js
js/src/tests/ecma_6/Generators/delegating-yield-6.js
js/src/tests/ecma_6/Generators/delegating-yield-7.js
js/src/tests/ecma_6/Generators/delegating-yield-8.js
js/src/tests/ecma_6/Generators/delegating-yield-9.js
js/src/tests/ecma_6/Generators/iteration.js
js/src/tests/ecma_6/Generators/objects.js
js/src/tests/ecma_6/Generators/return-finally.js
js/src/tests/ecma_6/Generators/runtime.js
js/src/tests/ecma_6/Generators/shell.js
js/src/tests/ecma_6/Generators/syntax.js
js/src/tests/ecma_6/Generators/yield-non-regexp.js
js/src/tests/ecma_6/LexicalEnvironment/block-scoped-functions-annex-b-eval.js
js/src/tests/ecma_6/LexicalEnvironment/block-scoped-functions-annex-b-if.js
js/src/tests/ecma_6/LexicalEnvironment/block-scoped-functions-annex-b-label.js
js/src/tests/ecma_6/LexicalEnvironment/block-scoped-functions-annex-b-property.js
js/src/tests/ecma_6/LexicalEnvironment/block-scoped-functions-annex-b-same-name.js
js/src/tests/ecma_6/LexicalEnvironment/block-scoped-functions-annex-b-with.js
js/src/tests/ecma_6/LexicalEnvironment/block-scoped-functions-annex-b.js
js/src/tests/ecma_6/LexicalEnvironment/block-scoped-functions-deprecated-redecl.js
js/src/tests/ecma_6/LexicalEnvironment/block-scoped-functions-hoisted-tdz.js
js/src/tests/ecma_6/LexicalEnvironment/block-scoped-functions-strict.js
js/src/tests/ecma_6/LexicalEnvironment/browser.js
js/src/tests/ecma_6/LexicalEnvironment/bug-1216623.js
js/src/tests/ecma_6/LexicalEnvironment/const-declaration-in-for-loop.js
js/src/tests/ecma_6/LexicalEnvironment/eval-has-lexical-environment.js
js/src/tests/ecma_6/LexicalEnvironment/for-loop-with-bindings-added-at-runtime.js
js/src/tests/ecma_6/LexicalEnvironment/for-loop.js
js/src/tests/ecma_6/LexicalEnvironment/shell.js
js/src/tests/ecma_6/LexicalEnvironment/unscopables-basics.js
js/src/tests/ecma_6/LexicalEnvironment/unscopables-closures.js
js/src/tests/ecma_6/LexicalEnvironment/unscopables-const.js
js/src/tests/ecma_6/LexicalEnvironment/unscopables-delete.js
js/src/tests/ecma_6/LexicalEnvironment/unscopables-getters.js
js/src/tests/ecma_6/LexicalEnvironment/unscopables-global.js
js/src/tests/ecma_6/LexicalEnvironment/unscopables-ignored.js
js/src/tests/ecma_6/LexicalEnvironment/unscopables-miss.js
js/src/tests/ecma_6/LexicalEnvironment/unscopables-mutation-frozen.js
js/src/tests/ecma_6/LexicalEnvironment/unscopables-mutation.js
js/src/tests/ecma_6/LexicalEnvironment/unscopables-proto.js
js/src/tests/ecma_6/LexicalEnvironment/unscopables-proxy.js
js/src/tests/ecma_6/LexicalEnvironment/unscopables-strict.js
js/src/tests/ecma_6/LexicalEnvironment/unscopables-tdz.js
js/src/tests/ecma_6/LexicalEnvironment/with-global-ignores-global-let-variables.js
js/src/tests/ecma_6/Map/NaN-as-key.js
js/src/tests/ecma_6/Map/browser.js
js/src/tests/ecma_6/Map/forEach-selfhosted-behavior.js
js/src/tests/ecma_6/Map/iterable.js
js/src/tests/ecma_6/Map/shell.js
js/src/tests/ecma_6/Map/symbols.js
js/src/tests/ecma_6/Math/20.2.2.ToNumber.js
js/src/tests/ecma_6/Math/acosh-approx.js
js/src/tests/ecma_6/Math/acosh-exact.js
js/src/tests/ecma_6/Math/asinh-approx.js
js/src/tests/ecma_6/Math/asinh-exact.js
js/src/tests/ecma_6/Math/atanh-approx.js
js/src/tests/ecma_6/Math/atanh-exact.js
js/src/tests/ecma_6/Math/browser.js
js/src/tests/ecma_6/Math/cbrt-approx.js
js/src/tests/ecma_6/Math/cbrt-exact.js
js/src/tests/ecma_6/Math/clz32.js
js/src/tests/ecma_6/Math/cosh-approx.js
js/src/tests/ecma_6/Math/cosh-exact.js
js/src/tests/ecma_6/Math/expm1-approx.js
js/src/tests/ecma_6/Math/expm1-exact.js
js/src/tests/ecma_6/Math/fround.js
js/src/tests/ecma_6/Math/log10-approx.js
js/src/tests/ecma_6/Math/log10-exact.js
js/src/tests/ecma_6/Math/log1p-approx.js
js/src/tests/ecma_6/Math/log1p-exact.js
js/src/tests/ecma_6/Math/log2-approx.js
js/src/tests/ecma_6/Math/log2-exact.js
js/src/tests/ecma_6/Math/shell.js
js/src/tests/ecma_6/Math/sign.js
js/src/tests/ecma_6/Math/sinh-approx.js
js/src/tests/ecma_6/Math/sinh-exact.js
js/src/tests/ecma_6/Math/tanh-approx.js
js/src/tests/ecma_6/Math/tanh-exact.js
js/src/tests/ecma_6/Math/trunc.js
js/src/tests/ecma_6/Number/15.7.3.7-EPSILON.js
js/src/tests/ecma_6/Number/20.1.2.10-MIN_SAFE_INTEGER.js
js/src/tests/ecma_6/Number/20.1.2.6-MAX_SAFE_INTEGER.js
js/src/tests/ecma_6/Number/ToNumber.js
js/src/tests/ecma_6/Number/browser.js
js/src/tests/ecma_6/Number/isSafeInteger-01.js
js/src/tests/ecma_6/Number/parseFloat-01.js
js/src/tests/ecma_6/Number/parseInt-01.js
js/src/tests/ecma_6/Number/parseInt-default-to-decimal.js
js/src/tests/ecma_6/Number/shell.js
js/src/tests/ecma_6/Object/accessor-arguments-rest.js
js/src/tests/ecma_6/Object/accessor-non-constructor.js
js/src/tests/ecma_6/Object/assign.js
js/src/tests/ecma_6/Object/browser.js
js/src/tests/ecma_6/Object/bug-1150906.js
js/src/tests/ecma_6/Object/bug-1206700.js
js/src/tests/ecma_6/Object/defineProperty-proxy.js
js/src/tests/ecma_6/Object/destructuring-shorthand-defaults.js
js/src/tests/ecma_6/Object/duplProps.js
js/src/tests/ecma_6/Object/freeze-proxy.js
js/src/tests/ecma_6/Object/freeze.js
js/src/tests/ecma_6/Object/getOwnPropertyDescriptor.js
js/src/tests/ecma_6/Object/getOwnPropertySymbols-proxy.js
js/src/tests/ecma_6/Object/getOwnPropertySymbols.js
js/src/tests/ecma_6/Object/getPrototypeOf.js
js/src/tests/ecma_6/Object/isExtensible.js
js/src/tests/ecma_6/Object/isFrozen.js
js/src/tests/ecma_6/Object/isSealed.js
js/src/tests/ecma_6/Object/keys.js
js/src/tests/ecma_6/Object/method-non-constructor.js
js/src/tests/ecma_6/Object/preventExtensions-proxy.js
js/src/tests/ecma_6/Object/preventExtensions.js
js/src/tests/ecma_6/Object/property-descriptor-order.js
js/src/tests/ecma_6/Object/propertyIsEnumerable-proxy.js
js/src/tests/ecma_6/Object/seal-proxy.js
js/src/tests/ecma_6/Object/seal.js
js/src/tests/ecma_6/Object/shell.js
js/src/tests/ecma_6/Object/toLocaleString.js
js/src/tests/ecma_6/Object/toPrimitive-callers.js
js/src/tests/ecma_6/Object/toPrimitive.js
js/src/tests/ecma_6/Proxy/global-receiver.js
js/src/tests/ecma_6/Proxy/json-stringify-replacer-array-revocable-proxy.js
js/src/tests/ecma_6/Proxy/ownkeys-allowed-types.js
js/src/tests/ecma_6/Proxy/proxy-__proto__.js
js/src/tests/ecma_6/Proxy/proxy-constructNonObject.js
js/src/tests/ecma_6/Proxy/proxy-no-receiver-overwrite.js
js/src/tests/ecma_6/Proxy/proxy-with-revoked-arguments.js
js/src/tests/ecma_6/Proxy/regress-bug1037770.js
js/src/tests/ecma_6/Proxy/regress-bug950407.js
js/src/tests/ecma_6/Proxy/revocable-proxy-prototype.js
js/src/tests/ecma_6/Proxy/revoke-as-side-effect.js
js/src/tests/ecma_6/Proxy/shell.js
js/src/tests/ecma_6/Reflect/apply.js
js/src/tests/ecma_6/Reflect/argumentsList.js
js/src/tests/ecma_6/Reflect/browser.js
js/src/tests/ecma_6/Reflect/construct.js
js/src/tests/ecma_6/Reflect/defineProperty.js
js/src/tests/ecma_6/Reflect/deleteProperty.js
js/src/tests/ecma_6/Reflect/get.js
js/src/tests/ecma_6/Reflect/getOwnPropertyDescriptor.js
js/src/tests/ecma_6/Reflect/getPrototypeOf.js
js/src/tests/ecma_6/Reflect/has.js
js/src/tests/ecma_6/Reflect/isExtensible.js
js/src/tests/ecma_6/Reflect/ownKeys.js
js/src/tests/ecma_6/Reflect/preventExtensions.js
js/src/tests/ecma_6/Reflect/propertyKeys.js
js/src/tests/ecma_6/Reflect/set.js
js/src/tests/ecma_6/Reflect/setPrototypeOf.js
js/src/tests/ecma_6/Reflect/shell.js
js/src/tests/ecma_6/Reflect/surfaces.js
js/src/tests/ecma_6/Reflect/target.js
js/src/tests/ecma_6/RegExp/browser.js
js/src/tests/ecma_6/RegExp/class-null.js
js/src/tests/ecma_6/RegExp/constructor-IsRegExp.js
js/src/tests/ecma_6/RegExp/constructor-constructor.js
js/src/tests/ecma_6/RegExp/constructor-ordering-2.js
js/src/tests/ecma_6/RegExp/constructor-ordering.js
js/src/tests/ecma_6/RegExp/constructor-regexp.js
js/src/tests/ecma_6/RegExp/descriptor.js
js/src/tests/ecma_6/RegExp/escape.js
js/src/tests/ecma_6/RegExp/flag-accessors.js
js/src/tests/ecma_6/RegExp/flags-param-handling.js
js/src/tests/ecma_6/RegExp/flags.js
js/src/tests/ecma_6/RegExp/lastIndex-nonwritable.js
js/src/tests/ecma_6/RegExp/shell.js
js/src/tests/ecma_6/RegExp/source.js
js/src/tests/ecma_6/RegExp/sticky.js
js/src/tests/ecma_6/RegExp/toString.js
js/src/tests/ecma_6/RegExp/unicode-back-reference.js
js/src/tests/ecma_6/RegExp/unicode-braced.js
js/src/tests/ecma_6/RegExp/unicode-character-class-escape.js
js/src/tests/ecma_6/RegExp/unicode-class-braced.js
js/src/tests/ecma_6/RegExp/unicode-class-empty.js
js/src/tests/ecma_6/RegExp/unicode-class-ignoreCase.js
js/src/tests/ecma_6/RegExp/unicode-class-lead-trail.js
js/src/tests/ecma_6/RegExp/unicode-class-negated.js
js/src/tests/ecma_6/RegExp/unicode-class-range.js
js/src/tests/ecma_6/RegExp/unicode-class-raw.js
js/src/tests/ecma_6/RegExp/unicode-disallow-extended.js
js/src/tests/ecma_6/RegExp/unicode-everything.js
js/src/tests/ecma_6/RegExp/unicode-ignoreCase-ascii.js
js/src/tests/ecma_6/RegExp/unicode-ignoreCase-escape.js
js/src/tests/ecma_6/RegExp/unicode-ignoreCase-negated.js
js/src/tests/ecma_6/RegExp/unicode-ignoreCase.js
js/src/tests/ecma_6/RegExp/unicode-index.js
js/src/tests/ecma_6/RegExp/unicode-lead-trail.js
js/src/tests/ecma_6/RegExp/unicode-raw.js
js/src/tests/ecma_6/Set/NaN-as-key.js
js/src/tests/ecma_6/Set/browser.js
js/src/tests/ecma_6/Set/forEach-selfhosted-behavior.js
js/src/tests/ecma_6/Set/shell.js
js/src/tests/ecma_6/Set/symbols.js
js/src/tests/ecma_6/Statements/arrow-function-in-for-statement-head.js
js/src/tests/ecma_6/Statements/browser.js
js/src/tests/ecma_6/Statements/for-in-with-declaration.js
js/src/tests/ecma_6/Statements/for-in-with-destructuring-assignments.js
js/src/tests/ecma_6/Statements/for-inof-name-iteration-expression-contains-index-string.js
js/src/tests/ecma_6/Statements/for-of-var-with-initializer.js
js/src/tests/ecma_6/Statements/if-constant-folding.js
js/src/tests/ecma_6/Statements/shell.js
js/src/tests/ecma_6/Statements/try-completion.js
js/src/tests/ecma_6/String/AdvanceStringIndex.js
js/src/tests/ecma_6/String/IsRegExp.js
js/src/tests/ecma_6/String/browser.js
js/src/tests/ecma_6/String/codePointAt.js
js/src/tests/ecma_6/String/fromCodePoint.js
js/src/tests/ecma_6/String/iterator_edge_cases.js
js/src/tests/ecma_6/String/make-normalize-generateddata-input.py
js/src/tests/ecma_6/String/normalize-form-non-atom.js
js/src/tests/ecma_6/String/normalize-generateddata-input.js
js/src/tests/ecma_6/String/normalize-generateddata-part0.js
js/src/tests/ecma_6/String/normalize-generateddata-part1-not-listed.js
js/src/tests/ecma_6/String/normalize-generateddata-part1.js
js/src/tests/ecma_6/String/normalize-generateddata-part2.js
js/src/tests/ecma_6/String/normalize-generateddata-part3.js
js/src/tests/ecma_6/String/normalize-generic.js
js/src/tests/ecma_6/String/normalize-parameter.js
js/src/tests/ecma_6/String/normalize-rope.js
js/src/tests/ecma_6/String/raw.js
js/src/tests/ecma_6/String/shell.js
js/src/tests/ecma_6/String/unicode-braced.js
js/src/tests/ecma_6/Symbol/as-base-value.js
js/src/tests/ecma_6/Symbol/browser.js
js/src/tests/ecma_6/Symbol/comparisons.js
js/src/tests/ecma_6/Symbol/constructor.js
js/src/tests/ecma_6/Symbol/conversions.js
js/src/tests/ecma_6/Symbol/enumeration-order.js
js/src/tests/ecma_6/Symbol/enumeration.js
js/src/tests/ecma_6/Symbol/equality.js
js/src/tests/ecma_6/Symbol/errors.js
js/src/tests/ecma_6/Symbol/for-in-order.js
js/src/tests/ecma_6/Symbol/for.js
js/src/tests/ecma_6/Symbol/json-stringify-keys.js
js/src/tests/ecma_6/Symbol/json-stringify-values.js
js/src/tests/ecma_6/Symbol/keyFor.js
js/src/tests/ecma_6/Symbol/property-accessor.js
js/src/tests/ecma_6/Symbol/property-basics.js
js/src/tests/ecma_6/Symbol/property-inheritance.js
js/src/tests/ecma_6/Symbol/property-nonwritable.js
js/src/tests/ecma_6/Symbol/property-reflection.js
js/src/tests/ecma_6/Symbol/realms.js
js/src/tests/ecma_6/Symbol/shell.js
js/src/tests/ecma_6/Symbol/species.js
js/src/tests/ecma_6/Symbol/surfaces.js
js/src/tests/ecma_6/Symbol/toPrimitive.js
js/src/tests/ecma_6/Symbol/toString.js
js/src/tests/ecma_6/Symbol/toStringTag.js
js/src/tests/ecma_6/Symbol/typed-arrays.js
js/src/tests/ecma_6/Symbol/typeof.js
js/src/tests/ecma_6/Symbol/valueOf.js
js/src/tests/ecma_6/Symbol/well-known.js
js/src/tests/ecma_6/Syntax/browser.js
js/src/tests/ecma_6/Syntax/keyword-unescaped-requirement.js
js/src/tests/ecma_6/Syntax/shell.js
js/src/tests/ecma_6/TemplateStrings/browser.js
js/src/tests/ecma_6/TemplateStrings/debugLineNumber.js
js/src/tests/ecma_6/TemplateStrings/noSubst.js
js/src/tests/ecma_6/TemplateStrings/shell.js
js/src/tests/ecma_6/TemplateStrings/tagTempl.js
js/src/tests/ecma_6/TemplateStrings/templLit.js
js/src/tests/ecma_6/TypedArray/browser.js
js/src/tests/ecma_6/TypedArray/constructor-non-detached.js
js/src/tests/ecma_6/TypedArray/constructor-not-callable.js
js/src/tests/ecma_6/TypedArray/element-setting-converts-using-ToNumber.js
js/src/tests/ecma_6/TypedArray/entries.js
js/src/tests/ecma_6/TypedArray/every-and-some.js
js/src/tests/ecma_6/TypedArray/fill.js
js/src/tests/ecma_6/TypedArray/find-and-findIndex.js
js/src/tests/ecma_6/TypedArray/forEach.js
js/src/tests/ecma_6/TypedArray/from_basics.js
js/src/tests/ecma_6/TypedArray/from_constructor.js
js/src/tests/ecma_6/TypedArray/from_errors.js
js/src/tests/ecma_6/TypedArray/from_iterable.js
js/src/tests/ecma_6/TypedArray/from_mapping.js
js/src/tests/ecma_6/TypedArray/from_proxy.js
js/src/tests/ecma_6/TypedArray/from_realms.js
js/src/tests/ecma_6/TypedArray/from_string.js
js/src/tests/ecma_6/TypedArray/from_surfaces.js
js/src/tests/ecma_6/TypedArray/from_this.js
js/src/tests/ecma_6/TypedArray/has-property-op.js
js/src/tests/ecma_6/TypedArray/includes.js
js/src/tests/ecma_6/TypedArray/indexOf-and-lastIndexOf.js
js/src/tests/ecma_6/TypedArray/join.js
js/src/tests/ecma_6/TypedArray/keys.js
js/src/tests/ecma_6/TypedArray/map-and-filter.js
js/src/tests/ecma_6/TypedArray/object-defineproperty.js
js/src/tests/ecma_6/TypedArray/of.js
js/src/tests/ecma_6/TypedArray/prototype-constructor-identity.js
js/src/tests/ecma_6/TypedArray/reduce-and-reduceRight.js
js/src/tests/ecma_6/TypedArray/reverse.js
js/src/tests/ecma_6/TypedArray/seal-and-freeze.js
js/src/tests/ecma_6/TypedArray/set-negative-offset.js
js/src/tests/ecma_6/TypedArray/set-same-buffer-different-source-target-types.js
js/src/tests/ecma_6/TypedArray/shell.js
js/src/tests/ecma_6/TypedArray/slice.js
js/src/tests/ecma_6/TypedArray/uint8clamped-constructor.js
js/src/tests/ecma_6/TypedArray/values.js
js/src/tests/ecma_6/WeakMap/browser.js
js/src/tests/ecma_6/WeakMap/shell.js
js/src/tests/ecma_6/WeakMap/symbols.js
js/src/tests/ecma_6/browser.js
js/src/tests/ecma_6/extensions/ArrayBuffer-slice-arguments-neutering.js
js/src/tests/ecma_6/extensions/DataView-construct-arguments-neutering.js
js/src/tests/ecma_6/extensions/DataView-set-arguments-neutering.js
js/src/tests/ecma_6/extensions/TypedArray-set-object-funky-length-neuters.js
js/src/tests/ecma_6/extensions/TypedArray-subarray-arguments-neutering.js
js/src/tests/ecma_6/extensions/browser.js
js/src/tests/ecma_6/extensions/element-setting-ToNumber-neuters.js
js/src/tests/ecma_6/extensions/for-in-with-assignments.js
js/src/tests/ecma_6/extensions/for-loop-with-lexical-declaration-and-nested-function-statement.js
js/src/tests/ecma_6/extensions/indirect-proxy-preventExtensions-error-realm.js
js/src/tests/ecma_6/extensions/keyword-unescaped-requirement-modules.js
js/src/tests/ecma_6/extensions/keyword-unescaped-requirement.js
js/src/tests/ecma_6/extensions/new-cross-compartment.js
js/src/tests/ecma_6/extensions/setImmutablePrototype.js
js/src/tests/ecma_6/extensions/shell.js
js/src/tests/ecma_6/shell.js
js/src/tests/ecma_6/toLength.js
js/src/tests/ecma_7/Array/browser.js
js/src/tests/ecma_7/Array/includes.js
js/src/tests/ecma_7/Array/shell.js
js/src/tests/ecma_7/AsyncFunctions/104_basic.js
js/src/tests/ecma_7/AsyncFunctions/property.js
js/src/tests/ecma_7/AsyncFunctions/shell.js
js/src/tests/ecma_7/Math/Pow.js
js/src/tests/ecma_7/Math/shell.js
js/src/tests/ecma_7/Object/browser.js
js/src/tests/ecma_7/Object/entries.js
js/src/tests/ecma_7/Object/shell.js
js/src/tests/ecma_7/Object/values.js
js/src/tests/ecma_7/SIMD/ToSource.js
js/src/tests/ecma_7/SIMD/binary-operations.js
js/src/tests/ecma_7/SIMD/bug1023145.js
js/src/tests/ecma_7/SIMD/bug953270.js
js/src/tests/ecma_7/SIMD/check.js
js/src/tests/ecma_7/SIMD/comparisons.js
js/src/tests/ecma_7/SIMD/constructors.js
js/src/tests/ecma_7/SIMD/conversions.js
js/src/tests/ecma_7/SIMD/float64x2-arithmetic.js
js/src/tests/ecma_7/SIMD/load.js
js/src/tests/ecma_7/SIMD/minmax.js
js/src/tests/ecma_7/SIMD/replaceLane.js
js/src/tests/ecma_7/SIMD/select-bitselect.js
js/src/tests/ecma_7/SIMD/shell.js
js/src/tests/ecma_7/SIMD/shifts.js
js/src/tests/ecma_7/SIMD/signmask.js
js/src/tests/ecma_7/SIMD/splat.js
js/src/tests/ecma_7/SIMD/store.js
js/src/tests/ecma_7/SIMD/swizzle-shuffle.js
js/src/tests/ecma_7/SIMD/typedobjects.js
js/src/tests/ecma_7/SIMD/unary-operations.js
js/src/tests/ecma_7/String/shell.js
js/src/tests/ecma_7/String/string-pad-start-end.js
js/src/tests/ecma_7/TypedObject/architecture.js
js/src/tests/ecma_7/TypedObject/arraybuffer_isview.js
js/src/tests/ecma_7/TypedObject/arrayequiv.js
js/src/tests/ecma_7/TypedObject/arrayofstructs.js
js/src/tests/ecma_7/TypedObject/arraytype.js
js/src/tests/ecma_7/TypedObject/arrayzerolen.js
js/src/tests/ecma_7/TypedObject/atopbuffer.js
js/src/tests/ecma_7/TypedObject/atopbufferwithoffset.js
js/src/tests/ecma_7/TypedObject/map-neutered-midway.js
js/src/tests/ecma_7/TypedObject/memory.js
js/src/tests/ecma_7/TypedObject/method_build.js
js/src/tests/ecma_7/TypedObject/method_filter.js
js/src/tests/ecma_7/TypedObject/method_from.js
js/src/tests/ecma_7/TypedObject/method_map.js
js/src/tests/ecma_7/TypedObject/method_reduce.js
js/src/tests/ecma_7/TypedObject/numerictypes.js
js/src/tests/ecma_7/TypedObject/objecttype.js
js/src/tests/ecma_7/TypedObject/redimension.js
js/src/tests/ecma_7/TypedObject/referencetypealiasing.js
js/src/tests/ecma_7/TypedObject/referencetypecoercions.js
js/src/tests/ecma_7/TypedObject/referencetypemultiple.js
js/src/tests/ecma_7/TypedObject/referencetypetrace.js
js/src/tests/ecma_7/TypedObject/referencetypeuninit.js
js/src/tests/ecma_7/TypedObject/scalar_types.js
js/src/tests/ecma_7/TypedObject/shell.js
js/src/tests/ecma_7/TypedObject/simpleequiv.js
js/src/tests/ecma_7/TypedObject/size_and_alignment.js
js/src/tests/ecma_7/TypedObject/storageopaque.js
js/src/tests/ecma_7/TypedObject/structequiv.js
js/src/tests/ecma_7/TypedObject/structtypeenumerate.js
js/src/tests/ecma_7/TypedObject/structtypegetownproperty.js
js/src/tests/ecma_7/TypedObject/structtypeindexedfields.js
js/src/tests/ecma_7/TypedObject/structtypeprototype.js
js/src/tests/ecma_7/TypedObject/structtypereflection.js
js/src/tests/ecma_7/TypedObject/structtypestructuralassign.js
js/src/tests/ecma_7/browser.js
js/src/tests/ecma_7/shell.js
js/src/tests/function-arguments-caller-changes.diff
js/src/tests/js-test-driver-begin.js
js/src/tests/js-test-driver-end.js
js/src/tests/js1_1/README
js/src/tests/js1_1/browser.js
js/src/tests/js1_1/jsref.js
js/src/tests/js1_1/regress/browser.js
js/src/tests/js1_1/regress/function-001.js
js/src/tests/js1_1/regress/perfect.js
js/src/tests/js1_1/regress/shell.js
js/src/tests/js1_1/shell.js
js/src/tests/js1_2/Array/array_split_1.js
js/src/tests/js1_2/Array/browser.js
js/src/tests/js1_2/Array/general1.js
js/src/tests/js1_2/Array/general2.js
js/src/tests/js1_2/Array/shell.js
js/src/tests/js1_2/Array/slice.js
js/src/tests/js1_2/Array/splice1.js
js/src/tests/js1_2/Array/splice2.js
js/src/tests/js1_2/Array/tostring_1.js
js/src/tests/js1_2/Array/tostring_2.js
js/src/tests/js1_2/Objects/browser.js
js/src/tests/js1_2/Objects/shell.js
js/src/tests/js1_2/Objects/toString-001.js
js/src/tests/js1_2/README
js/src/tests/js1_2/String/browser.js
js/src/tests/js1_2/String/charCodeAt.js
js/src/tests/js1_2/String/concat.js
js/src/tests/js1_2/String/match.js
js/src/tests/js1_2/String/shell.js
js/src/tests/js1_2/String/slice.js
js/src/tests/js1_2/browser.js
js/src/tests/js1_2/function/Function_object.js
js/src/tests/js1_2/function/Number.js
js/src/tests/js1_2/function/String.js
js/src/tests/js1_2/function/browser.js
js/src/tests/js1_2/function/definition-1.js
js/src/tests/js1_2/function/function-001-n.js
js/src/tests/js1_2/function/length.js
js/src/tests/js1_2/function/nesting-1.js
js/src/tests/js1_2/function/nesting.js
js/src/tests/js1_2/function/regexparg-1.js
js/src/tests/js1_2/function/regexparg-2-n.js
js/src/tests/js1_2/function/shell.js
js/src/tests/js1_2/function/tostring-1.js
js/src/tests/js1_2/function/tostring-2.js
js/src/tests/js1_2/jsref.js
js/src/tests/js1_2/operator/browser.js
js/src/tests/js1_2/operator/equality.js
js/src/tests/js1_2/operator/shell.js
js/src/tests/js1_2/operator/strictEquality.js
js/src/tests/js1_2/regexp/RegExp_dollar_number.js
js/src/tests/js1_2/regexp/RegExp_lastIndex.js
js/src/tests/js1_2/regexp/RegExp_lastMatch.js
js/src/tests/js1_2/regexp/RegExp_lastMatch_as_array.js
js/src/tests/js1_2/regexp/RegExp_lastParen.js
js/src/tests/js1_2/regexp/RegExp_lastParen_as_array.js
js/src/tests/js1_2/regexp/RegExp_leftContext.js
js/src/tests/js1_2/regexp/RegExp_leftContext_as_array.js
js/src/tests/js1_2/regexp/RegExp_multiline.js
js/src/tests/js1_2/regexp/RegExp_multiline_as_array.js
js/src/tests/js1_2/regexp/RegExp_object.js
js/src/tests/js1_2/regexp/RegExp_rightContext.js
js/src/tests/js1_2/regexp/RegExp_rightContext_as_array.js
js/src/tests/js1_2/regexp/alphanumeric.js
js/src/tests/js1_2/regexp/asterisk.js
js/src/tests/js1_2/regexp/backslash.js
js/src/tests/js1_2/regexp/backspace.js
js/src/tests/js1_2/regexp/beginLine.js
js/src/tests/js1_2/regexp/browser.js
js/src/tests/js1_2/regexp/character_class.js
js/src/tests/js1_2/regexp/compile.js
js/src/tests/js1_2/regexp/control_characters.js
js/src/tests/js1_2/regexp/digit.js
js/src/tests/js1_2/regexp/dot.js
js/src/tests/js1_2/regexp/endLine.js
js/src/tests/js1_2/regexp/everything.js
js/src/tests/js1_2/regexp/exec.js
js/src/tests/js1_2/regexp/flags.js
js/src/tests/js1_2/regexp/global.js
js/src/tests/js1_2/regexp/hexadecimal.js
js/src/tests/js1_2/regexp/ignoreCase.js
js/src/tests/js1_2/regexp/interval.js
js/src/tests/js1_2/regexp/octal.js
js/src/tests/js1_2/regexp/parentheses.js
js/src/tests/js1_2/regexp/plus.js
js/src/tests/js1_2/regexp/question_mark.js
js/src/tests/js1_2/regexp/regress-6359.js
js/src/tests/js1_2/regexp/regress-9141.js
js/src/tests/js1_2/regexp/shell.js
js/src/tests/js1_2/regexp/simple_form.js
js/src/tests/js1_2/regexp/source.js
js/src/tests/js1_2/regexp/special_characters.js
js/src/tests/js1_2/regexp/string_replace.js
js/src/tests/js1_2/regexp/string_search.js
js/src/tests/js1_2/regexp/string_split.js
js/src/tests/js1_2/regexp/test.js
js/src/tests/js1_2/regexp/toString.js
js/src/tests/js1_2/regexp/vertical_bar.js
js/src/tests/js1_2/regexp/whitespace.js
js/src/tests/js1_2/regexp/word_boundary.js
js/src/tests/js1_2/regress/browser.js
js/src/tests/js1_2/regress/regress-144834.js
js/src/tests/js1_2/regress/regress-7703.js
js/src/tests/js1_2/regress/shell.js
js/src/tests/js1_2/shell.js
js/src/tests/js1_2/statements/break.js
js/src/tests/js1_2/statements/browser.js
js/src/tests/js1_2/statements/continue.js
js/src/tests/js1_2/statements/do_while.js
js/src/tests/js1_2/statements/shell.js
js/src/tests/js1_2/statements/switch.js
js/src/tests/js1_2/statements/switch2.js
js/src/tests/js1_2/version120/boolean-001.js
js/src/tests/js1_2/version120/browser.js
js/src/tests/js1_2/version120/regress-99663.js
js/src/tests/js1_2/version120/shell.js
js/src/tests/js1_3/Boolean/boolean-001.js
js/src/tests/js1_3/Boolean/browser.js
js/src/tests/js1_3/Boolean/shell.js
js/src/tests/js1_3/README
js/src/tests/js1_3/Script/browser.js
js/src/tests/js1_3/Script/delete-001.js
js/src/tests/js1_3/Script/function-001-n.js
js/src/tests/js1_3/Script/function-002.js
js/src/tests/js1_3/Script/in-001.js
js/src/tests/js1_3/Script/new-001.js
js/src/tests/js1_3/Script/shell.js
js/src/tests/js1_3/Script/switch-001.js
js/src/tests/js1_3/browser.js
js/src/tests/js1_3/extensions/browser.js
js/src/tests/js1_3/extensions/proto_10.js
js/src/tests/js1_3/extensions/proto_2.js
js/src/tests/js1_3/extensions/proto_5.js
js/src/tests/js1_3/extensions/script-001.js
js/src/tests/js1_3/extensions/shell.js
js/src/tests/js1_3/inherit/browser.js
js/src/tests/js1_3/inherit/proto_1.js
js/src/tests/js1_3/inherit/proto_10.js
js/src/tests/js1_3/inherit/proto_11.js
js/src/tests/js1_3/inherit/proto_12.js
js/src/tests/js1_3/inherit/proto_3.js
js/src/tests/js1_3/inherit/proto_4.js
js/src/tests/js1_3/inherit/proto_6.js
js/src/tests/js1_3/inherit/proto_7.js
js/src/tests/js1_3/inherit/proto_8.js
js/src/tests/js1_3/inherit/proto_9.js
js/src/tests/js1_3/inherit/shell.js
js/src/tests/js1_3/jsref.js
js/src/tests/js1_3/misc/browser.js
js/src/tests/js1_3/misc/shell.js
js/src/tests/js1_3/regress/browser.js
js/src/tests/js1_3/regress/delete-001.js
js/src/tests/js1_3/regress/function-001-n.js
js/src/tests/js1_3/regress/function-002.js
js/src/tests/js1_3/regress/in-001.js
js/src/tests/js1_3/regress/new-001.js
js/src/tests/js1_3/regress/shell.js
js/src/tests/js1_3/regress/switch-001.js
js/src/tests/js1_3/shell.js
js/src/tests/js1_4/Eval/browser.js
js/src/tests/js1_4/Eval/eval-001.js
js/src/tests/js1_4/Eval/eval-002.js
js/src/tests/js1_4/Eval/eval-003.js
js/src/tests/js1_4/Eval/regress-531682.js
js/src/tests/js1_4/Eval/shell.js
js/src/tests/js1_4/Functions/browser.js
js/src/tests/js1_4/Functions/function-001.js
js/src/tests/js1_4/Functions/shell.js
js/src/tests/js1_4/README
js/src/tests/js1_4/Regress/browser.js
js/src/tests/js1_4/Regress/function-001.js
js/src/tests/js1_4/Regress/function-002.js
js/src/tests/js1_4/Regress/function-003.js
js/src/tests/js1_4/Regress/function-004-n.js
js/src/tests/js1_4/Regress/regress-7224.js
js/src/tests/js1_4/Regress/shell.js
js/src/tests/js1_4/Regress/toString-001-n.js
js/src/tests/js1_4/browser.js
js/src/tests/js1_4/jsref.js
js/src/tests/js1_4/shell.js
js/src/tests/js1_5/Array/11.1.4.js
js/src/tests/js1_5/Array/array-001.js
js/src/tests/js1_5/Array/browser.js
js/src/tests/js1_5/Array/regress-101964.js
js/src/tests/js1_5/Array/regress-107138.js
js/src/tests/js1_5/Array/regress-108440.js
js/src/tests/js1_5/Array/regress-154338.js
js/src/tests/js1_5/Array/regress-157652.js
js/src/tests/js1_5/Array/regress-178722.js
js/src/tests/js1_5/Array/regress-255555.js
js/src/tests/js1_5/Array/regress-299644.js
js/src/tests/js1_5/Array/regress-300858.js
js/src/tests/js1_5/Array/regress-310351.js
js/src/tests/js1_5/Array/regress-311515.js
js/src/tests/js1_5/Array/regress-313153.js
js/src/tests/js1_5/Array/regress-315509-01.js
js/src/tests/js1_5/Array/regress-330812.js
js/src/tests/js1_5/Array/regress-345961.js
js/src/tests/js1_5/Array/regress-348810.js
js/src/tests/js1_5/Array/regress-350256-01.js
js/src/tests/js1_5/Array/regress-350256-02.js
js/src/tests/js1_5/Array/regress-360681-01.js
js/src/tests/js1_5/Array/regress-360681-02.js
js/src/tests/js1_5/Array/regress-364104.js
js/src/tests/js1_5/Array/regress-422286.js
js/src/tests/js1_5/Array/regress-424954.js
js/src/tests/js1_5/Array/regress-451483.js
js/src/tests/js1_5/Array/regress-451906.js
js/src/tests/js1_5/Array/regress-456845.js
js/src/tests/js1_5/Array/regress-465980-01.js
js/src/tests/js1_5/Array/regress-465980-02.js
js/src/tests/js1_5/Array/regress-474529.js
js/src/tests/js1_5/Array/regress-94257.js
js/src/tests/js1_5/Array/shell.js
js/src/tests/js1_5/Date/browser.js
js/src/tests/js1_5/Date/regress-188211.js
js/src/tests/js1_5/Date/regress-301738-01.js
js/src/tests/js1_5/Date/regress-309925-01.js
js/src/tests/js1_5/Date/regress-309925-02.js
js/src/tests/js1_5/Date/regress-346027.js
js/src/tests/js1_5/Date/regress-346363.js
js/src/tests/js1_5/Date/shell.js
js/src/tests/js1_5/Error/browser.js
js/src/tests/js1_5/Error/constructor-ordering.js
js/src/tests/js1_5/Error/regress-354246.js
js/src/tests/js1_5/Error/regress-412324.js
js/src/tests/js1_5/Error/regress-465377.js
js/src/tests/js1_5/Error/shell.js
js/src/tests/js1_5/Exceptions/browser.js
js/src/tests/js1_5/Exceptions/catchguard-002-n.js
js/src/tests/js1_5/Exceptions/catchguard-003-n.js
js/src/tests/js1_5/Exceptions/errstack-001.js
js/src/tests/js1_5/Exceptions/regress-121658.js
js/src/tests/js1_5/Exceptions/regress-123002.js
js/src/tests/js1_5/Exceptions/regress-257751.js
js/src/tests/js1_5/Exceptions/regress-273931.js
js/src/tests/js1_5/Exceptions/regress-315147.js
js/src/tests/js1_5/Exceptions/regress-332472.js
js/src/tests/js1_5/Exceptions/regress-333728.js
js/src/tests/js1_5/Exceptions/regress-342359.js
js/src/tests/js1_5/Exceptions/regress-347674.js
js/src/tests/js1_5/Exceptions/regress-350650-n.js
js/src/tests/js1_5/Exceptions/regress-350837.js
js/src/tests/js1_5/Exceptions/shell.js
js/src/tests/js1_5/Expressions/browser.js
js/src/tests/js1_5/Expressions/regress-192288.js
js/src/tests/js1_5/Expressions/regress-394673.js
js/src/tests/js1_5/Expressions/regress-96526-argsub.js
js/src/tests/js1_5/Expressions/regress-96526-delelem.js
js/src/tests/js1_5/Expressions/regress-96526-noargsub.js
js/src/tests/js1_5/Expressions/shell.js
js/src/tests/js1_5/Function/10.1.6-01.js
js/src/tests/js1_5/Function/10.1.6.js
js/src/tests/js1_5/Function/browser.js
js/src/tests/js1_5/Function/regress-123371.js
js/src/tests/js1_5/Function/regress-178389.js
js/src/tests/js1_5/Function/regress-222029-001.js
js/src/tests/js1_5/Function/regress-222029-002.js
js/src/tests/js1_5/Function/regress-292215.js
js/src/tests/js1_5/Function/regress-338001.js
js/src/tests/js1_5/Function/regress-338121-01.js
js/src/tests/js1_5/Function/regress-338121-02.js
js/src/tests/js1_5/Function/regress-338121-03.js
js/src/tests/js1_5/Function/regress-344052.js
js/src/tests/js1_5/Function/regress-364023.js
js/src/tests/js1_5/Function/shell.js
js/src/tests/js1_5/GC/browser.js
js/src/tests/js1_5/GC/regress-104584.js
js/src/tests/js1_5/GC/regress-203278-2.js
js/src/tests/js1_5/GC/regress-203278-3.js
js/src/tests/js1_5/GC/regress-278725.js
js/src/tests/js1_5/GC/regress-306788.js
js/src/tests/js1_5/GC/regress-311497.js
js/src/tests/js1_5/GC/regress-313276.js
js/src/tests/js1_5/GC/regress-313479.js
js/src/tests/js1_5/GC/regress-316885-01.js
js/src/tests/js1_5/GC/regress-316885-02.js
js/src/tests/js1_5/GC/regress-316885-03.js
js/src/tests/js1_5/GC/regress-319980-01.js
js/src/tests/js1_5/GC/regress-324278.js
js/src/tests/js1_5/GC/regress-331719.js
js/src/tests/js1_5/GC/regress-338653.js
js/src/tests/js1_5/GC/regress-341877-01.js
js/src/tests/js1_5/GC/regress-341877-02.js
js/src/tests/js1_5/GC/regress-346794.js
js/src/tests/js1_5/GC/regress-348532.js
js/src/tests/js1_5/GC/regress-352606.js
js/src/tests/js1_5/GC/regress-383269-01.js
js/src/tests/js1_5/GC/regress-383269-02.js
js/src/tests/js1_5/GC/regress-390078.js
js/src/tests/js1_5/GC/regress-418128.js
js/src/tests/js1_5/GC/regress-440558.js
js/src/tests/js1_5/GC/shell.js
js/src/tests/js1_5/GetSet/browser.js
js/src/tests/js1_5/GetSet/getset-002.js
js/src/tests/js1_5/GetSet/regress-353264.js
js/src/tests/js1_5/GetSet/regress-375976.js
js/src/tests/js1_5/GetSet/shell.js
js/src/tests/js1_5/LexicalConventions/browser.js
js/src/tests/js1_5/LexicalConventions/lexical-001.js
js/src/tests/js1_5/LexicalConventions/regress-177314.js
js/src/tests/js1_5/LexicalConventions/regress-469940.js
js/src/tests/js1_5/LexicalConventions/shell.js
js/src/tests/js1_5/Object/browser.js
js/src/tests/js1_5/Object/regress-137000.js
js/src/tests/js1_5/Object/regress-192105.js
js/src/tests/js1_5/Object/regress-308806-01.js
js/src/tests/js1_5/Object/regress-338709.js
js/src/tests/js1_5/Object/regress-362872-01.js
js/src/tests/js1_5/Object/regress-362872-02.js
js/src/tests/js1_5/Object/regress-382503.js
js/src/tests/js1_5/Object/regress-382532.js
js/src/tests/js1_5/Object/regress-465476.js
js/src/tests/js1_5/Object/regress-90596-003.js
js/src/tests/js1_5/Object/shell.js
js/src/tests/js1_5/README
js/src/tests/js1_5/Regress/browser.js
js/src/tests/js1_5/Regress/regress-102725.js
js/src/tests/js1_5/Regress/regress-10278.js
js/src/tests/js1_5/Regress/regress-104077.js
js/src/tests/js1_5/Regress/regress-106244.js
js/src/tests/js1_5/Regress/regress-110286.js
js/src/tests/js1_5/Regress/regress-111557.js
js/src/tests/js1_5/Regress/regress-114491.js
js/src/tests/js1_5/Regress/regress-114493.js
js/src/tests/js1_5/Regress/regress-115436.js
js/src/tests/js1_5/Regress/regress-116228.js
js/src/tests/js1_5/Regress/regress-118849.js
js/src/tests/js1_5/Regress/regress-119719.js
js/src/tests/js1_5/Regress/regress-127243.js
js/src/tests/js1_5/Regress/regress-127557.js
js/src/tests/js1_5/Regress/regress-131510-001.js
js/src/tests/js1_5/Regress/regress-139316.js
js/src/tests/js1_5/Regress/regress-140852.js
js/src/tests/js1_5/Regress/regress-140974.js
js/src/tests/js1_5/Regress/regress-146596.js
js/src/tests/js1_5/Regress/regress-152646.js
js/src/tests/js1_5/Regress/regress-155081-2.js
js/src/tests/js1_5/Regress/regress-155081.js
js/src/tests/js1_5/Regress/regress-156354.js
js/src/tests/js1_5/Regress/regress-159334.js
js/src/tests/js1_5/Regress/regress-162392.js
js/src/tests/js1_5/Regress/regress-165201.js
js/src/tests/js1_5/Regress/regress-167328.js
js/src/tests/js1_5/Regress/regress-167658.js
js/src/tests/js1_5/Regress/regress-168347.js
js/src/tests/js1_5/Regress/regress-170193.js
js/src/tests/js1_5/Regress/regress-172699.js
js/src/tests/js1_5/Regress/regress-173067.js
js/src/tests/js1_5/Regress/regress-174709.js
js/src/tests/js1_5/Regress/regress-176125.js
js/src/tests/js1_5/Regress/regress-179524.js
js/src/tests/js1_5/Regress/regress-185165.js
js/src/tests/js1_5/Regress/regress-191633.js
js/src/tests/js1_5/Regress/regress-191668.js
js/src/tests/js1_5/Regress/regress-192414.js
js/src/tests/js1_5/Regress/regress-193418.js
js/src/tests/js1_5/Regress/regress-203278-1.js
js/src/tests/js1_5/Regress/regress-203402.js
js/src/tests/js1_5/Regress/regress-203841.js
js/src/tests/js1_5/Regress/regress-204210.js
js/src/tests/js1_5/Regress/regress-210682.js
js/src/tests/js1_5/Regress/regress-211590.js
js/src/tests/js1_5/Regress/regress-213482.js
js/src/tests/js1_5/Regress/regress-214761.js
js/src/tests/js1_5/Regress/regress-216320.js
js/src/tests/js1_5/Regress/regress-224956.js
js/src/tests/js1_5/Regress/regress-229006.js
js/src/tests/js1_5/Regress/regress-230216-1.js
js/src/tests/js1_5/Regress/regress-230216-2.js
js/src/tests/js1_5/Regress/regress-230216-3.js
js/src/tests/js1_5/Regress/regress-233483-2.js
js/src/tests/js1_5/Regress/regress-233483.js
js/src/tests/js1_5/Regress/regress-234389.js
js/src/tests/js1_5/Regress/regress-238881.js
js/src/tests/js1_5/Regress/regress-238945.js
js/src/tests/js1_5/Regress/regress-240577.js
js/src/tests/js1_5/Regress/regress-243174.js
js/src/tests/js1_5/Regress/regress-243389-n.js
js/src/tests/js1_5/Regress/regress-243869.js
js/src/tests/js1_5/Regress/regress-244470.js
js/src/tests/js1_5/Regress/regress-244619.js
js/src/tests/js1_5/Regress/regress-245113.js
js/src/tests/js1_5/Regress/regress-245308.js
js/src/tests/js1_5/Regress/regress-246911.js
js/src/tests/js1_5/Regress/regress-246964.js
js/src/tests/js1_5/Regress/regress-247179.js
js/src/tests/js1_5/Regress/regress-248444.js
js/src/tests/js1_5/Regress/regress-249211.js
js/src/tests/js1_5/Regress/regress-252892.js
js/src/tests/js1_5/Regress/regress-253150.js
js/src/tests/js1_5/Regress/regress-254296.js
js/src/tests/js1_5/Regress/regress-254974.js
js/src/tests/js1_5/Regress/regress-256501.js
js/src/tests/js1_5/Regress/regress-256617.js
js/src/tests/js1_5/Regress/regress-256798.js
js/src/tests/js1_5/Regress/regress-259935.js
js/src/tests/js1_5/Regress/regress-260541.js
js/src/tests/js1_5/Regress/regress-261886.js
js/src/tests/js1_5/Regress/regress-261887.js
js/src/tests/js1_5/Regress/regress-271716-n.js
js/src/tests/js1_5/Regress/regress-274035.js
js/src/tests/js1_5/Regress/regress-274888.js
js/src/tests/js1_5/Regress/regress-275378.js
js/src/tests/js1_5/Regress/regress-276103.js
js/src/tests/js1_5/Regress/regress-278873.js
js/src/tests/js1_5/Regress/regress-280769-1.js
js/src/tests/js1_5/Regress/regress-280769-2.js
js/src/tests/js1_5/Regress/regress-280769-3.js
js/src/tests/js1_5/Regress/regress-280769-4.js
js/src/tests/js1_5/Regress/regress-280769-5.js
js/src/tests/js1_5/Regress/regress-280769.js
js/src/tests/js1_5/Regress/regress-281606.js
js/src/tests/js1_5/Regress/regress-281930.js
js/src/tests/js1_5/Regress/regress-283477.js
js/src/tests/js1_5/Regress/regress-288688.js
js/src/tests/js1_5/Regress/regress-289094.js
js/src/tests/js1_5/Regress/regress-290575.js
js/src/tests/js1_5/Regress/regress-290656.js
js/src/tests/js1_5/Regress/regress-294191.js
js/src/tests/js1_5/Regress/regress-294195-01.js
js/src/tests/js1_5/Regress/regress-294195-02.js
js/src/tests/js1_5/Regress/regress-294302.js
js/src/tests/js1_5/Regress/regress-295052.js
js/src/tests/js1_5/Regress/regress-295666.js
js/src/tests/js1_5/Regress/regress-299209.js
js/src/tests/js1_5/Regress/regress-299641.js
js/src/tests/js1_5/Regress/regress-303213.js
js/src/tests/js1_5/Regress/regress-306633.js
js/src/tests/js1_5/Regress/regress-306727.js
js/src/tests/js1_5/Regress/regress-306794.js
js/src/tests/js1_5/Regress/regress-308085.js
js/src/tests/js1_5/Regress/regress-308566.js
js/src/tests/js1_5/Regress/regress-310295.js
js/src/tests/js1_5/Regress/regress-310607.js
js/src/tests/js1_5/Regress/regress-310993.js
js/src/tests/js1_5/Regress/regress-311071.js
js/src/tests/js1_5/Regress/regress-311629.js
js/src/tests/js1_5/Regress/regress-312260.js
js/src/tests/js1_5/Regress/regress-31255.js
js/src/tests/js1_5/Regress/regress-312588.js
js/src/tests/js1_5/Regress/regress-314401.js
js/src/tests/js1_5/Regress/regress-315990.js
js/src/tests/js1_5/Regress/regress-317476.js
js/src/tests/js1_5/Regress/regress-317714-01.js
js/src/tests/js1_5/Regress/regress-317714-02.js
js/src/tests/js1_5/Regress/regress-319384.js
js/src/tests/js1_5/Regress/regress-319391.js
js/src/tests/js1_5/Regress/regress-320032.js
js/src/tests/js1_5/Regress/regress-320119.js
js/src/tests/js1_5/Regress/regress-321757.js
js/src/tests/js1_5/Regress/regress-321874.js
js/src/tests/js1_5/Regress/regress-321971.js
js/src/tests/js1_5/Regress/regress-322430.js
js/src/tests/js1_5/Regress/regress-323314-1.js
js/src/tests/js1_5/Regress/regress-325925.js
js/src/tests/js1_5/Regress/regress-326467.js
js/src/tests/js1_5/Regress/regress-328012.js
js/src/tests/js1_5/Regress/regress-328664.js
js/src/tests/js1_5/Regress/regress-329383.js
js/src/tests/js1_5/Regress/regress-329530.js
js/src/tests/js1_5/Regress/regress-330352.js
js/src/tests/js1_5/Regress/regress-330951.js
js/src/tests/js1_5/Regress/regress-334807-01.js
js/src/tests/js1_5/Regress/regress-334807-02.js
js/src/tests/js1_5/Regress/regress-334807-03.js
js/src/tests/js1_5/Regress/regress-334807-04.js
js/src/tests/js1_5/Regress/regress-334807-05.js
js/src/tests/js1_5/Regress/regress-334807-06.js
js/src/tests/js1_5/Regress/regress-336100.js
js/src/tests/js1_5/Regress/regress-338307.js
js/src/tests/js1_5/Regress/regress-340369.js
js/src/tests/js1_5/Regress/regress-341360.js
js/src/tests/js1_5/Regress/regress-343713.js
js/src/tests/js1_5/Regress/regress-343966.js
js/src/tests/js1_5/Regress/regress-344711-n.js
js/src/tests/js1_5/Regress/regress-344804.js
js/src/tests/js1_5/Regress/regress-344959.js
js/src/tests/js1_5/Regress/regress-346237.js
js/src/tests/js1_5/Regress/regress-346801.js
js/src/tests/js1_5/Regress/regress-349482-01.js
js/src/tests/js1_5/Regress/regress-349482-02.js
js/src/tests/js1_5/Regress/regress-349592.js
js/src/tests/js1_5/Regress/regress-350253.js
js/src/tests/js1_5/Regress/regress-350268.js
js/src/tests/js1_5/Regress/regress-350312.js
js/src/tests/js1_5/Regress/regress-350415.js
js/src/tests/js1_5/Regress/regress-350529.js
js/src/tests/js1_5/Regress/regress-350692.js
js/src/tests/js1_5/Regress/regress-351116.js
js/src/tests/js1_5/Regress/regress-351515.js
js/src/tests/js1_5/Regress/regress-352009.js
js/src/tests/js1_5/Regress/regress-352208.js
js/src/tests/js1_5/Regress/regress-352604.js
js/src/tests/js1_5/Regress/regress-354924.js
js/src/tests/js1_5/Regress/regress-355341.js
js/src/tests/js1_5/Regress/regress-355344.js
js/src/tests/js1_5/Regress/regress-355556.js
js/src/tests/js1_5/Regress/regress-355829-01.js
js/src/tests/js1_5/Regress/regress-355829-02.js
js/src/tests/js1_5/Regress/regress-355829-03.js
js/src/tests/js1_5/Regress/regress-356250.js
js/src/tests/js1_5/Regress/regress-356693.js
js/src/tests/js1_5/Regress/regress-360969-01.js
js/src/tests/js1_5/Regress/regress-360969-02.js
js/src/tests/js1_5/Regress/regress-360969-03.js
js/src/tests/js1_5/Regress/regress-360969-04.js
js/src/tests/js1_5/Regress/regress-360969-05.js
js/src/tests/js1_5/Regress/regress-360969-06.js
js/src/tests/js1_5/Regress/regress-361467.js
js/src/tests/js1_5/Regress/regress-361617.js
js/src/tests/js1_5/Regress/regress-362583.js
js/src/tests/js1_5/Regress/regress-3649-n.js
js/src/tests/js1_5/Regress/regress-366122.js
js/src/tests/js1_5/Regress/regress-366468.js
js/src/tests/js1_5/Regress/regress-366601.js
js/src/tests/js1_5/Regress/regress-367561-01.js
js/src/tests/js1_5/Regress/regress-367561-03.js
js/src/tests/js1_5/Regress/regress-372364.js
js/src/tests/js1_5/Regress/regress-379245.js
js/src/tests/js1_5/Regress/regress-383674.js
js/src/tests/js1_5/Regress/regress-383682.js
js/src/tests/js1_5/Regress/regress-385393-06.js
js/src/tests/js1_5/Regress/regress-387951-01.js
js/src/tests/js1_5/Regress/regress-387951-02.js
js/src/tests/js1_5/Regress/regress-387951-03.js
js/src/tests/js1_5/Regress/regress-39309.js
js/src/tests/js1_5/Regress/regress-396684.js
js/src/tests/js1_5/Regress/regress-398085-01.js
js/src/tests/js1_5/Regress/regress-398085-02.js
js/src/tests/js1_5/Regress/regress-398609.js
js/src/tests/js1_5/Regress/regress-404755.js
js/src/tests/js1_5/Regress/regress-406769.js
js/src/tests/js1_5/Regress/regress-407024.js
js/src/tests/js1_5/Regress/regress-407957.js
js/src/tests/js1_5/Regress/regress-410852.js
js/src/tests/js1_5/Regress/regress-416628.js
js/src/tests/js1_5/Regress/regress-416737-01.js
js/src/tests/js1_5/Regress/regress-416737-02.js
js/src/tests/js1_5/Regress/regress-417893.js
js/src/tests/js1_5/Regress/regress-418504.js
js/src/tests/js1_5/Regress/regress-418540.js
js/src/tests/js1_5/Regress/regress-419018.js
js/src/tests/js1_5/Regress/regress-419803.js
js/src/tests/js1_5/Regress/regress-420919.js
js/src/tests/js1_5/Regress/regress-422348.js
js/src/tests/js1_5/Regress/regress-424311.js
js/src/tests/js1_5/Regress/regress-425360.js
js/src/tests/js1_5/Regress/regress-426827.js
js/src/tests/js1_5/Regress/regress-428366.js
js/src/tests/js1_5/Regress/regress-438415-01.js
js/src/tests/js1_5/Regress/regress-438415-02.js
js/src/tests/js1_5/Regress/regress-440926.js
js/src/tests/js1_5/Regress/regress-449627.js
js/src/tests/js1_5/Regress/regress-449666.js
js/src/tests/js1_5/Regress/regress-450369.js
js/src/tests/js1_5/Regress/regress-450833.js
js/src/tests/js1_5/Regress/regress-451322.js
js/src/tests/js1_5/Regress/regress-451884.js
js/src/tests/js1_5/Regress/regress-451946.js
js/src/tests/js1_5/Regress/regress-452008.js
js/src/tests/js1_5/Regress/regress-452170.js
js/src/tests/js1_5/Regress/regress-452189.js
js/src/tests/js1_5/Regress/regress-452333.js
js/src/tests/js1_5/Regress/regress-452336.js
js/src/tests/js1_5/Regress/regress-452346.js
js/src/tests/js1_5/Regress/regress-452495.js
js/src/tests/js1_5/Regress/regress-452573-01.js
js/src/tests/js1_5/Regress/regress-452573-02.js
js/src/tests/js1_5/Regress/regress-452713.js
js/src/tests/js1_5/Regress/regress-452724-01.js
js/src/tests/js1_5/Regress/regress-452724-02.js
js/src/tests/js1_5/Regress/regress-452742-01.js
js/src/tests/js1_5/Regress/regress-452742-02.js
js/src/tests/js1_5/Regress/regress-452853.js
js/src/tests/js1_5/Regress/regress-452884-01.js
js/src/tests/js1_5/Regress/regress-452884-02.js
js/src/tests/js1_5/Regress/regress-453024.js
js/src/tests/js1_5/Regress/regress-453173.js
js/src/tests/js1_5/Regress/regress-453397.js
js/src/tests/js1_5/Regress/regress-453701.js
js/src/tests/js1_5/Regress/regress-453747.js
js/src/tests/js1_5/Regress/regress-454682.js
js/src/tests/js1_5/Regress/regress-454981.js
js/src/tests/js1_5/Regress/regress-455605.js
js/src/tests/js1_5/Regress/regress-455748.js
js/src/tests/js1_5/Regress/regress-455758-01.js
js/src/tests/js1_5/Regress/regress-455758-02.js
js/src/tests/js1_5/Regress/regress-455775.js
js/src/tests/js1_5/Regress/regress-456470.js
js/src/tests/js1_5/Regress/regress-456477-01.js
js/src/tests/js1_5/Regress/regress-456477-02.js
js/src/tests/js1_5/Regress/regress-456494.js
js/src/tests/js1_5/Regress/regress-456540-01.js
js/src/tests/js1_5/Regress/regress-456540-02.js
js/src/tests/js1_5/Regress/regress-457065-03.js
js/src/tests/js1_5/Regress/regress-457456.js
js/src/tests/js1_5/Regress/regress-457778.js
js/src/tests/js1_5/Regress/regress-458851.js
js/src/tests/js1_5/Regress/regress-459085.js
js/src/tests/js1_5/Regress/regress-459628.js
js/src/tests/js1_5/Regress/regress-459990.js
js/src/tests/js1_5/Regress/regress-460024.js
js/src/tests/js1_5/Regress/regress-460117.js
js/src/tests/js1_5/Regress/regress-460886-01.js
js/src/tests/js1_5/Regress/regress-460886-02.js
js/src/tests/js1_5/Regress/regress-461307.js
js/src/tests/js1_5/Regress/regress-461723.js
js/src/tests/js1_5/Regress/regress-462292.js
js/src/tests/js1_5/Regress/regress-462879.js
js/src/tests/js1_5/Regress/regress-462989.js
js/src/tests/js1_5/Regress/regress-463259.js
js/src/tests/js1_5/Regress/regress-463782.js
js/src/tests/js1_5/Regress/regress-464334.js
js/src/tests/js1_5/Regress/regress-464862.js
js/src/tests/js1_5/Regress/regress-465013.js
js/src/tests/js1_5/Regress/regress-465132.js
js/src/tests/js1_5/Regress/regress-465133.js
js/src/tests/js1_5/Regress/regress-465135.js
js/src/tests/js1_5/Regress/regress-465136.js
js/src/tests/js1_5/Regress/regress-465137.js
js/src/tests/js1_5/Regress/regress-465262.js
js/src/tests/js1_5/Regress/regress-465272.js
js/src/tests/js1_5/Regress/regress-465347.js
js/src/tests/js1_5/Regress/regress-465366.js
js/src/tests/js1_5/Regress/regress-466262.js
js/src/tests/js1_5/Regress/regress-466747.js
js/src/tests/js1_5/Regress/regress-469044.js
js/src/tests/js1_5/Regress/regress-470061.js
js/src/tests/js1_5/Regress/regress-470187-01.js
js/src/tests/js1_5/Regress/regress-470187-02.js
js/src/tests/js1_5/Regress/regress-470758-01.js
js/src/tests/js1_5/Regress/regress-470758-02.js
js/src/tests/js1_5/Regress/regress-472533.js
js/src/tests/js1_5/Regress/regress-475645-01.js
js/src/tests/js1_5/Regress/regress-475645-02.js
js/src/tests/js1_5/Regress/regress-476049.js
js/src/tests/js1_5/Regress/regress-476192.js
js/src/tests/js1_5/Regress/regress-477733.js
js/src/tests/js1_5/Regress/regress-477758.js
js/src/tests/js1_5/Regress/regress-478314.js
js/src/tests/js1_5/Regress/regress-479353.js
js/src/tests/js1_5/Regress/regress-480147.js
js/src/tests/js1_5/Regress/regress-480244.js
js/src/tests/js1_5/Regress/regress-481436.js
js/src/tests/js1_5/Regress/regress-482421.js
js/src/tests/js1_5/Regress/regress-482783.js
js/src/tests/js1_5/Regress/regress-483103.js
js/src/tests/js1_5/Regress/regress-501124.js
js/src/tests/js1_5/Regress/regress-503860.js
js/src/tests/js1_5/Regress/regress-504078.js
js/src/tests/js1_5/Regress/regress-506567.js
js/src/tests/js1_5/Regress/regress-511859.js
js/src/tests/js1_5/Regress/regress-57043.js
js/src/tests/js1_5/Regress/regress-58116.js
js/src/tests/js1_5/Regress/regress-68498-001.js
js/src/tests/js1_5/Regress/regress-68498-002.js
js/src/tests/js1_5/Regress/regress-68498-003.js
js/src/tests/js1_5/Regress/regress-68498-004.js
js/src/tests/js1_5/Regress/regress-69607.js
js/src/tests/js1_5/Regress/regress-71107.js
js/src/tests/js1_5/Regress/regress-76054.js
js/src/tests/js1_5/Regress/regress-80981.js
js/src/tests/js1_5/Regress/regress-82306.js
js/src/tests/js1_5/Regress/regress-89443.js
js/src/tests/js1_5/Regress/regress-89474.js
js/src/tests/js1_5/Regress/regress-90445.js
js/src/tests/js1_5/Regress/regress-96128-n.js
js/src/tests/js1_5/Regress/regress-96526-001.js
js/src/tests/js1_5/Regress/regress-96526-002.js
js/src/tests/js1_5/Regress/regress-96526-003.js
js/src/tests/js1_5/Regress/regress-98901.js
js/src/tests/js1_5/Regress/shell.js
js/src/tests/js1_5/Scope/browser.js
js/src/tests/js1_5/Scope/regress-154693.js
js/src/tests/js1_5/Scope/regress-181834.js
js/src/tests/js1_5/Scope/regress-184107.js
js/src/tests/js1_5/Scope/regress-185485.js
js/src/tests/js1_5/Scope/regress-191276.js
js/src/tests/js1_5/Scope/regress-192226.js
js/src/tests/js1_5/Scope/regress-202678-001.js
js/src/tests/js1_5/Scope/regress-202678-002.js
js/src/tests/js1_5/Scope/regress-208496-001.js
js/src/tests/js1_5/Scope/regress-208496-002.js
js/src/tests/js1_5/Scope/regress-220362.js
js/src/tests/js1_5/Scope/regress-446026-01.js
js/src/tests/js1_5/Scope/regress-446026-02.js
js/src/tests/js1_5/Scope/regress-77578-001.js
js/src/tests/js1_5/Scope/scope-002.js
js/src/tests/js1_5/Scope/scope-003.js
js/src/tests/js1_5/Scope/scope-004.js
js/src/tests/js1_5/Scope/shell.js
js/src/tests/js1_5/String/browser.js
js/src/tests/js1_5/String/regress-107771.js
js/src/tests/js1_5/String/regress-112626.js
js/src/tests/js1_5/String/regress-179068.js
js/src/tests/js1_5/String/replace-flags.js
js/src/tests/js1_5/String/shell.js
js/src/tests/js1_5/browser.js
js/src/tests/js1_5/extensions/browser.js
js/src/tests/js1_5/extensions/catchguard-001-n.js
js/src/tests/js1_5/extensions/catchguard-001.js
js/src/tests/js1_5/extensions/catchguard-002.js
js/src/tests/js1_5/extensions/catchguard-003.js
js/src/tests/js1_5/extensions/getset-001.js
js/src/tests/js1_5/extensions/getset-003.js
js/src/tests/js1_5/extensions/getset-004.js
js/src/tests/js1_5/extensions/getset-005.js
js/src/tests/js1_5/extensions/getset-006.js
js/src/tests/js1_5/extensions/regress-104077.js
js/src/tests/js1_5/extensions/regress-178722.js
js/src/tests/js1_5/extensions/regress-192465.js
js/src/tests/js1_5/extensions/regress-225831.js
js/src/tests/js1_5/extensions/regress-226078.js
js/src/tests/js1_5/extensions/regress-226507.js
js/src/tests/js1_5/extensions/regress-231518.js
js/src/tests/js1_5/extensions/regress-237461.js
js/src/tests/js1_5/extensions/regress-245148.js
js/src/tests/js1_5/extensions/regress-245795.js
js/src/tests/js1_5/extensions/regress-254375.js
js/src/tests/js1_5/extensions/regress-255245.js
js/src/tests/js1_5/extensions/regress-291213.js
js/src/tests/js1_5/extensions/regress-300079.js
js/src/tests/js1_5/extensions/regress-303277.js
js/src/tests/js1_5/extensions/regress-304897.js
js/src/tests/js1_5/extensions/regress-306738.js
js/src/tests/js1_5/extensions/regress-311161.js
js/src/tests/js1_5/extensions/regress-311583.js
js/src/tests/js1_5/extensions/regress-311792-01.js
js/src/tests/js1_5/extensions/regress-311792-02.js
js/src/tests/js1_5/extensions/regress-313763.js
js/src/tests/js1_5/extensions/regress-313803.js
js/src/tests/js1_5/extensions/regress-313938.js
js/src/tests/js1_5/extensions/regress-314874.js
js/src/tests/js1_5/extensions/regress-315509-02.js
js/src/tests/js1_5/extensions/regress-319683.js
js/src/tests/js1_5/extensions/regress-322957.js
js/src/tests/js1_5/extensions/regress-327608.js
js/src/tests/js1_5/extensions/regress-328443.js
js/src/tests/js1_5/extensions/regress-328556.js
js/src/tests/js1_5/extensions/regress-330569.js
js/src/tests/js1_5/extensions/regress-333541.js
js/src/tests/js1_5/extensions/regress-336409-1.js
js/src/tests/js1_5/extensions/regress-336409-2.js
js/src/tests/js1_5/extensions/regress-336410-1.js
js/src/tests/js1_5/extensions/regress-336410-2.js
js/src/tests/js1_5/extensions/regress-338804-01.js
js/src/tests/js1_5/extensions/regress-338804-02.js
js/src/tests/js1_5/extensions/regress-338804-03.js
js/src/tests/js1_5/extensions/regress-339685.js
js/src/tests/js1_5/extensions/regress-341956-01.js
js/src/tests/js1_5/extensions/regress-341956-02.js
js/src/tests/js1_5/extensions/regress-341956-03.js
js/src/tests/js1_5/extensions/regress-342960.js
js/src/tests/js1_5/extensions/regress-345967.js
js/src/tests/js1_5/extensions/regress-346494-01.js
js/src/tests/js1_5/extensions/regress-346494.js
js/src/tests/js1_5/extensions/regress-350312-01.js
js/src/tests/js1_5/extensions/regress-350312-02.js
js/src/tests/js1_5/extensions/regress-350312-03.js
js/src/tests/js1_5/extensions/regress-350531.js
js/src/tests/js1_5/extensions/regress-351102-01.js
js/src/tests/js1_5/extensions/regress-351102-02.js
js/src/tests/js1_5/extensions/regress-351102-06.js
js/src/tests/js1_5/extensions/regress-351448.js
js/src/tests/js1_5/extensions/regress-351463-01.js
js/src/tests/js1_5/extensions/regress-351973.js
js/src/tests/js1_5/extensions/regress-352281.js
js/src/tests/js1_5/extensions/regress-352291.js
js/src/tests/js1_5/extensions/regress-352372.js
js/src/tests/js1_5/extensions/regress-352604.js
js/src/tests/js1_5/extensions/regress-354297.js
js/src/tests/js1_5/extensions/regress-354541-01.js
js/src/tests/js1_5/extensions/regress-354541-02.js
js/src/tests/js1_5/extensions/regress-354541-03.js
js/src/tests/js1_5/extensions/regress-354541-04.js
js/src/tests/js1_5/extensions/regress-355339.js
js/src/tests/js1_5/extensions/regress-355497.js
js/src/tests/js1_5/extensions/regress-355622.js
js/src/tests/js1_5/extensions/regress-355655.js
js/src/tests/js1_5/extensions/regress-355820.js
js/src/tests/js1_5/extensions/regress-355982.js
js/src/tests/js1_5/extensions/regress-356402.js
js/src/tests/js1_5/extensions/regress-358594-01.js
js/src/tests/js1_5/extensions/regress-358594-02.js
js/src/tests/js1_5/extensions/regress-358594-03.js
js/src/tests/js1_5/extensions/regress-358594-04.js
js/src/tests/js1_5/extensions/regress-358594-05.js
js/src/tests/js1_5/extensions/regress-358594-06.js
js/src/tests/js1_5/extensions/regress-359024.js
js/src/tests/js1_5/extensions/regress-361346.js
js/src/tests/js1_5/extensions/regress-361360.js
js/src/tests/js1_5/extensions/regress-361552.js
js/src/tests/js1_5/extensions/regress-361558.js
js/src/tests/js1_5/extensions/regress-361571.js
js/src/tests/js1_5/extensions/regress-361856.js
js/src/tests/js1_5/extensions/regress-361964.js
js/src/tests/js1_5/extensions/regress-363258.js
js/src/tests/js1_5/extensions/regress-363988.js
js/src/tests/js1_5/extensions/regress-365527.js
js/src/tests/js1_5/extensions/regress-365692.js
js/src/tests/js1_5/extensions/regress-365869.js
js/src/tests/js1_5/extensions/regress-366288.js
js/src/tests/js1_5/extensions/regress-366292.js
js/src/tests/js1_5/extensions/regress-366396.js
js/src/tests/js1_5/extensions/regress-367118-01.js
js/src/tests/js1_5/extensions/regress-367118-02.js
js/src/tests/js1_5/extensions/regress-367119-01.js
js/src/tests/js1_5/extensions/regress-367119-02.js
js/src/tests/js1_5/extensions/regress-367120-01.js
js/src/tests/js1_5/extensions/regress-367120-02.js
js/src/tests/js1_5/extensions/regress-367121.js
js/src/tests/js1_5/extensions/regress-367501-01.js
js/src/tests/js1_5/extensions/regress-367501-02.js
js/src/tests/js1_5/extensions/regress-367501-03.js
js/src/tests/js1_5/extensions/regress-367501-04.js
js/src/tests/js1_5/extensions/regress-367589.js
js/src/tests/js1_5/extensions/regress-367923.js
js/src/tests/js1_5/extensions/regress-369404.js
js/src/tests/js1_5/extensions/regress-369696-01.js
js/src/tests/js1_5/extensions/regress-369696-02.js
js/src/tests/js1_5/extensions/regress-369696-03.js
js/src/tests/js1_5/extensions/regress-372309.js
js/src/tests/js1_5/extensions/regress-374589.js
js/src/tests/js1_5/extensions/regress-375183.js
js/src/tests/js1_5/extensions/regress-375344.js
js/src/tests/js1_5/extensions/regress-375801.js
js/src/tests/js1_5/extensions/regress-380581.js
js/src/tests/js1_5/extensions/regress-380889.js
js/src/tests/js1_5/extensions/regress-381211.js
js/src/tests/js1_5/extensions/regress-381304.js
js/src/tests/js1_5/extensions/regress-385134.js
js/src/tests/js1_5/extensions/regress-385393-02.js
js/src/tests/js1_5/extensions/regress-385393-09.js
js/src/tests/js1_5/extensions/regress-390597.js
js/src/tests/js1_5/extensions/regress-390598.js
js/src/tests/js1_5/extensions/regress-394967.js
js/src/tests/js1_5/extensions/regress-396326.js
js/src/tests/js1_5/extensions/regress-406572.js
js/src/tests/js1_5/extensions/regress-407501.js
js/src/tests/js1_5/extensions/regress-407720.js
js/src/tests/js1_5/extensions/regress-412926.js
js/src/tests/js1_5/extensions/regress-414755.js
js/src/tests/js1_5/extensions/regress-416354.js
js/src/tests/js1_5/extensions/regress-416460.js
js/src/tests/js1_5/extensions/regress-416834.js
js/src/tests/js1_5/extensions/regress-418730.js
js/src/tests/js1_5/extensions/regress-420612.js
js/src/tests/js1_5/extensions/regress-420869-01.js
js/src/tests/js1_5/extensions/regress-421621.js
js/src/tests/js1_5/extensions/regress-422592.js
js/src/tests/js1_5/extensions/regress-424683-01.js
js/src/tests/js1_5/extensions/regress-426711.js
js/src/tests/js1_5/extensions/regress-427196-01.js
js/src/tests/js1_5/extensions/regress-427196-02.js
js/src/tests/js1_5/extensions/regress-427196-03.js
js/src/tests/js1_5/extensions/regress-429739.js
js/src/tests/js1_5/extensions/regress-432075.js
js/src/tests/js1_5/extensions/regress-434837-01.js
js/src/tests/js1_5/extensions/regress-435345-01.js
js/src/tests/js1_5/extensions/regress-435497-01.js
js/src/tests/js1_5/extensions/regress-435497-02.js
js/src/tests/js1_5/extensions/regress-435497-03.js
js/src/tests/js1_5/extensions/regress-436741.js
js/src/tests/js1_5/extensions/regress-437288-01.js
js/src/tests/js1_5/extensions/regress-44009.js
js/src/tests/js1_5/extensions/regress-443569.js
js/src/tests/js1_5/extensions/regress-446386.js
js/src/tests/js1_5/extensions/regress-452168.js
js/src/tests/js1_5/extensions/regress-452178.js
js/src/tests/js1_5/extensions/regress-452329.js
js/src/tests/js1_5/extensions/regress-452338.js
js/src/tests/js1_5/extensions/regress-452565.js
js/src/tests/js1_5/extensions/regress-453249.js
js/src/tests/js1_5/extensions/regress-454040.js
js/src/tests/js1_5/extensions/regress-454142.js
js/src/tests/js1_5/extensions/regress-454704.js
js/src/tests/js1_5/extensions/regress-455380.js
js/src/tests/js1_5/extensions/regress-455408.js
js/src/tests/js1_5/extensions/regress-455413.js
js/src/tests/js1_5/extensions/regress-459606.js
js/src/tests/js1_5/extensions/regress-462734-02.js
js/src/tests/js1_5/extensions/regress-462734-03.js
js/src/tests/js1_5/extensions/regress-462734-04.js
js/src/tests/js1_5/extensions/regress-465145.js
js/src/tests/js1_5/extensions/regress-465276.js
js/src/tests/js1_5/extensions/regress-469625.js
js/src/tests/js1_5/extensions/regress-469761.js
js/src/tests/js1_5/extensions/regress-472599.js
js/src/tests/js1_5/extensions/regress-472787.js
js/src/tests/js1_5/extensions/regress-476447.js
js/src/tests/js1_5/extensions/regress-479487.js
js/src/tests/js1_5/extensions/regress-479551.js
js/src/tests/js1_5/extensions/regress-480579.js
js/src/tests/js1_5/extensions/regress-481516.js
js/src/tests/js1_5/extensions/regress-488995.js
js/src/tests/js1_5/extensions/regress-50447-1.js
js/src/tests/js1_5/extensions/regress-50447.js
js/src/tests/js1_5/extensions/regress-543839.js
js/src/tests/js1_5/extensions/regress-90596-001.js
js/src/tests/js1_5/extensions/regress-90596-002.js
js/src/tests/js1_5/extensions/regress-96284-001.js
js/src/tests/js1_5/extensions/regress-96284-002.js
js/src/tests/js1_5/extensions/scope-001.js
js/src/tests/js1_5/extensions/shell.js
js/src/tests/js1_5/extensions/toLocaleFormat-01.js
js/src/tests/js1_5/extensions/toLocaleFormat-02.js
js/src/tests/js1_5/shell.js
js/src/tests/js1_5/template.js
js/src/tests/js1_6/Array/browser.js
js/src/tests/js1_6/Array/filter.js
js/src/tests/js1_6/Array/regress-290592.js
js/src/tests/js1_6/Array/regress-304828.js
js/src/tests/js1_6/Array/regress-305002.js
js/src/tests/js1_6/Array/regress-310425-01.js
js/src/tests/js1_6/Array/regress-310425-02.js
js/src/tests/js1_6/Array/regress-320887.js
js/src/tests/js1_6/Array/regress-352742-01.js
js/src/tests/js1_6/Array/regress-352742-02.js
js/src/tests/js1_6/Array/regress-386030.js
js/src/tests/js1_6/Array/regress-415451.js
js/src/tests/js1_6/Array/regress-415540.js
js/src/tests/js1_6/Array/regress-566651.js
js/src/tests/js1_6/Array/shell.js
js/src/tests/js1_6/README
js/src/tests/js1_6/Regress/browser.js
js/src/tests/js1_6/Regress/regress-311157-01.js
js/src/tests/js1_6/Regress/regress-311157-02.js
js/src/tests/js1_6/Regress/regress-320172.js
js/src/tests/js1_6/Regress/regress-350417.js
js/src/tests/js1_6/Regress/regress-351795.js
js/src/tests/js1_6/Regress/regress-352271.js
js/src/tests/js1_6/Regress/regress-353078.js
js/src/tests/js1_6/Regress/regress-355002.js
js/src/tests/js1_6/Regress/regress-372565.js
js/src/tests/js1_6/Regress/regress-475469.js
js/src/tests/js1_6/Regress/regress-476655.js
js/src/tests/js1_6/Regress/shell.js
js/src/tests/js1_6/String/browser.js
js/src/tests/js1_6/String/regress-306591.js
js/src/tests/js1_6/String/shell.js
js/src/tests/js1_6/browser.js
js/src/tests/js1_6/extensions/browser.js
js/src/tests/js1_6/extensions/nested-for-each.js
js/src/tests/js1_6/extensions/regress-312385-01.js
js/src/tests/js1_6/extensions/regress-385393-08.js
js/src/tests/js1_6/extensions/regress-414098.js
js/src/tests/js1_6/extensions/regress-455464-01.js
js/src/tests/js1_6/extensions/regress-455464-02.js
js/src/tests/js1_6/extensions/regress-455464-03.js
js/src/tests/js1_6/extensions/regress-455464-04.js
js/src/tests/js1_6/extensions/regress-456826.js
js/src/tests/js1_6/extensions/regress-457521.js
js/src/tests/js1_6/extensions/regress-465443.js
js/src/tests/js1_6/extensions/regress-470310.js
js/src/tests/js1_6/extensions/regress-472508.js
js/src/tests/js1_6/extensions/regress-475144.js
js/src/tests/js1_6/extensions/regress-479567.js
js/src/tests/js1_6/extensions/regress-565521.js
js/src/tests/js1_6/extensions/shell.js
js/src/tests/js1_6/shell.js
js/src/tests/js1_6/template.js
js/src/tests/js1_7/GC/browser.js
js/src/tests/js1_7/GC/regress-341675.js
js/src/tests/js1_7/GC/regress-381374.js
js/src/tests/js1_7/GC/shell.js
js/src/tests/js1_7/README
js/src/tests/js1_7/browser.js
js/src/tests/js1_7/expressions/browser.js
js/src/tests/js1_7/expressions/destructuring-scope.js
js/src/tests/js1_7/expressions/regress-346203.js
js/src/tests/js1_7/expressions/regress-346645-01.js
js/src/tests/js1_7/expressions/regress-346645-02.js
js/src/tests/js1_7/expressions/regress-346645-03.js
js/src/tests/js1_7/expressions/regress-418051.js
js/src/tests/js1_7/expressions/regress-451340.js
js/src/tests/js1_7/expressions/shell.js
js/src/tests/js1_7/extensions/basic-Iterator.js
js/src/tests/js1_7/extensions/basic-for-each.js
js/src/tests/js1_7/extensions/basic-for-in.js
js/src/tests/js1_7/extensions/browser.js
js/src/tests/js1_7/extensions/destructuring-order.js
js/src/tests/js1_7/extensions/iterator-ctor.js
js/src/tests/js1_7/extensions/regress-346021.js
js/src/tests/js1_7/extensions/regress-346642-06.js
js/src/tests/js1_7/extensions/regress-346773.js
js/src/tests/js1_7/extensions/regress-350312.js
js/src/tests/js1_7/extensions/regress-351070-02.js
js/src/tests/js1_7/extensions/regress-351102-03.js
js/src/tests/js1_7/extensions/regress-351102-04.js
js/src/tests/js1_7/extensions/regress-351102-05.js
js/src/tests/js1_7/extensions/regress-351102-07.js
js/src/tests/js1_7/extensions/regress-352797-01.js
js/src/tests/js1_7/extensions/regress-352885-01.js
js/src/tests/js1_7/extensions/regress-352885-02.js
js/src/tests/js1_7/extensions/regress-353214-01.js
js/src/tests/js1_7/extensions/regress-353249.js
js/src/tests/js1_7/extensions/regress-354499-01.js
js/src/tests/js1_7/extensions/regress-354499-02.js
js/src/tests/js1_7/extensions/regress-354945-01.js
js/src/tests/js1_7/extensions/regress-354945-02.js
js/src/tests/js1_7/extensions/regress-355052-01.js
js/src/tests/js1_7/extensions/regress-355052-02.js
js/src/tests/js1_7/extensions/regress-355052-03.js
js/src/tests/js1_7/extensions/regress-355410.js
js/src/tests/js1_7/extensions/regress-355512.js
js/src/tests/js1_7/extensions/regress-363040-01.js
js/src/tests/js1_7/extensions/regress-363040-02.js
js/src/tests/js1_7/extensions/regress-366668-01.js
js/src/tests/js1_7/extensions/regress-367629.js
js/src/tests/js1_7/extensions/regress-368213.js
js/src/tests/js1_7/extensions/regress-368224.js
js/src/tests/js1_7/extensions/regress-372364.js
js/src/tests/js1_7/extensions/regress-379566.js
js/src/tests/js1_7/extensions/regress-380933.js
js/src/tests/js1_7/extensions/regress-381301.js
js/src/tests/js1_7/extensions/regress-381303.js
js/src/tests/js1_7/extensions/regress-387955-01.js
js/src/tests/js1_7/extensions/regress-387955-02.js
js/src/tests/js1_7/extensions/regress-392308.js
js/src/tests/js1_7/extensions/regress-396326.js
js/src/tests/js1_7/extensions/regress-453955.js
js/src/tests/js1_7/extensions/regress-455982-01.js
js/src/tests/js1_7/extensions/regress-455982-02.js
js/src/tests/js1_7/extensions/regress-458679.js
js/src/tests/js1_7/extensions/regress-469234.js
js/src/tests/js1_7/extensions/regress-469405-01.js
js/src/tests/js1_7/extensions/regress-469405-02.js
js/src/tests/js1_7/extensions/regress-470300-01.js
js/src/tests/js1_7/extensions/regress-470300-02.js
js/src/tests/js1_7/extensions/regress-473282.js
js/src/tests/js1_7/extensions/regress-474771-01.js
js/src/tests/js1_7/extensions/regress-474771-02.js
js/src/tests/js1_7/extensions/regress-476257.js
js/src/tests/js1_7/extensions/regress-477048.js
js/src/tests/js1_7/extensions/regress-589112.js
js/src/tests/js1_7/extensions/regress-590813.js
js/src/tests/js1_7/extensions/regress-591450.js
js/src/tests/js1_7/extensions/shell.js
js/src/tests/js1_7/geniter/326466-01.js
js/src/tests/js1_7/geniter/browser.js
js/src/tests/js1_7/geniter/builtin-Iterator-function.js
js/src/tests/js1_7/geniter/close-returns-undefined.js
js/src/tests/js1_7/geniter/evens.js
js/src/tests/js1_7/geniter/fibonacci-matrix-generator.js
js/src/tests/js1_7/geniter/gen-with-call-obj.js
js/src/tests/js1_7/geniter/iterator-toString.js
js/src/tests/js1_7/geniter/message-value-passing.js
js/src/tests/js1_7/geniter/multiple-close.js
js/src/tests/js1_7/geniter/nested-yield.js
js/src/tests/js1_7/geniter/pi-generator.js
js/src/tests/js1_7/geniter/regress-345736.js
js/src/tests/js1_7/geniter/regress-345855.js
js/src/tests/js1_7/geniter/regress-345879-01.js
js/src/tests/js1_7/geniter/regress-345879-02.js
js/src/tests/js1_7/geniter/regress-347593.js
js/src/tests/js1_7/geniter/regress-347739.js
js/src/tests/js1_7/geniter/regress-349012-01.js
js/src/tests/js1_7/geniter/regress-349012-02.js
js/src/tests/js1_7/geniter/regress-349012-03.js
js/src/tests/js1_7/geniter/regress-349012-04.js
js/src/tests/js1_7/geniter/regress-349012-05.js
js/src/tests/js1_7/geniter/regress-349023-01.js
js/src/tests/js1_7/geniter/regress-349023-02.js
js/src/tests/js1_7/geniter/regress-349023-03.js
js/src/tests/js1_7/geniter/regress-349331.js
js/src/tests/js1_7/geniter/regress-349362.js
js/src/tests/js1_7/geniter/regress-349851.js
js/src/tests/js1_7/geniter/regress-350621.js
js/src/tests/js1_7/geniter/regress-350809.js
js/src/tests/js1_7/geniter/regress-351120.js
js/src/tests/js1_7/geniter/regress-352197.js
js/src/tests/js1_7/geniter/regress-352876.js
js/src/tests/js1_7/geniter/regress-355834.js
js/src/tests/js1_7/geniter/regress-359062.js
js/src/tests/js1_7/geniter/regress-366941.js
js/src/tests/js1_7/geniter/regress-382335.js
js/src/tests/js1_7/geniter/regress-387871.js
js/src/tests/js1_7/geniter/regress-390918.js
js/src/tests/js1_7/geniter/regress-392310.js
js/src/tests/js1_7/geniter/regress-466206.js
js/src/tests/js1_7/geniter/send-no-rhs.js
js/src/tests/js1_7/geniter/sequential-yields.js
js/src/tests/js1_7/geniter/shell.js
js/src/tests/js1_7/geniter/simple-fib.js
js/src/tests/js1_7/geniter/throw-after-close.js
js/src/tests/js1_7/geniter/throw-forever.js
js/src/tests/js1_7/geniter/unreachable-yield.js
js/src/tests/js1_7/geniter/yield-new.js
js/src/tests/js1_7/geniter/yield-undefined.js
js/src/tests/js1_7/iterable/browser.js
js/src/tests/js1_7/iterable/regress-340526-01.js
js/src/tests/js1_7/iterable/regress-340526-02.js
js/src/tests/js1_7/iterable/regress-341496.js
js/src/tests/js1_7/iterable/regress-341499.js
js/src/tests/js1_7/iterable/regress-341510.js
js/src/tests/js1_7/iterable/regress-341815.js
js/src/tests/js1_7/iterable/regress-341821.js
js/src/tests/js1_7/iterable/regress-354750-01.js
js/src/tests/js1_7/iterable/regress-355025.js
js/src/tests/js1_7/iterable/regress-355075-01.js
js/src/tests/js1_7/iterable/regress-355090.js
js/src/tests/js1_7/iterable/regress-412467.js
js/src/tests/js1_7/iterable/regress-415922.js
js/src/tests/js1_7/iterable/regress-568056.js
js/src/tests/js1_7/iterable/shell.js
js/src/tests/js1_7/lexical/browser.js
js/src/tests/js1_7/lexical/regress-336376-01.js
js/src/tests/js1_7/lexical/regress-346642-03.js
js/src/tests/js1_7/lexical/regress-346642-04.js
js/src/tests/js1_7/lexical/regress-351515.js
js/src/tests/js1_7/lexical/shell.js
js/src/tests/js1_7/regexp/browser.js
js/src/tests/js1_7/regexp/shell.js
js/src/tests/js1_7/regexp/yflag.js
js/src/tests/js1_7/regress/browser.js
js/src/tests/js1_7/regress/regress-350387.js
js/src/tests/js1_7/regress/regress-352640-01.js
js/src/tests/js1_7/regress/regress-352640-02.js
js/src/tests/js1_7/regress/regress-352640-03.js
js/src/tests/js1_7/regress/regress-352640-04.js
js/src/tests/js1_7/regress/regress-353079.js
js/src/tests/js1_7/regress/regress-355023.js
js/src/tests/js1_7/regress/regress-355832-01.js
js/src/tests/js1_7/regress/regress-355832-02.js
js/src/tests/js1_7/regress/regress-363040-01.js
js/src/tests/js1_7/regress/regress-363040-02.js
js/src/tests/js1_7/regress/regress-369666-01.js
js/src/tests/js1_7/regress/regress-369666-02.js
js/src/tests/js1_7/regress/regress-372331.js
js/src/tests/js1_7/regress/regress-373827-01.js
js/src/tests/js1_7/regress/regress-373827-02.js
js/src/tests/js1_7/regress/regress-375695.js
js/src/tests/js1_7/regress/regress-379442.js
js/src/tests/js1_7/regress/regress-379483.js
js/src/tests/js1_7/regress/regress-385133-01.js
js/src/tests/js1_7/regress/regress-385133-02.js
js/src/tests/js1_7/regress/regress-385393-05.js
js/src/tests/js1_7/regress/regress-407727-01.js
js/src/tests/js1_7/regress/regress-407727-02.js
js/src/tests/js1_7/regress/regress-407957.js
js/src/tests/js1_7/regress/regress-410649.js
js/src/tests/js1_7/regress/regress-414553.js
js/src/tests/js1_7/regress/regress-416601.js
js/src/tests/js1_7/regress/regress-418641.js
js/src/tests/js1_7/regress/regress-419803.js
js/src/tests/js1_7/regress/regress-428706.js
js/src/tests/js1_7/regress/regress-452703.js
js/src/tests/js1_7/regress/regress-452960.js
js/src/tests/js1_7/regress/regress-453049.js
js/src/tests/js1_7/regress/regress-453051.js
js/src/tests/js1_7/regress/regress-453411.js
js/src/tests/js1_7/regress/regress-461235.js
js/src/tests/js1_7/regress/regress-461945.js
js/src/tests/js1_7/regress/regress-462071.js
js/src/tests/js1_7/regress/regress-462282.js
js/src/tests/js1_7/regress/regress-462388.js
js/src/tests/js1_7/regress/regress-462407.js
js/src/tests/js1_7/regress/regress-464403.js
js/src/tests/js1_7/regress/regress-465236.js
js/src/tests/js1_7/regress/regress-465424.js
js/src/tests/js1_7/regress/regress-465484.js
js/src/tests/js1_7/regress/regress-465686.js
js/src/tests/js1_7/regress/regress-469239-01.js
js/src/tests/js1_7/regress/regress-469239-02.js
js/src/tests/js1_7/regress/regress-470223.js
js/src/tests/js1_7/regress/regress-470388-01.js
js/src/tests/js1_7/regress/regress-474771.js
js/src/tests/js1_7/regress/shell.js
js/src/tests/js1_7/shell.js
js/src/tests/js1_7/template.js
js/src/tests/js1_8/README
js/src/tests/js1_8/browser.js
js/src/tests/js1_8/extensions/browser.js
js/src/tests/js1_8/extensions/dekker.js
js/src/tests/js1_8/extensions/expclo.js
js/src/tests/js1_8/extensions/expclo2.js
js/src/tests/js1_8/extensions/lamport.js
js/src/tests/js1_8/extensions/peterson.js
js/src/tests/js1_8/extensions/regress-353116.js
js/src/tests/js1_8/extensions/regress-385393-01.js
js/src/tests/js1_8/extensions/regress-385393-10.js
js/src/tests/js1_8/extensions/regress-385393-11.js
js/src/tests/js1_8/extensions/regress-385729.js
js/src/tests/js1_8/extensions/regress-394709.js
js/src/tests/js1_8/extensions/regress-415721.js
js/src/tests/js1_8/extensions/regress-417131.js
js/src/tests/js1_8/extensions/regress-417817.js
js/src/tests/js1_8/extensions/regress-419091.js
js/src/tests/js1_8/extensions/regress-445818.js
js/src/tests/js1_8/extensions/regress-446169-01.js
js/src/tests/js1_8/extensions/regress-446169-02.js
js/src/tests/js1_8/extensions/regress-452476.js
js/src/tests/js1_8/extensions/regress-452913.js
js/src/tests/js1_8/extensions/regress-454744.js
js/src/tests/js1_8/extensions/regress-455973.js
js/src/tests/js1_8/extensions/regress-465337.js
js/src/tests/js1_8/extensions/regress-465453.js
js/src/tests/js1_8/extensions/regress-469625.js
js/src/tests/js1_8/extensions/regress-471197.js
js/src/tests/js1_8/extensions/regress-472450-03.js
js/src/tests/js1_8/extensions/regress-472450-04.js
js/src/tests/js1_8/extensions/regress-473040.js
js/src/tests/js1_8/extensions/regress-475971.js
js/src/tests/js1_8/extensions/regress-476414-01.js
js/src/tests/js1_8/extensions/regress-476414-02.js
js/src/tests/js1_8/extensions/regress-476427.js
js/src/tests/js1_8/extensions/regress-476653.js
js/src/tests/js1_8/extensions/regress-476869.js
js/src/tests/js1_8/extensions/regress-479252.js
js/src/tests/js1_8/extensions/regress-479381.js
js/src/tests/js1_8/extensions/regress-481989.js
js/src/tests/js1_8/extensions/regress-482263.js
js/src/tests/js1_8/extensions/shell.js
js/src/tests/js1_8/extensions/simple-tree.js
js/src/tests/js1_8/genexps/browser.js
js/src/tests/js1_8/genexps/regress-347739.js
js/src/tests/js1_8/genexps/regress-349012-01.js
js/src/tests/js1_8/genexps/regress-349326.js
js/src/tests/js1_8/genexps/regress-349331.js
js/src/tests/js1_8/genexps/regress-380237-01.js
js/src/tests/js1_8/genexps/regress-380237-04.js
js/src/tests/js1_8/genexps/regress-384991.js
js/src/tests/js1_8/genexps/regress-665286.js
js/src/tests/js1_8/genexps/regress-666852.js
js/src/tests/js1_8/genexps/regress-667131.js
js/src/tests/js1_8/genexps/regress-683738.js
js/src/tests/js1_8/genexps/shell.js
js/src/tests/js1_8/regress-380237-02.js
js/src/tests/js1_8/regress/browser.js
js/src/tests/js1_8/regress/regress-366941.js
js/src/tests/js1_8/regress/regress-384412.js
js/src/tests/js1_8/regress/regress-384758.js
js/src/tests/js1_8/regress/regress-404734.js
js/src/tests/js1_8/regress/regress-427798.js
js/src/tests/js1_8/regress/regress-433279-01.js
js/src/tests/js1_8/regress/regress-433279-02.js
js/src/tests/js1_8/regress/regress-433279-03.js
js/src/tests/js1_8/regress/regress-442333-01.js
js/src/tests/js1_8/regress/regress-452491.js
js/src/tests/js1_8/regress/regress-455981-01.js
js/src/tests/js1_8/regress/regress-455981-02.js
js/src/tests/js1_8/regress/regress-457065-01.js
js/src/tests/js1_8/regress/regress-457065-02.js
js/src/tests/js1_8/regress/regress-458076.js
js/src/tests/js1_8/regress/regress-459185.js
js/src/tests/js1_8/regress/regress-459186.js
js/src/tests/js1_8/regress/regress-459389.js
js/src/tests/js1_8/regress/regress-461930.js
js/src/tests/js1_8/regress/regress-461932.js
js/src/tests/js1_8/regress/regress-463334-01.js
js/src/tests/js1_8/regress/regress-463334-02.js
js/src/tests/js1_8/regress/regress-463783.js
js/src/tests/js1_8/regress/regress-464096.js
js/src/tests/js1_8/regress/regress-464418.js
js/src/tests/js1_8/regress/regress-464978.js
js/src/tests/js1_8/regress/regress-465220.js
js/src/tests/js1_8/regress/regress-465234.js
js/src/tests/js1_8/regress/regress-465239.js
js/src/tests/js1_8/regress/regress-465241.js
js/src/tests/js1_8/regress/regress-465249.js
js/src/tests/js1_8/regress/regress-465261.js
js/src/tests/js1_8/regress/regress-465308.js
js/src/tests/js1_8/regress/regress-465454.js
js/src/tests/js1_8/regress/regress-465460-01.js
js/src/tests/js1_8/regress/regress-465460-02.js
js/src/tests/js1_8/regress/regress-465460-03.js
js/src/tests/js1_8/regress/regress-465460-04.js
js/src/tests/js1_8/regress/regress-465460-05.js
js/src/tests/js1_8/regress/regress-465460-06.js
js/src/tests/js1_8/regress/regress-465460-07.js
js/src/tests/js1_8/regress/regress-465460-08.js
js/src/tests/js1_8/regress/regress-465460-09.js
js/src/tests/js1_8/regress/regress-465460-10.js
js/src/tests/js1_8/regress/regress-465460-11.js
js/src/tests/js1_8/regress/regress-465460-12.js
js/src/tests/js1_8/regress/regress-465483.js
js/src/tests/js1_8/regress/regress-465567-01.js
js/src/tests/js1_8/regress/regress-465567-02.js
js/src/tests/js1_8/regress/regress-465688.js
js/src/tests/js1_8/regress/regress-466128.js
js/src/tests/js1_8/regress/regress-466787.js
js/src/tests/js1_8/regress/regress-467495-01.js
js/src/tests/js1_8/regress/regress-467495-02.js
js/src/tests/js1_8/regress/regress-467495-03.js
js/src/tests/js1_8/regress/regress-467495-04.js
js/src/tests/js1_8/regress/regress-467495-05.js
js/src/tests/js1_8/regress/regress-467495-06.js
js/src/tests/js1_8/regress/regress-468711.js
js/src/tests/js1_8/regress/regress-469547.js
js/src/tests/js1_8/regress/regress-469625-02.js
js/src/tests/js1_8/regress/regress-469625-03.js
js/src/tests/js1_8/regress/regress-471373.js
js/src/tests/js1_8/regress/regress-471660.js
js/src/tests/js1_8/regress/regress-474769.js
js/src/tests/js1_8/regress/regress-474771.js
js/src/tests/js1_8/regress/regress-474935.js
js/src/tests/js1_8/regress/regress-476655.js
js/src/tests/js1_8/regress/regress-477234.js
js/src/tests/js1_8/regress/regress-477581.js
js/src/tests/js1_8/regress/regress-478205.js
js/src/tests/js1_8/regress/regress-479353.js
js/src/tests/js1_8/regress/regress-479740.js
js/src/tests/js1_8/regress/regress-481800.js
js/src/tests/js1_8/regress/regress-483749.js
js/src/tests/js1_8/regress/regress-499524.js
js/src/tests/js1_8/regress/regress-532491.js
js/src/tests/js1_8/regress/shell.js
js/src/tests/js1_8/shell.js
js/src/tests/js1_8/template.js
js/src/tests/js1_8_1/JSON/browser.js
js/src/tests/js1_8_1/JSON/regress-458959.js
js/src/tests/js1_8_1/JSON/regress-459293.js
js/src/tests/js1_8_1/JSON/shell.js
js/src/tests/js1_8_1/README
js/src/tests/js1_8_1/String/browser.js
js/src/tests/js1_8_1/String/regress-305064.js
js/src/tests/js1_8_1/String/shell.js
js/src/tests/js1_8_1/browser.js
js/src/tests/js1_8_1/extensions/browser.js
js/src/tests/js1_8_1/extensions/new-parenthesization.js
js/src/tests/js1_8_1/extensions/regress-353214-02.js
js/src/tests/js1_8_1/extensions/regress-437288-01.js
js/src/tests/js1_8_1/extensions/regress-452498-162.js
js/src/tests/js1_8_1/extensions/regress-452498-193.js
js/src/tests/js1_8_1/extensions/regress-452498-196.js
js/src/tests/js1_8_1/extensions/regress-466905-04.js
js/src/tests/js1_8_1/extensions/regress-466905-05.js
js/src/tests/js1_8_1/extensions/regress-477158.js
js/src/tests/js1_8_1/extensions/regress-477187.js
js/src/tests/js1_8_1/extensions/regress-520572.js
js/src/tests/js1_8_1/extensions/shell.js
js/src/tests/js1_8_1/extensions/strict-warning.js
js/src/tests/js1_8_1/jit/browser.js
js/src/tests/js1_8_1/jit/math-jit-tests.js
js/src/tests/js1_8_1/jit/regress-451673.js
js/src/tests/js1_8_1/jit/regress-451974-01.js
js/src/tests/js1_8_1/jit/regress-451974-02.js
js/src/tests/js1_8_1/jit/regress-452498-01.js
js/src/tests/js1_8_1/jit/regress-458838.js
js/src/tests/js1_8_1/jit/regress-462459-01.js
js/src/tests/js1_8_1/jit/regress-462459-02.js
js/src/tests/js1_8_1/jit/regress-462459-03.js
js/src/tests/js1_8_1/jit/regress-462459-04.js
js/src/tests/js1_8_1/jit/regress-462459-05.js
js/src/tests/js1_8_1/jit/regress-462459-06.js
js/src/tests/js1_8_1/jit/regress-462459-07.js
js/src/tests/js1_8_1/jit/regress-462459-08.js
js/src/tests/js1_8_1/jit/regress-462459-09.js
js/src/tests/js1_8_1/jit/regress-462459-10.js
js/src/tests/js1_8_1/jit/regress-462459-11.js
js/src/tests/js1_8_1/jit/regress-462459-12.js
js/src/tests/js1_8_1/jit/regress-469927.js
js/src/tests/js1_8_1/jit/regress-470739.js
js/src/tests/js1_8_1/jit/regress-471635.js
js/src/tests/js1_8_1/jit/regress-489682.js
js/src/tests/js1_8_1/jit/shell.js
js/src/tests/js1_8_1/jit/testDeepBailFromNonNative.js
js/src/tests/js1_8_1/regress/browser.js
js/src/tests/js1_8_1/regress/regress-452498-006.js
js/src/tests/js1_8_1/regress/regress-452498-027.js
js/src/tests/js1_8_1/regress/regress-452498-030.js
js/src/tests/js1_8_1/regress/regress-452498-038.js
js/src/tests/js1_8_1/regress/regress-452498-040.js
js/src/tests/js1_8_1/regress/regress-452498-050.js
js/src/tests/js1_8_1/regress/regress-452498-051.js
js/src/tests/js1_8_1/regress/regress-452498-052-a.js
js/src/tests/js1_8_1/regress/regress-452498-053.js
js/src/tests/js1_8_1/regress/regress-452498-058.js
js/src/tests/js1_8_1/regress/regress-452498-062.js
js/src/tests/js1_8_1/regress/regress-452498-063.js
js/src/tests/js1_8_1/regress/regress-452498-071.js
js/src/tests/js1_8_1/regress/regress-452498-072.js
js/src/tests/js1_8_1/regress/regress-452498-073.js
js/src/tests/js1_8_1/regress/regress-452498-074.js
js/src/tests/js1_8_1/regress/regress-452498-075.js
js/src/tests/js1_8_1/regress/regress-452498-076.js
js/src/tests/js1_8_1/regress/regress-452498-079.js
js/src/tests/js1_8_1/regress/regress-452498-082.js
js/src/tests/js1_8_1/regress/regress-452498-092.js
js/src/tests/js1_8_1/regress/regress-452498-099-a.js
js/src/tests/js1_8_1/regress/regress-452498-101.js
js/src/tests/js1_8_1/regress/regress-452498-102.js
js/src/tests/js1_8_1/regress/regress-452498-104.js
js/src/tests/js1_8_1/regress/regress-452498-111.js
js/src/tests/js1_8_1/regress/regress-452498-112.js
js/src/tests/js1_8_1/regress/regress-452498-114-a.js
js/src/tests/js1_8_1/regress/regress-452498-114.js
js/src/tests/js1_8_1/regress/regress-452498-116.js
js/src/tests/js1_8_1/regress/regress-452498-117.js
js/src/tests/js1_8_1/regress/regress-452498-118.js
js/src/tests/js1_8_1/regress/regress-452498-119.js
js/src/tests/js1_8_1/regress/regress-452498-121.js
js/src/tests/js1_8_1/regress/regress-452498-123.js
js/src/tests/js1_8_1/regress/regress-452498-129.js
js/src/tests/js1_8_1/regress/regress-452498-131.js
js/src/tests/js1_8_1/regress/regress-452498-135-a.js
js/src/tests/js1_8_1/regress/regress-452498-135.js
js/src/tests/js1_8_1/regress/regress-452498-139.js
js/src/tests/js1_8_1/regress/regress-452498-155.js
js/src/tests/js1_8_1/regress/regress-452498-160.js
js/src/tests/js1_8_1/regress/regress-452498-168-1.js
js/src/tests/js1_8_1/regress/regress-452498-168-2.js
js/src/tests/js1_8_1/regress/regress-452498-176.js
js/src/tests/js1_8_1/regress/regress-452498-181.js
js/src/tests/js1_8_1/regress/regress-452498-185.js
js/src/tests/js1_8_1/regress/regress-452498-187.js
js/src/tests/js1_8_1/regress/regress-452498-191.js
js/src/tests/js1_8_1/regress/regress-452498-192.js
js/src/tests/js1_8_1/regress/regress-466905-01.js
js/src/tests/js1_8_1/regress/regress-466905-02.js
js/src/tests/js1_8_1/regress/regress-479430-01.js
js/src/tests/js1_8_1/regress/regress-479430-02.js
js/src/tests/js1_8_1/regress/regress-479430-03.js
js/src/tests/js1_8_1/regress/regress-479430-04.js
js/src/tests/js1_8_1/regress/regress-479430-05.js
js/src/tests/js1_8_1/regress/regress-495773.js
js/src/tests/js1_8_1/regress/regress-495907.js
js/src/tests/js1_8_1/regress/regress-496922.js
js/src/tests/js1_8_1/regress/regress-507053.js
js/src/tests/js1_8_1/regress/regress-507295.js
js/src/tests/js1_8_1/regress/regress-509354.js
js/src/tests/js1_8_1/regress/regress-522123.js
js/src/tests/js1_8_1/regress/regress-524264.js
js/src/tests/js1_8_1/regress/regress-524743.js
js/src/tests/js1_8_1/regress/regress-530879.js
js/src/tests/js1_8_1/regress/shell.js
js/src/tests/js1_8_1/shell.js
js/src/tests/js1_8_1/strict/12.2.1.js
js/src/tests/js1_8_1/strict/8.7.2.js
js/src/tests/js1_8_1/strict/shell.js
js/src/tests/js1_8_1/template.js
js/src/tests/js1_8_5/README
js/src/tests/js1_8_5/browser.js
js/src/tests/js1_8_5/extensions/array-length-protochange.js
js/src/tests/js1_8_5/extensions/arraybuffer-prototype.js
js/src/tests/js1_8_5/extensions/browser.js
js/src/tests/js1_8_5/extensions/censor-strict-caller.js
js/src/tests/js1_8_5/extensions/clone-complex-object.js
js/src/tests/js1_8_5/extensions/clone-errors.js
js/src/tests/js1_8_5/extensions/clone-forge.js
js/src/tests/js1_8_5/extensions/clone-leaf-object.js
js/src/tests/js1_8_5/extensions/clone-object.js
js/src/tests/js1_8_5/extensions/clone-regexp.js
js/src/tests/js1_8_5/extensions/clone-simple.js
js/src/tests/js1_8_5/extensions/clone-transferables.js
js/src/tests/js1_8_5/extensions/clone-typed-array.js
js/src/tests/js1_8_5/extensions/clone-v1-typed-array-data.dat
js/src/tests/js1_8_5/extensions/clone-v1-typed-array.js
js/src/tests/js1_8_5/extensions/column-numbers.js
js/src/tests/js1_8_5/extensions/correct-this-for-nonnatives-on-array-proto-chain.js
js/src/tests/js1_8_5/extensions/dataview.js
js/src/tests/js1_8_5/extensions/decompile-for-of.js
js/src/tests/js1_8_5/extensions/destructure-accessor.js
js/src/tests/js1_8_5/extensions/empty.txt
js/src/tests/js1_8_5/extensions/file-mapped-arraybuffers.js
js/src/tests/js1_8_5/extensions/file-mapped-arraybuffers.txt
js/src/tests/js1_8_5/extensions/is-generator.js
js/src/tests/js1_8_5/extensions/mutable-proto-special-form.js
js/src/tests/js1_8_5/extensions/object-toSource-undefined-getter.js
js/src/tests/js1_8_5/extensions/object-toSource-with-symbol-keys.js
js/src/tests/js1_8_5/extensions/proxy-fix.js
js/src/tests/js1_8_5/extensions/proxy-proto-setter.js
js/src/tests/js1_8_5/extensions/recursion.js
js/src/tests/js1_8_5/extensions/redeclaration-of-catch-warning.js
js/src/tests/js1_8_5/extensions/regress-558541.js
js/src/tests/js1_8_5/extensions/regress-604781-1.js
js/src/tests/js1_8_5/extensions/regress-604781-2.js
js/src/tests/js1_8_5/extensions/regress-627984-1.js
js/src/tests/js1_8_5/extensions/regress-627984-2.js
js/src/tests/js1_8_5/extensions/regress-627984-3.js
js/src/tests/js1_8_5/extensions/regress-627984-4.js
js/src/tests/js1_8_5/extensions/regress-627984-5.js
js/src/tests/js1_8_5/extensions/regress-627984-6.js
js/src/tests/js1_8_5/extensions/regress-627984-7.js
js/src/tests/js1_8_5/extensions/regress-631723.js
js/src/tests/js1_8_5/extensions/regress-636697.js
js/src/tests/js1_8_5/extensions/regress-636818.js
js/src/tests/js1_8_5/extensions/regress-637985.js
js/src/tests/js1_8_5/extensions/regress-645160.js
js/src/tests/js1_8_5/extensions/regress-650753.js
js/src/tests/js1_8_5/extensions/regress-677589.js
js/src/tests/js1_8_5/extensions/regress-677924.js
js/src/tests/js1_8_5/extensions/regress-691746.js
js/src/tests/js1_8_5/extensions/regress-696109.js
js/src/tests/js1_8_5/extensions/scripted-proxies.js
js/src/tests/js1_8_5/extensions/selfhosted-detecting-strict.js
js/src/tests/js1_8_5/extensions/set-property-non-extensible.js
js/src/tests/js1_8_5/extensions/sharedtypedarray.js
js/src/tests/js1_8_5/extensions/shell.js
js/src/tests/js1_8_5/extensions/sps-generators.js
js/src/tests/js1_8_5/extensions/symbol-uneval.js
js/src/tests/js1_8_5/extensions/toSource-0.js
js/src/tests/js1_8_5/extensions/typedarray-copyWithin-arguments-neutering.js
js/src/tests/js1_8_5/extensions/typedarray-set-neutering.js
js/src/tests/js1_8_5/extensions/typedarray-subarray-of-subarray.js
js/src/tests/js1_8_5/extensions/typedarray.js
js/src/tests/js1_8_5/extensions/watch-undefined-setter.js
js/src/tests/js1_8_5/extensions/weakmap.js
js/src/tests/js1_8_5/reflect-parse/Match.js
js/src/tests/js1_8_5/reflect-parse/PatternAsserts.js
js/src/tests/js1_8_5/reflect-parse/PatternBuilders.js
js/src/tests/js1_8_5/reflect-parse/alternateBuilder.js
js/src/tests/js1_8_5/reflect-parse/basicBuilder.js
js/src/tests/js1_8_5/reflect-parse/builderExceptions.js
js/src/tests/js1_8_5/reflect-parse/classes.js
js/src/tests/js1_8_5/reflect-parse/comprehensions.js
js/src/tests/js1_8_5/reflect-parse/computedPropNames.js
js/src/tests/js1_8_5/reflect-parse/declarations.js
js/src/tests/js1_8_5/reflect-parse/destructuring-array-holes-reflect-as-null.js
js/src/tests/js1_8_5/reflect-parse/destructuring-assignment.js
js/src/tests/js1_8_5/reflect-parse/destructuring-function-parameters.js
js/src/tests/js1_8_5/reflect-parse/destructuring-variable-declarations.js
js/src/tests/js1_8_5/reflect-parse/destructuring__proto__.js
js/src/tests/js1_8_5/reflect-parse/expression.js
js/src/tests/js1_8_5/reflect-parse/expressionClosures.js
js/src/tests/js1_8_5/reflect-parse/for-loop-destructuring.js
js/src/tests/js1_8_5/reflect-parse/generatorExpressions.js
js/src/tests/js1_8_5/reflect-parse/generators.js
js/src/tests/js1_8_5/reflect-parse/lexicals.js
js/src/tests/js1_8_5/reflect-parse/location.js
js/src/tests/js1_8_5/reflect-parse/methodDefn.js
js/src/tests/js1_8_5/reflect-parse/newTarget.js
js/src/tests/js1_8_5/reflect-parse/proxyArgs.js
js/src/tests/js1_8_5/reflect-parse/shell.js
js/src/tests/js1_8_5/reflect-parse/stackOverflow.js
js/src/tests/js1_8_5/reflect-parse/statements.js
js/src/tests/js1_8_5/reflect-parse/templateStrings.js
js/src/tests/js1_8_5/regress/browser.js
js/src/tests/js1_8_5/regress/no-array-comprehension-length-limit.js
js/src/tests/js1_8_5/regress/regress-355569.js
js/src/tests/js1_8_5/regress/regress-373843.js
js/src/tests/js1_8_5/regress/regress-383902.js
js/src/tests/js1_8_5/regress/regress-469758.js
js/src/tests/js1_8_5/regress/regress-477053.js
js/src/tests/js1_8_5/regress/regress-500528.js
js/src/tests/js1_8_5/regress/regress-533876.js
js/src/tests/js1_8_5/regress/regress-541255-0.js
js/src/tests/js1_8_5/regress/regress-541255-1.js
js/src/tests/js1_8_5/regress/regress-541255-2.js
js/src/tests/js1_8_5/regress/regress-541255-3.js
js/src/tests/js1_8_5/regress/regress-541255-4.js
js/src/tests/js1_8_5/regress/regress-541455.js
js/src/tests/js1_8_5/regress/regress-548276.js
js/src/tests/js1_8_5/regress/regress-551763-0.js
js/src/tests/js1_8_5/regress/regress-551763-1.js
js/src/tests/js1_8_5/regress/regress-551763-2.js
js/src/tests/js1_8_5/regress/regress-552432.js
js/src/tests/js1_8_5/regress/regress-553778.js
js/src/tests/js1_8_5/regress/regress-554955-1.js
js/src/tests/js1_8_5/regress/regress-554955-2.js
js/src/tests/js1_8_5/regress/regress-554955-3.js
js/src/tests/js1_8_5/regress/regress-554955-4.js
js/src/tests/js1_8_5/regress/regress-554955-5.js
js/src/tests/js1_8_5/regress/regress-554955-6.js
js/src/tests/js1_8_5/regress/regress-555246-0.js
js/src/tests/js1_8_5/regress/regress-555246-1.js
js/src/tests/js1_8_5/regress/regress-559402-1.js
js/src/tests/js1_8_5/regress/regress-559402-2.js
js/src/tests/js1_8_5/regress/regress-559438.js
js/src/tests/js1_8_5/regress/regress-560998-1.js
js/src/tests/js1_8_5/regress/regress-560998-2.js
js/src/tests/js1_8_5/regress/regress-561031.js
js/src/tests/js1_8_5/regress/regress-563210.js
js/src/tests/js1_8_5/regress/regress-563221.js
js/src/tests/js1_8_5/regress/regress-566549.js
js/src/tests/js1_8_5/regress/regress-566914.js
js/src/tests/js1_8_5/regress/regress-567152.js
js/src/tests/js1_8_5/regress/regress-569306.js
js/src/tests/js1_8_5/regress/regress-571014.js
js/src/tests/js1_8_5/regress/regress-573875.js
js/src/tests/js1_8_5/regress/regress-577648-1.js
js/src/tests/js1_8_5/regress/regress-577648-2.js
js/src/tests/js1_8_5/regress/regress-583429.js
js/src/tests/js1_8_5/regress/regress-584355.js
js/src/tests/js1_8_5/regress/regress-584578.js
js/src/tests/js1_8_5/regress/regress-584648.js
js/src/tests/js1_8_5/regress/regress-585257.js
js/src/tests/js1_8_5/regress/regress-586482-1.js
js/src/tests/js1_8_5/regress/regress-586482-2.js
js/src/tests/js1_8_5/regress/regress-586482-3.js
js/src/tests/js1_8_5/regress/regress-586482-4.js
js/src/tests/js1_8_5/regress/regress-586482-5.js
js/src/tests/js1_8_5/regress/regress-588339.js
js/src/tests/js1_8_5/regress/regress-591846.js
js/src/tests/js1_8_5/regress/regress-591897.js
js/src/tests/js1_8_5/regress/regress-592202-3.js
js/src/tests/js1_8_5/regress/regress-592202-4.js
js/src/tests/js1_8_5/regress/regress-592556-c35.js
js/src/tests/js1_8_5/regress/regress-593256.js
js/src/tests/js1_8_5/regress/regress-595230-1.js
js/src/tests/js1_8_5/regress/regress-595230-2.js
js/src/tests/js1_8_5/regress/regress-595365-1.js
js/src/tests/js1_8_5/regress/regress-596103.js
js/src/tests/js1_8_5/regress/regress-596805-1.js
js/src/tests/js1_8_5/regress/regress-596805-2.js
js/src/tests/js1_8_5/regress/regress-597945-1.js
js/src/tests/js1_8_5/regress/regress-597945-2.js
js/src/tests/js1_8_5/regress/regress-598176.js
js/src/tests/js1_8_5/regress/regress-600067.js
js/src/tests/js1_8_5/regress/regress-601399.js
js/src/tests/js1_8_5/regress/regress-602621.js
js/src/tests/js1_8_5/regress/regress-607799.js
js/src/tests/js1_8_5/regress/regress-607863.js
js/src/tests/js1_8_5/regress/regress-609617.js
js/src/tests/js1_8_5/regress/regress-610026.js
js/src/tests/js1_8_5/regress/regress-614714.js
js/src/tests/js1_8_5/regress/regress-617405-1.js
js/src/tests/js1_8_5/regress/regress-617405-2.js
js/src/tests/js1_8_5/regress/regress-618572.js
js/src/tests/js1_8_5/regress/regress-618574.js
js/src/tests/js1_8_5/regress/regress-619003-1.js
js/src/tests/js1_8_5/regress/regress-619003-2.js
js/src/tests/js1_8_5/regress/regress-620376-1.js
js/src/tests/js1_8_5/regress/regress-620376-2.js
js/src/tests/js1_8_5/regress/regress-621814.js
js/src/tests/js1_8_5/regress/regress-624199.js
js/src/tests/js1_8_5/regress/regress-624547.js
js/src/tests/js1_8_5/regress/regress-624968.js
js/src/tests/js1_8_5/regress/regress-626436.js
js/src/tests/js1_8_5/regress/regress-633741.js
js/src/tests/js1_8_5/regress/regress-634210-1.js
js/src/tests/js1_8_5/regress/regress-634210-2.js
js/src/tests/js1_8_5/regress/regress-634210-3.js
js/src/tests/js1_8_5/regress/regress-634210-4.js
js/src/tests/js1_8_5/regress/regress-635195.js
js/src/tests/js1_8_5/regress/regress-636364.js
js/src/tests/js1_8_5/regress/regress-636394.js
js/src/tests/js1_8_5/regress/regress-640075.js
js/src/tests/js1_8_5/regress/regress-642247.js
js/src/tests/js1_8_5/regress/regress-643222.js
js/src/tests/js1_8_5/regress/regress-646820-1.js
js/src/tests/js1_8_5/regress/regress-646820-2.js
js/src/tests/js1_8_5/regress/regress-646820-3.js
js/src/tests/js1_8_5/regress/regress-665355.js
js/src/tests/js1_8_5/regress/regress-672892.js
js/src/tests/js1_8_5/regress/regress-672893.js
js/src/tests/js1_8_5/regress/regress-694306.js
js/src/tests/js1_8_5/regress/regress-698028-1.js
js/src/tests/js1_8_5/regress/regress-698028-2.js
js/src/tests/js1_8_5/regress/regress-698028-3.js
js/src/tests/js1_8_5/regress/regress-699682.js
js/src/tests/js1_8_5/regress/regress-736792.js
js/src/tests/js1_8_5/regress/regress-810525.js
js/src/tests/js1_8_5/regress/regress-yarr-regexp.js
js/src/tests/js1_8_5/regress/shell.js
js/src/tests/js1_8_5/shell.js
js/src/tests/js1_8_5/template.js
js/src/tests/jsreftest.html
js/src/tests/jstests.list
js/src/tests/jstests.py
js/src/tests/lib/__init__.py
js/src/tests/lib/jittests.py
js/src/tests/lib/manifest.py
js/src/tests/lib/progressbar.py
js/src/tests/lib/results.py
js/src/tests/lib/tasks_unix.py
js/src/tests/lib/tasks_win.py
js/src/tests/lib/terminal_unix.py
js/src/tests/lib/terminal_win.py
js/src/tests/lib/tests.py
js/src/tests/moz.build
js/src/tests/parsemark.py
js/src/tests/shell.js
js/src/tests/shell/README
js/src/tests/shell/futex.js
js/src/tests/shell/gcstats.js
js/src/tests/shell/os.js
js/src/tests/shell/shell.js
js/src/tests/shell/warning.js
js/src/tests/style/BadIncludes.h
js/src/tests/style/BadIncludes2-inl.h
js/src/tests/style/BadIncludes2.h
js/src/tests/style/BadIncludesOrder-inl.h
js/src/tests/style/HeaderCycleA1.h
js/src/tests/style/HeaderCycleA2.h
js/src/tests/style/HeaderCycleA3.h
js/src/tests/style/HeaderCycleB1-inl.h
js/src/tests/style/HeaderCycleB2-inl.h
js/src/tests/style/HeaderCycleB3-inl.h
js/src/tests/style/HeaderCycleB4-inl.h
js/src/tests/style/jsheadercycleB5inlines.h
js/src/tests/supporting/README
js/src/tests/supporting/sta.js
js/src/tests/supporting/test262-browser.js
js/src/tests/supporting/test262-shell.js
js/src/tests/supporting/test402-browser.js
js/src/tests/supporting/test402-shell.js
js/src/tests/supporting/testBuiltInObject.js
js/src/tests/supporting/testIntl.js
js/src/tests/test262/HG-INFO
js/src/tests/test262/LICENSE
js/src/tests/test262/browser.js
js/src/tests/test262/built-ins/Object/getOwnPropertyDescriptors/duplicate-keys.js
js/src/tests/test262/built-ins/Object/getOwnPropertyDescriptors/exception-not-object-coercible.js
js/src/tests/test262/built-ins/Object/getOwnPropertyDescriptors/function-length.js
js/src/tests/test262/built-ins/Object/getOwnPropertyDescriptors/function-name.js
js/src/tests/test262/built-ins/Object/getOwnPropertyDescriptors/function-property-descriptor.js
js/src/tests/test262/built-ins/Object/getOwnPropertyDescriptors/inherited-properties-omitted.js
js/src/tests/test262/built-ins/Object/getOwnPropertyDescriptors/normal-object.js
js/src/tests/test262/built-ins/Object/getOwnPropertyDescriptors/observable-operations.js
js/src/tests/test262/built-ins/Object/getOwnPropertyDescriptors/primitive-booleans.js
js/src/tests/test262/built-ins/Object/getOwnPropertyDescriptors/primitive-numbers.js
js/src/tests/test262/built-ins/Object/getOwnPropertyDescriptors/primitive-strings.js
js/src/tests/test262/built-ins/Object/getOwnPropertyDescriptors/primitive-symbols.js
js/src/tests/test262/built-ins/Object/getOwnPropertyDescriptors/proxy-undefined-descriptor.js
js/src/tests/test262/built-ins/Object/getOwnPropertyDescriptors/shell.js
js/src/tests/test262/built-ins/Object/getOwnPropertyDescriptors/symbols-included.js
js/src/tests/test262/built-ins/Object/getOwnPropertyDescriptors/tamper-with-global-object.js
js/src/tests/test262/built-ins/Object/getOwnPropertyDescriptors/tamper-with-object-keys.js
js/src/tests/test262/built-ins/Object/shell.js
js/src/tests/test262/built-ins/global/global-object.js
js/src/tests/test262/built-ins/global/property-descriptor.js
js/src/tests/test262/built-ins/global/shell.js
js/src/tests/test262/built-ins/shell.js
js/src/tests/test262/ch06/6.1.js
js/src/tests/test262/ch06/browser.js
js/src/tests/test262/ch06/shell.js
js/src/tests/test262/ch07/7.2/S7.2_A1.1_T1.js
js/src/tests/test262/ch07/7.2/S7.2_A1.1_T2.js
js/src/tests/test262/ch07/7.2/S7.2_A1.2_T1.js
js/src/tests/test262/ch07/7.2/S7.2_A1.2_T2.js
js/src/tests/test262/ch07/7.2/S7.2_A1.3_T1.js
js/src/tests/test262/ch07/7.2/S7.2_A1.3_T2.js
js/src/tests/test262/ch07/7.2/S7.2_A1.4_T1.js
js/src/tests/test262/ch07/7.2/S7.2_A1.4_T2.js
js/src/tests/test262/ch07/7.2/S7.2_A1.5_T1.js
js/src/tests/test262/ch07/7.2/S7.2_A1.5_T2.js
js/src/tests/test262/ch07/7.2/S7.2_A2.1_T1.js
js/src/tests/test262/ch07/7.2/S7.2_A2.1_T2.js
js/src/tests/test262/ch07/7.2/S7.2_A2.2_T1.js
js/src/tests/test262/ch07/7.2/S7.2_A2.2_T2.js
js/src/tests/test262/ch07/7.2/S7.2_A2.3_T1.js
js/src/tests/test262/ch07/7.2/S7.2_A2.3_T2.js
js/src/tests/test262/ch07/7.2/S7.2_A2.4_T1.js
js/src/tests/test262/ch07/7.2/S7.2_A2.4_T2.js
js/src/tests/test262/ch07/7.2/S7.2_A2.5_T1.js
js/src/tests/test262/ch07/7.2/S7.2_A2.5_T2.js
js/src/tests/test262/ch07/7.2/S7.2_A3.1_T1.js
js/src/tests/test262/ch07/7.2/S7.2_A3.1_T2.js
js/src/tests/test262/ch07/7.2/S7.2_A3.2_T1.js
js/src/tests/test262/ch07/7.2/S7.2_A3.2_T2.js
js/src/tests/test262/ch07/7.2/S7.2_A3.3_T1.js
js/src/tests/test262/ch07/7.2/S7.2_A3.3_T2.js
js/src/tests/test262/ch07/7.2/S7.2_A3.4_T1.js
js/src/tests/test262/ch07/7.2/S7.2_A3.4_T2.js
js/src/tests/test262/ch07/7.2/S7.2_A3.5_T1.js
js/src/tests/test262/ch07/7.2/S7.2_A3.5_T2.js
js/src/tests/test262/ch07/7.2/S7.2_A4.1_T1.js
js/src/tests/test262/ch07/7.2/S7.2_A4.1_T2.js
js/src/tests/test262/ch07/7.2/S7.2_A4.2_T1.js
js/src/tests/test262/ch07/7.2/S7.2_A4.2_T2.js
js/src/tests/test262/ch07/7.2/S7.2_A4.3_T1.js
js/src/tests/test262/ch07/7.2/S7.2_A4.3_T2.js
js/src/tests/test262/ch07/7.2/S7.2_A4.4_T1.js
js/src/tests/test262/ch07/7.2/S7.2_A4.4_T2.js
js/src/tests/test262/ch07/7.2/S7.2_A4.5_T1.js
js/src/tests/test262/ch07/7.2/S7.2_A4.5_T2.js
js/src/tests/test262/ch07/7.2/S7.2_A5_T1.js
js/src/tests/test262/ch07/7.2/S7.2_A5_T2.js
js/src/tests/test262/ch07/7.2/S7.2_A5_T3.js
js/src/tests/test262/ch07/7.2/S7.2_A5_T4.js
js/src/tests/test262/ch07/7.2/S7.2_A5_T5.js
js/src/tests/test262/ch07/7.2/browser.js
js/src/tests/test262/ch07/7.2/shell.js
js/src/tests/test262/ch07/7.3/7.3-1.js
js/src/tests/test262/ch07/7.3/7.3-10.js
js/src/tests/test262/ch07/7.3/7.3-11.js
js/src/tests/test262/ch07/7.3/7.3-12.js
js/src/tests/test262/ch07/7.3/7.3-13.js
js/src/tests/test262/ch07/7.3/7.3-14.js
js/src/tests/test262/ch07/7.3/7.3-15.js
js/src/tests/test262/ch07/7.3/7.3-2.js
js/src/tests/test262/ch07/7.3/7.3-3.js
js/src/tests/test262/ch07/7.3/7.3-4.js
js/src/tests/test262/ch07/7.3/7.3-5.js
js/src/tests/test262/ch07/7.3/7.3-6.js
js/src/tests/test262/ch07/7.3/7.3-7.js
js/src/tests/test262/ch07/7.3/7.3-8.js
js/src/tests/test262/ch07/7.3/7.3-9.js
js/src/tests/test262/ch07/7.3/S7.3_A1.1_T1.js
js/src/tests/test262/ch07/7.3/S7.3_A1.1_T2.js
js/src/tests/test262/ch07/7.3/S7.3_A1.2_T1.js
js/src/tests/test262/ch07/7.3/S7.3_A1.2_T2.js
js/src/tests/test262/ch07/7.3/S7.3_A1.3.js
js/src/tests/test262/ch07/7.3/S7.3_A1.4.js
js/src/tests/test262/ch07/7.3/S7.3_A2.1_T1.js
js/src/tests/test262/ch07/7.3/S7.3_A2.1_T2.js
js/src/tests/test262/ch07/7.3/S7.3_A2.2_T1.js
js/src/tests/test262/ch07/7.3/S7.3_A2.2_T2.js
js/src/tests/test262/ch07/7.3/S7.3_A2.3.js
js/src/tests/test262/ch07/7.3/S7.3_A2.4.js
js/src/tests/test262/ch07/7.3/S7.3_A3.1_T1.js
js/src/tests/test262/ch07/7.3/S7.3_A3.1_T2.js
js/src/tests/test262/ch07/7.3/S7.3_A3.1_T3.js
js/src/tests/test262/ch07/7.3/S7.3_A3.2_T1.js
js/src/tests/test262/ch07/7.3/S7.3_A3.2_T2.js
js/src/tests/test262/ch07/7.3/S7.3_A3.2_T3.js
js/src/tests/test262/ch07/7.3/S7.3_A3.3_T1.js
js/src/tests/test262/ch07/7.3/S7.3_A3.3_T2.js
js/src/tests/test262/ch07/7.3/S7.3_A3.4_T1.js
js/src/tests/test262/ch07/7.3/S7.3_A3.4_T2.js
js/src/tests/test262/ch07/7.3/S7.3_A4_T1.js
js/src/tests/test262/ch07/7.3/S7.3_A4_T2.js
js/src/tests/test262/ch07/7.3/S7.3_A4_T3.js
js/src/tests/test262/ch07/7.3/S7.3_A4_T4.js
js/src/tests/test262/ch07/7.3/S7.3_A5.1_T1.js
js/src/tests/test262/ch07/7.3/S7.3_A5.1_T2.js
js/src/tests/test262/ch07/7.3/S7.3_A5.2_T1.js
js/src/tests/test262/ch07/7.3/S7.3_A5.2_T2.js
js/src/tests/test262/ch07/7.3/S7.3_A5.3.js
js/src/tests/test262/ch07/7.3/S7.3_A5.4.js
js/src/tests/test262/ch07/7.3/S7.3_A6_T1.js
js/src/tests/test262/ch07/7.3/S7.3_A6_T2.js
js/src/tests/test262/ch07/7.3/S7.3_A6_T3.js
js/src/tests/test262/ch07/7.3/S7.3_A6_T4.js
js/src/tests/test262/ch07/7.3/S7.3_A7_T1.js
js/src/tests/test262/ch07/7.3/S7.3_A7_T2.js
js/src/tests/test262/ch07/7.3/S7.3_A7_T3.js
js/src/tests/test262/ch07/7.3/S7.3_A7_T4.js
js/src/tests/test262/ch07/7.3/S7.3_A7_T5.js
js/src/tests/test262/ch07/7.3/S7.3_A7_T6.js
js/src/tests/test262/ch07/7.3/S7.3_A7_T7.js
js/src/tests/test262/ch07/7.3/S7.3_A7_T8.js
js/src/tests/test262/ch07/7.3/browser.js
js/src/tests/test262/ch07/7.3/shell.js
js/src/tests/test262/ch07/7.4/S7.4_A1_T1.js
js/src/tests/test262/ch07/7.4/S7.4_A1_T2.js
js/src/tests/test262/ch07/7.4/S7.4_A2_T1.js
js/src/tests/test262/ch07/7.4/S7.4_A2_T2.js
js/src/tests/test262/ch07/7.4/S7.4_A3.js
js/src/tests/test262/ch07/7.4/S7.4_A4_T1.js
js/src/tests/test262/ch07/7.4/S7.4_A4_T2.js
js/src/tests/test262/ch07/7.4/S7.4_A4_T3.js
js/src/tests/test262/ch07/7.4/S7.4_A4_T4.js
js/src/tests/test262/ch07/7.4/S7.4_A4_T5.js
js/src/tests/test262/ch07/7.4/S7.4_A4_T6.js
js/src/tests/test262/ch07/7.4/S7.4_A4_T7.js
js/src/tests/test262/ch07/7.4/S7.4_A5.js
js/src/tests/test262/ch07/7.4/S7.4_A6.js
js/src/tests/test262/ch07/7.4/browser.js
js/src/tests/test262/ch07/7.4/shell.js
js/src/tests/test262/ch07/7.6/7.6-1.js
js/src/tests/test262/ch07/7.6/7.6-10.js
js/src/tests/test262/ch07/7.6/7.6-11.js
js/src/tests/test262/ch07/7.6/7.6-12.js
js/src/tests/test262/ch07/7.6/7.6-13.js
js/src/tests/test262/ch07/7.6/7.6-14.js
js/src/tests/test262/ch07/7.6/7.6-15.js
js/src/tests/test262/ch07/7.6/7.6-16.js
js/src/tests/test262/ch07/7.6/7.6-17.js
js/src/tests/test262/ch07/7.6/7.6-18.js
js/src/tests/test262/ch07/7.6/7.6-19.js
js/src/tests/test262/ch07/7.6/7.6-2.js
js/src/tests/test262/ch07/7.6/7.6-20.js
js/src/tests/test262/ch07/7.6/7.6-21.js
js/src/tests/test262/ch07/7.6/7.6-22.js
js/src/tests/test262/ch07/7.6/7.6-23.js
js/src/tests/test262/ch07/7.6/7.6-24.js
js/src/tests/test262/ch07/7.6/7.6-25.js
js/src/tests/test262/ch07/7.6/7.6-26.js
js/src/tests/test262/ch07/7.6/7.6-27.js
js/src/tests/test262/ch07/7.6/7.6-28.js
js/src/tests/test262/ch07/7.6/7.6-29.js
js/src/tests/test262/ch07/7.6/7.6-3.js
js/src/tests/test262/ch07/7.6/7.6-30.js
js/src/tests/test262/ch07/7.6/7.6-31.js
js/src/tests/test262/ch07/7.6/7.6-32.js
js/src/tests/test262/ch07/7.6/7.6-33.js
js/src/tests/test262/ch07/7.6/7.6-34.js
js/src/tests/test262/ch07/7.6/7.6-35.js
js/src/tests/test262/ch07/7.6/7.6-36.js
js/src/tests/test262/ch07/7.6/7.6-4.js
js/src/tests/test262/ch07/7.6/7.6-5.js
js/src/tests/test262/ch07/7.6/7.6-6.js
js/src/tests/test262/ch07/7.6/7.6-7.js
js/src/tests/test262/ch07/7.6/7.6-8.js
js/src/tests/test262/ch07/7.6/7.6-9.js
js/src/tests/test262/ch07/7.6/7.6.1/7.6.1-1-1.js
js/src/tests/test262/ch07/7.6/7.6.1/7.6.1-1-10.js
js/src/tests/test262/ch07/7.6/7.6.1/7.6.1-1-11.js
js/src/tests/test262/ch07/7.6/7.6.1/7.6.1-1-12.js
js/src/tests/test262/ch07/7.6/7.6.1/7.6.1-1-13.js
js/src/tests/test262/ch07/7.6/7.6.1/7.6.1-1-14.js
js/src/tests/test262/ch07/7.6/7.6.1/7.6.1-1-15.js
js/src/tests/test262/ch07/7.6/7.6.1/7.6.1-1-16.js
js/src/tests/test262/ch07/7.6/7.6.1/7.6.1-1-2.js
js/src/tests/test262/ch07/7.6/7.6.1/7.6.1-1-3.js
js/src/tests/test262/ch07/7.6/7.6.1/7.6.1-1-4.js
js/src/tests/test262/ch07/7.6/7.6.1/7.6.1-1-5.js
js/src/tests/test262/ch07/7.6/7.6.1/7.6.1-1-6.js
js/src/tests/test262/ch07/7.6/7.6.1/7.6.1-1-7.js
js/src/tests/test262/ch07/7.6/7.6.1/7.6.1-1-8.js
js/src/tests/test262/ch07/7.6/7.6.1/7.6.1-1-9.js
js/src/tests/test262/ch07/7.6/7.6.1/7.6.1-2-1.js
js/src/tests/test262/ch07/7.6/7.6.1/7.6.1-2-10.js
js/src/tests/test262/ch07/7.6/7.6.1/7.6.1-2-11.js
js/src/tests/test262/ch07/7.6/7.6.1/7.6.1-2-12.js
js/src/tests/test262/ch07/7.6/7.6.1/7.6.1-2-13.js
js/src/tests/test262/ch07/7.6/7.6.1/7.6.1-2-14.js
js/src/tests/test262/ch07/7.6/7.6.1/7.6.1-2-15.js
js/src/tests/test262/ch07/7.6/7.6.1/7.6.1-2-16.js
js/src/tests/test262/ch07/7.6/7.6.1/7.6.1-2-2.js
js/src/tests/test262/ch07/7.6/7.6.1/7.6.1-2-3.js
js/src/tests/test262/ch07/7.6/7.6.1/7.6.1-2-4.js
js/src/tests/test262/ch07/7.6/7.6.1/7.6.1-2-5.js
js/src/tests/test262/ch07/7.6/7.6.1/7.6.1-2-6.js
js/src/tests/test262/ch07/7.6/7.6.1/7.6.1-2-7.js
js/src/tests/test262/ch07/7.6/7.6.1/7.6.1-2-8.js
js/src/tests/test262/ch07/7.6/7.6.1/7.6.1-2-9.js
js/src/tests/test262/ch07/7.6/7.6.1/7.6.1-3-1.js
js/src/tests/test262/ch07/7.6/7.6.1/7.6.1-3-10.js
js/src/tests/test262/ch07/7.6/7.6.1/7.6.1-3-11.js
js/src/tests/test262/ch07/7.6/7.6.1/7.6.1-3-12.js
js/src/tests/test262/ch07/7.6/7.6.1/7.6.1-3-13.js
js/src/tests/test262/ch07/7.6/7.6.1/7.6.1-3-14.js
js/src/tests/test262/ch07/7.6/7.6.1/7.6.1-3-15.js
js/src/tests/test262/ch07/7.6/7.6.1/7.6.1-3-16.js
js/src/tests/test262/ch07/7.6/7.6.1/7.6.1-3-2.js
js/src/tests/test262/ch07/7.6/7.6.1/7.6.1-3-3.js
js/src/tests/test262/ch07/7.6/7.6.1/7.6.1-3-4.js
js/src/tests/test262/ch07/7.6/7.6.1/7.6.1-3-5.js
js/src/tests/test262/ch07/7.6/7.6.1/7.6.1-3-6.js
js/src/tests/test262/ch07/7.6/7.6.1/7.6.1-3-7.js
js/src/tests/test262/ch07/7.6/7.6.1/7.6.1-3-8.js
js/src/tests/test262/ch07/7.6/7.6.1/7.6.1-3-9.js
js/src/tests/test262/ch07/7.6/7.6.1/7.6.1-4-1.js
js/src/tests/test262/ch07/7.6/7.6.1/7.6.1-4-10.js
js/src/tests/test262/ch07/7.6/7.6.1/7.6.1-4-11.js
js/src/tests/test262/ch07/7.6/7.6.1/7.6.1-4-12.js
js/src/tests/test262/ch07/7.6/7.6.1/7.6.1-4-13.js
js/src/tests/test262/ch07/7.6/7.6.1/7.6.1-4-14.js
js/src/tests/test262/ch07/7.6/7.6.1/7.6.1-4-15.js
js/src/tests/test262/ch07/7.6/7.6.1/7.6.1-4-16.js
js/src/tests/test262/ch07/7.6/7.6.1/7.6.1-4-2.js
js/src/tests/test262/ch07/7.6/7.6.1/7.6.1-4-3.js
js/src/tests/test262/ch07/7.6/7.6.1/7.6.1-4-4.js
js/src/tests/test262/ch07/7.6/7.6.1/7.6.1-4-5.js
js/src/tests/test262/ch07/7.6/7.6.1/7.6.1-4-6.js
js/src/tests/test262/ch07/7.6/7.6.1/7.6.1-4-7.js
js/src/tests/test262/ch07/7.6/7.6.1/7.6.1-4-8.js
js/src/tests/test262/ch07/7.6/7.6.1/7.6.1-4-9.js
js/src/tests/test262/ch07/7.6/7.6.1/7.6.1-5-1.js
js/src/tests/test262/ch07/7.6/7.6.1/7.6.1-5-10.js
js/src/tests/test262/ch07/7.6/7.6.1/7.6.1-5-11.js
js/src/tests/test262/ch07/7.6/7.6.1/7.6.1-5-12.js
js/src/tests/test262/ch07/7.6/7.6.1/7.6.1-5-13.js
js/src/tests/test262/ch07/7.6/7.6.1/7.6.1-5-14.js
js/src/tests/test262/ch07/7.6/7.6.1/7.6.1-5-15.js
js/src/tests/test262/ch07/7.6/7.6.1/7.6.1-5-16.js
js/src/tests/test262/ch07/7.6/7.6.1/7.6.1-5-2.js
js/src/tests/test262/ch07/7.6/7.6.1/7.6.1-5-3.js
js/src/tests/test262/ch07/7.6/7.6.1/7.6.1-5-4.js
js/src/tests/test262/ch07/7.6/7.6.1/7.6.1-5-5.js
js/src/tests/test262/ch07/7.6/7.6.1/7.6.1-5-6.js
js/src/tests/test262/ch07/7.6/7.6.1/7.6.1-5-7.js
js/src/tests/test262/ch07/7.6/7.6.1/7.6.1-5-8.js
js/src/tests/test262/ch07/7.6/7.6.1/7.6.1-5-9.js
js/src/tests/test262/ch07/7.6/7.6.1/7.6.1-6-1.js
js/src/tests/test262/ch07/7.6/7.6.1/7.6.1-6-10.js
js/src/tests/test262/ch07/7.6/7.6.1/7.6.1-6-11.js
js/src/tests/test262/ch07/7.6/7.6.1/7.6.1-6-12.js
js/src/tests/test262/ch07/7.6/7.6.1/7.6.1-6-13.js
js/src/tests/test262/ch07/7.6/7.6.1/7.6.1-6-14.js
js/src/tests/test262/ch07/7.6/7.6.1/7.6.1-6-15.js
js/src/tests/test262/ch07/7.6/7.6.1/7.6.1-6-16.js
js/src/tests/test262/ch07/7.6/7.6.1/7.6.1-6-2.js
js/src/tests/test262/ch07/7.6/7.6.1/7.6.1-6-3.js
js/src/tests/test262/ch07/7.6/7.6.1/7.6.1-6-4.js
js/src/tests/test262/ch07/7.6/7.6.1/7.6.1-6-5.js
js/src/tests/test262/ch07/7.6/7.6.1/7.6.1-6-6.js
js/src/tests/test262/ch07/7.6/7.6.1/7.6.1-6-7.js
js/src/tests/test262/ch07/7.6/7.6.1/7.6.1-6-8.js
js/src/tests/test262/ch07/7.6/7.6.1/7.6.1-6-9.js
js/src/tests/test262/ch07/7.6/7.6.1/7.6.1-7-1.js
js/src/tests/test262/ch07/7.6/7.6.1/7.6.1-7-10.js
js/src/tests/test262/ch07/7.6/7.6.1/7.6.1-7-11.js
js/src/tests/test262/ch07/7.6/7.6.1/7.6.1-7-12.js
js/src/tests/test262/ch07/7.6/7.6.1/7.6.1-7-13.js
js/src/tests/test262/ch07/7.6/7.6.1/7.6.1-7-14.js
js/src/tests/test262/ch07/7.6/7.6.1/7.6.1-7-15.js
js/src/tests/test262/ch07/7.6/7.6.1/7.6.1-7-16.js
js/src/tests/test262/ch07/7.6/7.6.1/7.6.1-7-2.js
js/src/tests/test262/ch07/7.6/7.6.1/7.6.1-7-3.js
js/src/tests/test262/ch07/7.6/7.6.1/7.6.1-7-4.js
js/src/tests/test262/ch07/7.6/7.6.1/7.6.1-7-5.js
js/src/tests/test262/ch07/7.6/7.6.1/7.6.1-7-6.js
js/src/tests/test262/ch07/7.6/7.6.1/7.6.1-7-7.js
js/src/tests/test262/ch07/7.6/7.6.1/7.6.1-7-8.js
js/src/tests/test262/ch07/7.6/7.6.1/7.6.1-7-9.js
js/src/tests/test262/ch07/7.6/7.6.1/7.6.1-8-1.js
js/src/tests/test262/ch07/7.6/7.6.1/7.6.1-8-10.js
js/src/tests/test262/ch07/7.6/7.6.1/7.6.1-8-11.js
js/src/tests/test262/ch07/7.6/7.6.1/7.6.1-8-12.js
js/src/tests/test262/ch07/7.6/7.6.1/7.6.1-8-13.js
js/src/tests/test262/ch07/7.6/7.6.1/7.6.1-8-14.js
js/src/tests/test262/ch07/7.6/7.6.1/7.6.1-8-15.js
js/src/tests/test262/ch07/7.6/7.6.1/7.6.1-8-16.js
js/src/tests/test262/ch07/7.6/7.6.1/7.6.1-8-2.js
js/src/tests/test262/ch07/7.6/7.6.1/7.6.1-8-3.js
js/src/tests/test262/ch07/7.6/7.6.1/7.6.1-8-4.js
js/src/tests/test262/ch07/7.6/7.6.1/7.6.1-8-5.js
js/src/tests/test262/ch07/7.6/7.6.1/7.6.1-8-6.js
js/src/tests/test262/ch07/7.6/7.6.1/7.6.1-8-7.js
js/src/tests/test262/ch07/7.6/7.6.1/7.6.1-8-8.js
js/src/tests/test262/ch07/7.6/7.6.1/7.6.1-8-9.js
js/src/tests/test262/ch07/7.6/7.6.1/7.6.1.1/S7.6.1.1_A1.1.js
js/src/tests/test262/ch07/7.6/7.6.1/7.6.1.1/S7.6.1.1_A1.10.js
js/src/tests/test262/ch07/7.6/7.6.1/7.6.1.1/S7.6.1.1_A1.11.js
js/src/tests/test262/ch07/7.6/7.6.1/7.6.1.1/S7.6.1.1_A1.12.js
js/src/tests/test262/ch07/7.6/7.6.1/7.6.1.1/S7.6.1.1_A1.13.js
js/src/tests/test262/ch07/7.6/7.6.1/7.6.1.1/S7.6.1.1_A1.14.js
js/src/tests/test262/ch07/7.6/7.6.1/7.6.1.1/S7.6.1.1_A1.15.js
js/src/tests/test262/ch07/7.6/7.6.1/7.6.1.1/S7.6.1.1_A1.16.js
js/src/tests/test262/ch07/7.6/7.6.1/7.6.1.1/S7.6.1.1_A1.17.js
js/src/tests/test262/ch07/7.6/7.6.1/7.6.1.1/S7.6.1.1_A1.18.js
js/src/tests/test262/ch07/7.6/7.6.1/7.6.1.1/S7.6.1.1_A1.19.js
js/src/tests/test262/ch07/7.6/7.6.1/7.6.1.1/S7.6.1.1_A1.2.js
js/src/tests/test262/ch07/7.6/7.6.1/7.6.1.1/S7.6.1.1_A1.20.js
js/src/tests/test262/ch07/7.6/7.6.1/7.6.1.1/S7.6.1.1_A1.21.js
js/src/tests/test262/ch07/7.6/7.6.1/7.6.1.1/S7.6.1.1_A1.22.js
js/src/tests/test262/ch07/7.6/7.6.1/7.6.1.1/S7.6.1.1_A1.23.js
js/src/tests/test262/ch07/7.6/7.6.1/7.6.1.1/S7.6.1.1_A1.24.js
js/src/tests/test262/ch07/7.6/7.6.1/7.6.1.1/S7.6.1.1_A1.25.js
js/src/tests/test262/ch07/7.6/7.6.1/7.6.1.1/S7.6.1.1_A1.3.js
js/src/tests/test262/ch07/7.6/7.6.1/7.6.1.1/S7.6.1.1_A1.4.js
js/src/tests/test262/ch07/7.6/7.6.1/7.6.1.1/S7.6.1.1_A1.5.js
js/src/tests/test262/ch07/7.6/7.6.1/7.6.1.1/S7.6.1.1_A1.6.js
js/src/tests/test262/ch07/7.6/7.6.1/7.6.1.1/S7.6.1.1_A1.7.js
js/src/tests/test262/ch07/7.6/7.6.1/7.6.1.1/S7.6.1.1_A1.8.js
js/src/tests/test262/ch07/7.6/7.6.1/7.6.1.1/S7.6.1.1_A1.9.js
js/src/tests/test262/ch07/7.6/7.6.1/7.6.1.1/browser.js
js/src/tests/test262/ch07/7.6/7.6.1/7.6.1.1/shell.js
js/src/tests/test262/ch07/7.6/7.6.1/7.6.1.2-1gs.js
js/src/tests/test262/ch07/7.6/7.6.1/7.6.1.2/7.6.1-17-s.js
js/src/tests/test262/ch07/7.6/7.6.1/7.6.1.2/7.6.1-18-s.js
js/src/tests/test262/ch07/7.6/7.6.1/7.6.1.2/7.6.1-19-s.js
js/src/tests/test262/ch07/7.6/7.6.1/7.6.1.2/7.6.1-20-s.js
js/src/tests/test262/ch07/7.6/7.6.1/7.6.1.2/7.6.1-21-s.js
js/src/tests/test262/ch07/7.6/7.6.1/7.6.1.2/7.6.1-22-s.js
js/src/tests/test262/ch07/7.6/7.6.1/7.6.1.2/7.6.1-23-s.js
js/src/tests/test262/ch07/7.6/7.6.1/7.6.1.2/7.6.1-24-s.js
js/src/tests/test262/ch07/7.6/7.6.1/7.6.1.2/7.6.1-25-s.js
js/src/tests/test262/ch07/7.6/7.6.1/7.6.1.2/7.6.1.2-1-s.js
js/src/tests/test262/ch07/7.6/7.6.1/7.6.1.2/7.6.1.2-10-s.js
js/src/tests/test262/ch07/7.6/7.6.1/7.6.1.2/7.6.1.2-11-s.js
js/src/tests/test262/ch07/7.6/7.6.1/7.6.1.2/7.6.1.2-12-s.js
js/src/tests/test262/ch07/7.6/7.6.1/7.6.1.2/7.6.1.2-13-s.js
js/src/tests/test262/ch07/7.6/7.6.1/7.6.1.2/7.6.1.2-14-s.js
js/src/tests/test262/ch07/7.6/7.6.1/7.6.1.2/7.6.1.2-16-s.js
js/src/tests/test262/ch07/7.6/7.6.1/7.6.1.2/7.6.1.2-2-s.js
js/src/tests/test262/ch07/7.6/7.6.1/7.6.1.2/7.6.1.2-3-s.js
js/src/tests/test262/ch07/7.6/7.6.1/7.6.1.2/7.6.1.2-4-s.js
js/src/tests/test262/ch07/7.6/7.6.1/7.6.1.2/7.6.1.2-5-s.js
js/src/tests/test262/ch07/7.6/7.6.1/7.6.1.2/7.6.1.2-6-s.js
js/src/tests/test262/ch07/7.6/7.6.1/7.6.1.2/7.6.1.2-7-s.js
js/src/tests/test262/ch07/7.6/7.6.1/7.6.1.2/7.6.1.2-8-s.js
js/src/tests/test262/ch07/7.6/7.6.1/7.6.1.2/7.6.1.2-9-s.js
js/src/tests/test262/ch07/7.6/7.6.1/7.6.1.2/S7.6.1.2_A1.1.js
js/src/tests/test262/ch07/7.6/7.6.1/7.6.1.2/S7.6.1.2_A1.10.js
js/src/tests/test262/ch07/7.6/7.6.1/7.6.1.2/S7.6.1.2_A1.11.js
js/src/tests/test262/ch07/7.6/7.6.1/7.6.1.2/S7.6.1.2_A1.12.js
js/src/tests/test262/ch07/7.6/7.6.1/7.6.1.2/S7.6.1.2_A1.13.js
js/src/tests/test262/ch07/7.6/7.6.1/7.6.1.2/S7.6.1.2_A1.14.js
js/src/tests/test262/ch07/7.6/7.6.1/7.6.1.2/S7.6.1.2_A1.15.js
js/src/tests/test262/ch07/7.6/7.6.1/7.6.1.2/S7.6.1.2_A1.15ns.js
js/src/tests/test262/ch07/7.6/7.6.1/7.6.1.2/S7.6.1.2_A1.16.js
js/src/tests/test262/ch07/7.6/7.6.1/7.6.1.2/S7.6.1.2_A1.17.js
js/src/tests/test262/ch07/7.6/7.6.1/7.6.1.2/S7.6.1.2_A1.18.js
js/src/tests/test262/ch07/7.6/7.6.1/7.6.1.2/S7.6.1.2_A1.18ns.js
js/src/tests/test262/ch07/7.6/7.6.1/7.6.1.2/S7.6.1.2_A1.19.js
js/src/tests/test262/ch07/7.6/7.6.1/7.6.1.2/S7.6.1.2_A1.2.js
js/src/tests/test262/ch07/7.6/7.6.1/7.6.1.2/S7.6.1.2_A1.20.js
js/src/tests/test262/ch07/7.6/7.6.1/7.6.1.2/S7.6.1.2_A1.21.js
js/src/tests/test262/ch07/7.6/7.6.1/7.6.1.2/S7.6.1.2_A1.21ns.js
js/src/tests/test262/ch07/7.6/7.6.1/7.6.1.2/S7.6.1.2_A1.22.js
js/src/tests/test262/ch07/7.6/7.6.1/7.6.1.2/S7.6.1.2_A1.22ns.js
js/src/tests/test262/ch07/7.6/7.6.1/7.6.1.2/S7.6.1.2_A1.23.js
js/src/tests/test262/ch07/7.6/7.6.1/7.6.1.2/S7.6.1.2_A1.23ns.js
js/src/tests/test262/ch07/7.6/7.6.1/7.6.1.2/S7.6.1.2_A1.24.js
js/src/tests/test262/ch07/7.6/7.6.1/7.6.1.2/S7.6.1.2_A1.24ns.js
js/src/tests/test262/ch07/7.6/7.6.1/7.6.1.2/S7.6.1.2_A1.25.js
js/src/tests/test262/ch07/7.6/7.6.1/7.6.1.2/S7.6.1.2_A1.26.js
js/src/tests/test262/ch07/7.6/7.6.1/7.6.1.2/S7.6.1.2_A1.26ns.js
js/src/tests/test262/ch07/7.6/7.6.1/7.6.1.2/S7.6.1.2_A1.27.js
js/src/tests/test262/ch07/7.6/7.6.1/7.6.1.2/S7.6.1.2_A1.28.js
js/src/tests/test262/ch07/7.6/7.6.1/7.6.1.2/S7.6.1.2_A1.29.js
js/src/tests/test262/ch07/7.6/7.6.1/7.6.1.2/S7.6.1.2_A1.3.js
js/src/tests/test262/ch07/7.6/7.6.1/7.6.1.2/S7.6.1.2_A1.30.js
js/src/tests/test262/ch07/7.6/7.6.1/7.6.1.2/S7.6.1.2_A1.31.js
js/src/tests/test262/ch07/7.6/7.6.1/7.6.1.2/S7.6.1.2_A1.4.js
js/src/tests/test262/ch07/7.6/7.6.1/7.6.1.2/S7.6.1.2_A1.5.js
js/src/tests/test262/ch07/7.6/7.6.1/7.6.1.2/S7.6.1.2_A1.6.js
js/src/tests/test262/ch07/7.6/7.6.1/7.6.1.2/S7.6.1.2_A1.7.js
js/src/tests/test262/ch07/7.6/7.6.1/7.6.1.2/S7.6.1.2_A1.8.js
js/src/tests/test262/ch07/7.6/7.6.1/7.6.1.2/S7.6.1.2_A1.9.js
js/src/tests/test262/ch07/7.6/7.6.1/7.6.1.2/browser.js
js/src/tests/test262/ch07/7.6/7.6.1/7.6.1.2/shell.js
js/src/tests/test262/ch07/7.6/7.6.1/S7.6.1_A1.1.js
js/src/tests/test262/ch07/7.6/7.6.1/S7.6.1_A1.2.js
js/src/tests/test262/ch07/7.6/7.6.1/S7.6.1_A1.3.js
js/src/tests/test262/ch07/7.6/7.6.1/S7.6.1_A2.js
js/src/tests/test262/ch07/7.6/7.6.1/browser.js
js/src/tests/test262/ch07/7.6/7.6.1/shell.js
js/src/tests/test262/ch07/7.6/S7.6_A1.2_T1.js
js/src/tests/test262/ch07/7.6/S7.6_A1.2_T2.js
js/src/tests/test262/ch07/7.6/S7.6_A1.2_T3.js
js/src/tests/test262/ch07/7.6/S7.6_A1.3_T1.js
js/src/tests/test262/ch07/7.6/S7.6_A1.3_T2.js
js/src/tests/test262/ch07/7.6/S7.6_A1.3_T3.js
js/src/tests/test262/ch07/7.6/S7.6_A2.1_T1.js
js/src/tests/test262/ch07/7.6/S7.6_A2.1_T2.js
js/src/tests/test262/ch07/7.6/S7.6_A2.1_T3.js
js/src/tests/test262/ch07/7.6/S7.6_A2.1_T4.js
js/src/tests/test262/ch07/7.6/S7.6_A4.1_T1.js
js/src/tests/test262/ch07/7.6/S7.6_A4.1_T2.js
js/src/tests/test262/ch07/7.6/S7.6_A4.2_T1.js
js/src/tests/test262/ch07/7.6/S7.6_A4.2_T2.js
js/src/tests/test262/ch07/7.6/S7.6_A4.3_T1.js
js/src/tests/test262/ch07/7.6/browser.js
js/src/tests/test262/ch07/7.6/shell.js
js/src/tests/test262/ch07/7.7/S7.7_A1.js
js/src/tests/test262/ch07/7.7/S7.7_A2_T1.js
js/src/tests/test262/ch07/7.7/S7.7_A2_T10.js
js/src/tests/test262/ch07/7.7/S7.7_A2_T2.js
js/src/tests/test262/ch07/7.7/S7.7_A2_T3.js
js/src/tests/test262/ch07/7.7/S7.7_A2_T4.js
js/src/tests/test262/ch07/7.7/S7.7_A2_T5.js
js/src/tests/test262/ch07/7.7/S7.7_A2_T6.js
js/src/tests/test262/ch07/7.7/S7.7_A2_T7.js
js/src/tests/test262/ch07/7.7/S7.7_A2_T8.js
js/src/tests/test262/ch07/7.7/S7.7_A2_T9.js
js/src/tests/test262/ch07/7.7/browser.js
js/src/tests/test262/ch07/7.7/shell.js
js/src/tests/test262/ch07/7.8/7.8.1/S7.8.1_A1_T1.js
js/src/tests/test262/ch07/7.8/7.8.1/S7.8.1_A1_T2.js
js/src/tests/test262/ch07/7.8/7.8.1/browser.js
js/src/tests/test262/ch07/7.8/7.8.1/shell.js
js/src/tests/test262/ch07/7.8/7.8.2/S7.8.2_A1_T1.js
js/src/tests/test262/ch07/7.8/7.8.2/S7.8.2_A1_T2.js
js/src/tests/test262/ch07/7.8/7.8.2/browser.js
js/src/tests/test262/ch07/7.8/7.8.2/shell.js
js/src/tests/test262/ch07/7.8/7.8.3/7.8.3-1-s.js
js/src/tests/test262/ch07/7.8/7.8.3/7.8.3-1gs.js
js/src/tests/test262/ch07/7.8/7.8.3/7.8.3-2-s.js
js/src/tests/test262/ch07/7.8/7.8.3/7.8.3-2gs.js
js/src/tests/test262/ch07/7.8/7.8.3/7.8.3-3-s.js
js/src/tests/test262/ch07/7.8/7.8.3/7.8.3-3gs.js
js/src/tests/test262/ch07/7.8/7.8.3/7.8.3-4-s.js
js/src/tests/test262/ch07/7.8/7.8.3/7.8.3-5-s.js
js/src/tests/test262/ch07/7.8/7.8.3/7.8.3-6-s.js
js/src/tests/test262/ch07/7.8/7.8.3/7.8.3-7-s.js
js/src/tests/test262/ch07/7.8/7.8.3/S7.8.3_A1.1_T1.js
js/src/tests/test262/ch07/7.8/7.8.3/S7.8.3_A1.1_T2.js
js/src/tests/test262/ch07/7.8/7.8.3/S7.8.3_A1.2_T1.js
js/src/tests/test262/ch07/7.8/7.8.3/S7.8.3_A1.2_T2.js
js/src/tests/test262/ch07/7.8/7.8.3/S7.8.3_A1.2_T3.js
js/src/tests/test262/ch07/7.8/7.8.3/S7.8.3_A1.2_T4.js
js/src/tests/test262/ch07/7.8/7.8.3/S7.8.3_A1.2_T5.js
js/src/tests/test262/ch07/7.8/7.8.3/S7.8.3_A1.2_T6.js
js/src/tests/test262/ch07/7.8/7.8.3/S7.8.3_A1.2_T7.js
js/src/tests/test262/ch07/7.8/7.8.3/S7.8.3_A1.2_T8.js
js/src/tests/test262/ch07/7.8/7.8.3/S7.8.3_A2.1_T1.js
js/src/tests/test262/ch07/7.8/7.8.3/S7.8.3_A2.1_T2.js
js/src/tests/test262/ch07/7.8/7.8.3/S7.8.3_A2.1_T3.js
js/src/tests/test262/ch07/7.8/7.8.3/S7.8.3_A2.2_T1.js
js/src/tests/test262/ch07/7.8/7.8.3/S7.8.3_A2.2_T2.js
js/src/tests/test262/ch07/7.8/7.8.3/S7.8.3_A2.2_T3.js
js/src/tests/test262/ch07/7.8/7.8.3/S7.8.3_A2.2_T4.js
js/src/tests/test262/ch07/7.8/7.8.3/S7.8.3_A2.2_T5.js
js/src/tests/test262/ch07/7.8/7.8.3/S7.8.3_A2.2_T6.js
js/src/tests/test262/ch07/7.8/7.8.3/S7.8.3_A2.2_T7.js
js/src/tests/test262/ch07/7.8/7.8.3/S7.8.3_A2.2_T8.js
js/src/tests/test262/ch07/7.8/7.8.3/S7.8.3_A3.1_T1.js
js/src/tests/test262/ch07/7.8/7.8.3/S7.8.3_A3.1_T2.js
js/src/tests/test262/ch07/7.8/7.8.3/S7.8.3_A3.2_T1.js
js/src/tests/test262/ch07/7.8/7.8.3/S7.8.3_A3.2_T2.js
js/src/tests/test262/ch07/7.8/7.8.3/S7.8.3_A3.2_T3.js
js/src/tests/test262/ch07/7.8/7.8.3/S7.8.3_A3.3_T1.js
js/src/tests/test262/ch07/7.8/7.8.3/S7.8.3_A3.3_T2.js
js/src/tests/test262/ch07/7.8/7.8.3/S7.8.3_A3.3_T3.js
js/src/tests/test262/ch07/7.8/7.8.3/S7.8.3_A3.3_T4.js
js/src/tests/test262/ch07/7.8/7.8.3/S7.8.3_A3.3_T5.js
js/src/tests/test262/ch07/7.8/7.8.3/S7.8.3_A3.3_T6.js
js/src/tests/test262/ch07/7.8/7.8.3/S7.8.3_A3.3_T7.js
js/src/tests/test262/ch07/7.8/7.8.3/S7.8.3_A3.3_T8.js
js/src/tests/test262/ch07/7.8/7.8.3/S7.8.3_A3.4_T1.js
js/src/tests/test262/ch07/7.8/7.8.3/S7.8.3_A3.4_T2.js
js/src/tests/test262/ch07/7.8/7.8.3/S7.8.3_A3.4_T3.js
js/src/tests/test262/ch07/7.8/7.8.3/S7.8.3_A3.4_T4.js
js/src/tests/test262/ch07/7.8/7.8.3/S7.8.3_A3.4_T5.js
js/src/tests/test262/ch07/7.8/7.8.3/S7.8.3_A3.4_T6.js
js/src/tests/test262/ch07/7.8/7.8.3/S7.8.3_A3.4_T7.js
js/src/tests/test262/ch07/7.8/7.8.3/S7.8.3_A3.4_T8.js
js/src/tests/test262/ch07/7.8/7.8.3/S7.8.3_A4.1_T1.js
js/src/tests/test262/ch07/7.8/7.8.3/S7.8.3_A4.1_T2.js
js/src/tests/test262/ch07/7.8/7.8.3/S7.8.3_A4.1_T3.js
js/src/tests/test262/ch07/7.8/7.8.3/S7.8.3_A4.1_T4.js
js/src/tests/test262/ch07/7.8/7.8.3/S7.8.3_A4.1_T5.js
js/src/tests/test262/ch07/7.8/7.8.3/S7.8.3_A4.1_T6.js
js/src/tests/test262/ch07/7.8/7.8.3/S7.8.3_A4.1_T7.js
js/src/tests/test262/ch07/7.8/7.8.3/S7.8.3_A4.1_T8.js
js/src/tests/test262/ch07/7.8/7.8.3/S7.8.3_A4.2_T1.js
js/src/tests/test262/ch07/7.8/7.8.3/S7.8.3_A4.2_T2.js
js/src/tests/test262/ch07/7.8/7.8.3/S7.8.3_A4.2_T3.js
js/src/tests/test262/ch07/7.8/7.8.3/S7.8.3_A4.2_T4.js
js/src/tests/test262/ch07/7.8/7.8.3/S7.8.3_A4.2_T5.js
js/src/tests/test262/ch07/7.8/7.8.3/S7.8.3_A4.2_T6.js
js/src/tests/test262/ch07/7.8/7.8.3/S7.8.3_A4.2_T7.js
js/src/tests/test262/ch07/7.8/7.8.3/S7.8.3_A4.2_T8.js
js/src/tests/test262/ch07/7.8/7.8.3/S7.8.3_A5.1_T1.js
js/src/tests/test262/ch07/7.8/7.8.3/S7.8.3_A5.1_T2.js
js/src/tests/test262/ch07/7.8/7.8.3/S7.8.3_A5.1_T3.js
js/src/tests/test262/ch07/7.8/7.8.3/S7.8.3_A5.1_T4.js
js/src/tests/test262/ch07/7.8/7.8.3/S7.8.3_A5.1_T5.js
js/src/tests/test262/ch07/7.8/7.8.3/S7.8.3_A5.1_T6.js
js/src/tests/test262/ch07/7.8/7.8.3/S7.8.3_A5.1_T7.js
js/src/tests/test262/ch07/7.8/7.8.3/S7.8.3_A5.1_T8.js
js/src/tests/test262/ch07/7.8/7.8.3/S7.8.3_A6.1_T1.js
js/src/tests/test262/ch07/7.8/7.8.3/S7.8.3_A6.1_T2.js
js/src/tests/test262/ch07/7.8/7.8.3/S7.8.3_A6.2_T1.js
js/src/tests/test262/ch07/7.8/7.8.3/S7.8.3_A6.2_T2.js
js/src/tests/test262/ch07/7.8/7.8.3/browser.js
js/src/tests/test262/ch07/7.8/7.8.3/shell.js
js/src/tests/test262/ch07/7.8/7.8.4/7.8.4-1-s.js
js/src/tests/test262/ch07/7.8/7.8.4/7.8.4-10-s.js
js/src/tests/test262/ch07/7.8/7.8.4/7.8.4-11-s.js
js/src/tests/test262/ch07/7.8/7.8.4/7.8.4-12-s.js
js/src/tests/test262/ch07/7.8/7.8.4/7.8.4-13-s.js
js/src/tests/test262/ch07/7.8/7.8.4/7.8.4-14-s.js
js/src/tests/test262/ch07/7.8/7.8.4/7.8.4-15-s.js
js/src/tests/test262/ch07/7.8/7.8.4/7.8.4-16-s.js
js/src/tests/test262/ch07/7.8/7.8.4/7.8.4-17-s.js
js/src/tests/test262/ch07/7.8/7.8.4/7.8.4-18-s.js
js/src/tests/test262/ch07/7.8/7.8.4/7.8.4-19-s.js
js/src/tests/test262/ch07/7.8/7.8.4/7.8.4-1gs.js
js/src/tests/test262/ch07/7.8/7.8.4/7.8.4-2-s.js
js/src/tests/test262/ch07/7.8/7.8.4/7.8.4-20-s.js
js/src/tests/test262/ch07/7.8/7.8.4/7.8.4-21-s.js
js/src/tests/test262/ch07/7.8/7.8.4/7.8.4-22-s.js
js/src/tests/test262/ch07/7.8/7.8.4/7.8.4-23-s.js
js/src/tests/test262/ch07/7.8/7.8.4/7.8.4-24-s.js
js/src/tests/test262/ch07/7.8/7.8.4/7.8.4-25-s.js
js/src/tests/test262/ch07/7.8/7.8.4/7.8.4-26-s.js
js/src/tests/test262/ch07/7.8/7.8.4/7.8.4-27-s.js
js/src/tests/test262/ch07/7.8/7.8.4/7.8.4-28-s.js
js/src/tests/test262/ch07/7.8/7.8.4/7.8.4-29-s.js
js/src/tests/test262/ch07/7.8/7.8.4/7.8.4-3-s.js
js/src/tests/test262/ch07/7.8/7.8.4/7.8.4-30-s.js
js/src/tests/test262/ch07/7.8/7.8.4/7.8.4-31-s.js
js/src/tests/test262/ch07/7.8/7.8.4/7.8.4-32-s.js
js/src/tests/test262/ch07/7.8/7.8.4/7.8.4-33-s.js
js/src/tests/test262/ch07/7.8/7.8.4/7.8.4-4-s.js
js/src/tests/test262/ch07/7.8/7.8.4/7.8.4-5-s.js
js/src/tests/test262/ch07/7.8/7.8.4/7.8.4-6-s.js
js/src/tests/test262/ch07/7.8/7.8.4/7.8.4-7-s.js
js/src/tests/test262/ch07/7.8/7.8.4/7.8.4-8-s.js
js/src/tests/test262/ch07/7.8/7.8.4/7.8.4-9-s.js
js/src/tests/test262/ch07/7.8/7.8.4/S7.8.4_A1.1_T1.js
js/src/tests/test262/ch07/7.8/7.8.4/S7.8.4_A1.1_T2.js
js/src/tests/test262/ch07/7.8/7.8.4/S7.8.4_A1.2_T1.js
js/src/tests/test262/ch07/7.8/7.8.4/S7.8.4_A1.2_T2.js
js/src/tests/test262/ch07/7.8/7.8.4/S7.8.4_A2.1_T1.js
js/src/tests/test262/ch07/7.8/7.8.4/S7.8.4_A2.1_T2.js
js/src/tests/test262/ch07/7.8/7.8.4/S7.8.4_A2.2_T1.js
js/src/tests/test262/ch07/7.8/7.8.4/S7.8.4_A2.2_T2.js
js/src/tests/test262/ch07/7.8/7.8.4/S7.8.4_A2.3_T1.js
js/src/tests/test262/ch07/7.8/7.8.4/S7.8.4_A3.1_T1.js
js/src/tests/test262/ch07/7.8/7.8.4/S7.8.4_A3.1_T2.js
js/src/tests/test262/ch07/7.8/7.8.4/S7.8.4_A3.2_T1.js
js/src/tests/test262/ch07/7.8/7.8.4/S7.8.4_A3.2_T2.js
js/src/tests/test262/ch07/7.8/7.8.4/S7.8.4_A4.1_T1.js
js/src/tests/test262/ch07/7.8/7.8.4/S7.8.4_A4.1_T2.js
js/src/tests/test262/ch07/7.8/7.8.4/S7.8.4_A4.2_T1.js
js/src/tests/test262/ch07/7.8/7.8.4/S7.8.4_A4.2_T2.js
js/src/tests/test262/ch07/7.8/7.8.4/S7.8.4_A4.2_T3.js
js/src/tests/test262/ch07/7.8/7.8.4/S7.8.4_A4.2_T4.js
js/src/tests/test262/ch07/7.8/7.8.4/S7.8.4_A4.2_T5.js
js/src/tests/test262/ch07/7.8/7.8.4/S7.8.4_A4.2_T6.js
js/src/tests/test262/ch07/7.8/7.8.4/S7.8.4_A4.2_T7.js
js/src/tests/test262/ch07/7.8/7.8.4/S7.8.4_A4.2_T8.js
js/src/tests/test262/ch07/7.8/7.8.4/S7.8.4_A4.3_T1.js
js/src/tests/test262/ch07/7.8/7.8.4/S7.8.4_A4.3_T2.js
js/src/tests/test262/ch07/7.8/7.8.4/S7.8.4_A4.3_T7.js
js/src/tests/test262/ch07/7.8/7.8.4/S7.8.4_A5.1_T1.js
js/src/tests/test262/ch07/7.8/7.8.4/S7.8.4_A5.1_T2.js
js/src/tests/test262/ch07/7.8/7.8.4/S7.8.4_A5.1_T3.js
js/src/tests/test262/ch07/7.8/7.8.4/S7.8.4_A6.1_T1.js
js/src/tests/test262/ch07/7.8/7.8.4/S7.8.4_A6.1_T2.js
js/src/tests/test262/ch07/7.8/7.8.4/S7.8.4_A6.1_T3.js
js/src/tests/test262/ch07/7.8/7.8.4/S7.8.4_A6.3_T1.js
js/src/tests/test262/ch07/7.8/7.8.4/S7.8.4_A7.1_T1.js
js/src/tests/test262/ch07/7.8/7.8.4/S7.8.4_A7.1_T2.js
js/src/tests/test262/ch07/7.8/7.8.4/S7.8.4_A7.1_T3.js
js/src/tests/test262/ch07/7.8/7.8.4/S7.8.4_A7.1_T4.js
js/src/tests/test262/ch07/7.8/7.8.4/S7.8.4_A7.2_T1.js
js/src/tests/test262/ch07/7.8/7.8.4/S7.8.4_A7.2_T2.js
js/src/tests/test262/ch07/7.8/7.8.4/S7.8.4_A7.2_T3.js
js/src/tests/test262/ch07/7.8/7.8.4/S7.8.4_A7.2_T4.js
js/src/tests/test262/ch07/7.8/7.8.4/S7.8.4_A7.2_T5.js
js/src/tests/test262/ch07/7.8/7.8.4/S7.8.4_A7.2_T6.js
js/src/tests/test262/ch07/7.8/7.8.4/S7.8.4_A7.3_T1.js
js/src/tests/test262/ch07/7.8/7.8.4/browser.js
js/src/tests/test262/ch07/7.8/7.8.4/shell.js
js/src/tests/test262/ch07/7.8/7.8.5/7.8.5-1.js
js/src/tests/test262/ch07/7.8/7.8.5/7.8.5-1gs.js
js/src/tests/test262/ch07/7.8/7.8.5/7.8.5-2gs.js
js/src/tests/test262/ch07/7.8/7.8.5/S7.8.5_A1.1_T1.js
js/src/tests/test262/ch07/7.8/7.8.5/S7.8.5_A1.1_T2.js
js/src/tests/test262/ch07/7.8/7.8.5/S7.8.5_A1.2_T1.js
js/src/tests/test262/ch07/7.8/7.8.5/S7.8.5_A1.2_T2.js
js/src/tests/test262/ch07/7.8/7.8.5/S7.8.5_A1.2_T3.js
js/src/tests/test262/ch07/7.8/7.8.5/S7.8.5_A1.2_T4.js
js/src/tests/test262/ch07/7.8/7.8.5/S7.8.5_A1.3_T1.js
js/src/tests/test262/ch07/7.8/7.8.5/S7.8.5_A1.3_T2.js
js/src/tests/test262/ch07/7.8/7.8.5/S7.8.5_A1.3_T3.js
js/src/tests/test262/ch07/7.8/7.8.5/S7.8.5_A1.3_T4.js
js/src/tests/test262/ch07/7.8/7.8.5/S7.8.5_A1.3_T5.js
js/src/tests/test262/ch07/7.8/7.8.5/S7.8.5_A1.3_T6.js
js/src/tests/test262/ch07/7.8/7.8.5/S7.8.5_A1.4_T1.js
js/src/tests/test262/ch07/7.8/7.8.5/S7.8.5_A1.4_T2.js
js/src/tests/test262/ch07/7.8/7.8.5/S7.8.5_A1.5_T1.js
js/src/tests/test262/ch07/7.8/7.8.5/S7.8.5_A1.5_T2.js
js/src/tests/test262/ch07/7.8/7.8.5/S7.8.5_A1.5_T3.js
js/src/tests/test262/ch07/7.8/7.8.5/S7.8.5_A1.5_T4.js
js/src/tests/test262/ch07/7.8/7.8.5/S7.8.5_A1.5_T5.js
js/src/tests/test262/ch07/7.8/7.8.5/S7.8.5_A1.5_T6.js
js/src/tests/test262/ch07/7.8/7.8.5/S7.8.5_A2.1_T1.js
js/src/tests/test262/ch07/7.8/7.8.5/S7.8.5_A2.1_T2.js
js/src/tests/test262/ch07/7.8/7.8.5/S7.8.5_A2.2_T1.js
js/src/tests/test262/ch07/7.8/7.8.5/S7.8.5_A2.2_T2.js
js/src/tests/test262/ch07/7.8/7.8.5/S7.8.5_A2.3_T1.js
js/src/tests/test262/ch07/7.8/7.8.5/S7.8.5_A2.3_T2.js
js/src/tests/test262/ch07/7.8/7.8.5/S7.8.5_A2.3_T3.js
js/src/tests/test262/ch07/7.8/7.8.5/S7.8.5_A2.3_T4.js
js/src/tests/test262/ch07/7.8/7.8.5/S7.8.5_A2.3_T5.js
js/src/tests/test262/ch07/7.8/7.8.5/S7.8.5_A2.3_T6.js
js/src/tests/test262/ch07/7.8/7.8.5/S7.8.5_A2.4_T1.js
js/src/tests/test262/ch07/7.8/7.8.5/S7.8.5_A2.4_T2.js
js/src/tests/test262/ch07/7.8/7.8.5/S7.8.5_A2.5_T1.js
js/src/tests/test262/ch07/7.8/7.8.5/S7.8.5_A2.5_T2.js
js/src/tests/test262/ch07/7.8/7.8.5/S7.8.5_A2.5_T3.js
js/src/tests/test262/ch07/7.8/7.8.5/S7.8.5_A2.5_T4.js
js/src/tests/test262/ch07/7.8/7.8.5/S7.8.5_A2.5_T5.js
js/src/tests/test262/ch07/7.8/7.8.5/S7.8.5_A2.5_T6.js
js/src/tests/test262/ch07/7.8/7.8.5/S7.8.5_A3.1_T1.js
js/src/tests/test262/ch07/7.8/7.8.5/S7.8.5_A3.1_T2.js
js/src/tests/test262/ch07/7.8/7.8.5/S7.8.5_A3.1_T3.js
js/src/tests/test262/ch07/7.8/7.8.5/S7.8.5_A3.1_T4.js
js/src/tests/test262/ch07/7.8/7.8.5/S7.8.5_A3.1_T5.js
js/src/tests/test262/ch07/7.8/7.8.5/S7.8.5_A3.1_T6.js
js/src/tests/test262/ch07/7.8/7.8.5/S7.8.5_A3.1_T7.js
js/src/tests/test262/ch07/7.8/7.8.5/S7.8.5_A3.1_T8.js
js/src/tests/test262/ch07/7.8/7.8.5/S7.8.5_A3.1_T9.js
js/src/tests/test262/ch07/7.8/7.8.5/S7.8.5_A4.1.js
js/src/tests/test262/ch07/7.8/7.8.5/S7.8.5_A4.2.js
js/src/tests/test262/ch07/7.8/7.8.5/browser.js
js/src/tests/test262/ch07/7.8/7.8.5/shell.js
js/src/tests/test262/ch07/7.8/browser.js
js/src/tests/test262/ch07/7.8/shell.js
js/src/tests/test262/ch07/7.9/7.9.2/S7.9.2_A1_T1.js
js/src/tests/test262/ch07/7.9/7.9.2/S7.9.2_A1_T2.js
js/src/tests/test262/ch07/7.9/7.9.2/S7.9.2_A1_T3.js
js/src/tests/test262/ch07/7.9/7.9.2/S7.9.2_A1_T4.js
js/src/tests/test262/ch07/7.9/7.9.2/S7.9.2_A1_T5.js
js/src/tests/test262/ch07/7.9/7.9.2/S7.9.2_A1_T6.js
js/src/tests/test262/ch07/7.9/7.9.2/S7.9.2_A1_T7.js
js/src/tests/test262/ch07/7.9/7.9.2/browser.js
js/src/tests/test262/ch07/7.9/7.9.2/shell.js
js/src/tests/test262/ch07/7.9/S7.9_A1.js
js/src/tests/test262/ch07/7.9/S7.9_A10_T1.js
js/src/tests/test262/ch07/7.9/S7.9_A10_T10.js
js/src/tests/test262/ch07/7.9/S7.9_A10_T11.js
js/src/tests/test262/ch07/7.9/S7.9_A10_T12.js
js/src/tests/test262/ch07/7.9/S7.9_A10_T2.js
js/src/tests/test262/ch07/7.9/S7.9_A10_T3.js
js/src/tests/test262/ch07/7.9/S7.9_A10_T4.js
js/src/tests/test262/ch07/7.9/S7.9_A10_T5.js
js/src/tests/test262/ch07/7.9/S7.9_A10_T6.js
js/src/tests/test262/ch07/7.9/S7.9_A10_T7.js
js/src/tests/test262/ch07/7.9/S7.9_A10_T8.js
js/src/tests/test262/ch07/7.9/S7.9_A10_T9.js
js/src/tests/test262/ch07/7.9/S7.9_A11_T1.js
js/src/tests/test262/ch07/7.9/S7.9_A11_T10.js
js/src/tests/test262/ch07/7.9/S7.9_A11_T11.js
js/src/tests/test262/ch07/7.9/S7.9_A11_T2.js
js/src/tests/test262/ch07/7.9/S7.9_A11_T3.js
js/src/tests/test262/ch07/7.9/S7.9_A11_T4.js
js/src/tests/test262/ch07/7.9/S7.9_A11_T5.js
js/src/tests/test262/ch07/7.9/S7.9_A11_T6.js
js/src/tests/test262/ch07/7.9/S7.9_A11_T7.js
js/src/tests/test262/ch07/7.9/S7.9_A11_T8.js
js/src/tests/test262/ch07/7.9/S7.9_A11_T9.js
js/src/tests/test262/ch07/7.9/S7.9_A2.js
js/src/tests/test262/ch07/7.9/S7.9_A3.js
js/src/tests/test262/ch07/7.9/S7.9_A4.js
js/src/tests/test262/ch07/7.9/S7.9_A5.1_T1.js
js/src/tests/test262/ch07/7.9/S7.9_A5.2_T1.js
js/src/tests/test262/ch07/7.9/S7.9_A5.3_T1.js
js/src/tests/test262/ch07/7.9/S7.9_A5.4_T1.js
js/src/tests/test262/ch07/7.9/S7.9_A5.5_T1.js
js/src/tests/test262/ch07/7.9/S7.9_A5.5_T2.js
js/src/tests/test262/ch07/7.9/S7.9_A5.5_T3.js
js/src/tests/test262/ch07/7.9/S7.9_A5.5_T4.js
js/src/tests/test262/ch07/7.9/S7.9_A5.5_T5.js
js/src/tests/test262/ch07/7.9/S7.9_A5.6_T1.js
js/src/tests/test262/ch07/7.9/S7.9_A5.6_T2.js
js/src/tests/test262/ch07/7.9/S7.9_A5.7_T1.js
js/src/tests/test262/ch07/7.9/S7.9_A5.8_T1.js
js/src/tests/test262/ch07/7.9/S7.9_A5.9_T1.js
js/src/tests/test262/ch07/7.9/S7.9_A6.1_T1.js
js/src/tests/test262/ch07/7.9/S7.9_A6.1_T10.js
js/src/tests/test262/ch07/7.9/S7.9_A6.1_T11.js
js/src/tests/test262/ch07/7.9/S7.9_A6.1_T12.js
js/src/tests/test262/ch07/7.9/S7.9_A6.1_T13.js
js/src/tests/test262/ch07/7.9/S7.9_A6.1_T2.js
js/src/tests/test262/ch07/7.9/S7.9_A6.1_T3.js
js/src/tests/test262/ch07/7.9/S7.9_A6.1_T4.js
js/src/tests/test262/ch07/7.9/S7.9_A6.1_T5.js
js/src/tests/test262/ch07/7.9/S7.9_A6.1_T6.js
js/src/tests/test262/ch07/7.9/S7.9_A6.1_T7.js
js/src/tests/test262/ch07/7.9/S7.9_A6.1_T8.js
js/src/tests/test262/ch07/7.9/S7.9_A6.1_T9.js
js/src/tests/test262/ch07/7.9/S7.9_A6.2_T1.js
js/src/tests/test262/ch07/7.9/S7.9_A6.2_T10.js
js/src/tests/test262/ch07/7.9/S7.9_A6.2_T2.js
js/src/tests/test262/ch07/7.9/S7.9_A6.2_T3.js
js/src/tests/test262/ch07/7.9/S7.9_A6.2_T4.js
js/src/tests/test262/ch07/7.9/S7.9_A6.2_T5.js
js/src/tests/test262/ch07/7.9/S7.9_A6.2_T6.js
js/src/tests/test262/ch07/7.9/S7.9_A6.2_T7.js
js/src/tests/test262/ch07/7.9/S7.9_A6.2_T8.js
js/src/tests/test262/ch07/7.9/S7.9_A6.2_T9.js
js/src/tests/test262/ch07/7.9/S7.9_A6.3_T1.js
js/src/tests/test262/ch07/7.9/S7.9_A6.3_T2.js
js/src/tests/test262/ch07/7.9/S7.9_A6.3_T3.js
js/src/tests/test262/ch07/7.9/S7.9_A6.3_T4.js
js/src/tests/test262/ch07/7.9/S7.9_A6.3_T5.js
js/src/tests/test262/ch07/7.9/S7.9_A6.3_T6.js
js/src/tests/test262/ch07/7.9/S7.9_A6.3_T7.js
js/src/tests/test262/ch07/7.9/S7.9_A6.4_T1.js
js/src/tests/test262/ch07/7.9/S7.9_A6.4_T2.js
js/src/tests/test262/ch07/7.9/S7.9_A7_T1.js
js/src/tests/test262/ch07/7.9/S7.9_A7_T2.js
js/src/tests/test262/ch07/7.9/S7.9_A7_T3.js
js/src/tests/test262/ch07/7.9/S7.9_A7_T4.js
js/src/tests/test262/ch07/7.9/S7.9_A7_T5.js
js/src/tests/test262/ch07/7.9/S7.9_A7_T6.js
js/src/tests/test262/ch07/7.9/S7.9_A7_T7.js
js/src/tests/test262/ch07/7.9/S7.9_A7_T8.js
js/src/tests/test262/ch07/7.9/S7.9_A7_T9.js
js/src/tests/test262/ch07/7.9/S7.9_A8_T1.js
js/src/tests/test262/ch07/7.9/S7.9_A8_T2.js
js/src/tests/test262/ch07/7.9/S7.9_A8_T3.js
js/src/tests/test262/ch07/7.9/S7.9_A8_T4.js
js/src/tests/test262/ch07/7.9/S7.9_A8_T5.js
js/src/tests/test262/ch07/7.9/S7.9_A9_T1.js
js/src/tests/test262/ch07/7.9/S7.9_A9_T2.js
js/src/tests/test262/ch07/7.9/S7.9_A9_T5.js
js/src/tests/test262/ch07/7.9/S7.9_A9_T6.js
js/src/tests/test262/ch07/7.9/S7.9_A9_T7.js
js/src/tests/test262/ch07/7.9/S7.9_A9_T8.js
js/src/tests/test262/ch07/7.9/S7.9_A9_T9.js
js/src/tests/test262/ch07/7.9/browser.js
js/src/tests/test262/ch07/7.9/shell.js
js/src/tests/test262/ch07/browser.js
js/src/tests/test262/ch07/shell.js
js/src/tests/test262/ch08/8.1/S8.1_A1_T1.js
js/src/tests/test262/ch08/8.1/S8.1_A1_T2.js
js/src/tests/test262/ch08/8.1/S8.1_A2_T1.js
js/src/tests/test262/ch08/8.1/S8.1_A2_T2.js
js/src/tests/test262/ch08/8.1/S8.1_A3.js
js/src/tests/test262/ch08/8.1/S8.1_A4.js
js/src/tests/test262/ch08/8.1/S8.1_A5.js
js/src/tests/test262/ch08/8.1/browser.js
js/src/tests/test262/ch08/8.1/shell.js
js/src/tests/test262/ch08/8.12/8.12.1/8.12.1-1_1.js
js/src/tests/test262/ch08/8.12/8.12.1/8.12.1-1_10.js
js/src/tests/test262/ch08/8.12/8.12.1/8.12.1-1_11.js
js/src/tests/test262/ch08/8.12/8.12.1/8.12.1-1_12.js
js/src/tests/test262/ch08/8.12/8.12.1/8.12.1-1_13.js
js/src/tests/test262/ch08/8.12/8.12.1/8.12.1-1_14.js
js/src/tests/test262/ch08/8.12/8.12.1/8.12.1-1_15.js
js/src/tests/test262/ch08/8.12/8.12.1/8.12.1-1_16.js
js/src/tests/test262/ch08/8.12/8.12.1/8.12.1-1_17.js
js/src/tests/test262/ch08/8.12/8.12.1/8.12.1-1_18.js
js/src/tests/test262/ch08/8.12/8.12.1/8.12.1-1_19.js
js/src/tests/test262/ch08/8.12/8.12.1/8.12.1-1_2.js
js/src/tests/test262/ch08/8.12/8.12.1/8.12.1-1_20.js
js/src/tests/test262/ch08/8.12/8.12.1/8.12.1-1_21.js
js/src/tests/test262/ch08/8.12/8.12.1/8.12.1-1_22.js
js/src/tests/test262/ch08/8.12/8.12.1/8.12.1-1_23.js
js/src/tests/test262/ch08/8.12/8.12.1/8.12.1-1_24.js
js/src/tests/test262/ch08/8.12/8.12.1/8.12.1-1_25.js
js/src/tests/test262/ch08/8.12/8.12.1/8.12.1-1_26.js
js/src/tests/test262/ch08/8.12/8.12.1/8.12.1-1_27.js
js/src/tests/test262/ch08/8.12/8.12.1/8.12.1-1_28.js
js/src/tests/test262/ch08/8.12/8.12.1/8.12.1-1_29.js
js/src/tests/test262/ch08/8.12/8.12.1/8.12.1-1_3.js
js/src/tests/test262/ch08/8.12/8.12.1/8.12.1-1_30.js
js/src/tests/test262/ch08/8.12/8.12.1/8.12.1-1_31.js
js/src/tests/test262/ch08/8.12/8.12.1/8.12.1-1_32.js
js/src/tests/test262/ch08/8.12/8.12.1/8.12.1-1_33.js
js/src/tests/test262/ch08/8.12/8.12.1/8.12.1-1_34.js
js/src/tests/test262/ch08/8.12/8.12.1/8.12.1-1_35.js
js/src/tests/test262/ch08/8.12/8.12.1/8.12.1-1_36.js
js/src/tests/test262/ch08/8.12/8.12.1/8.12.1-1_37.js
js/src/tests/test262/ch08/8.12/8.12.1/8.12.1-1_38.js
js/src/tests/test262/ch08/8.12/8.12.1/8.12.1-1_39.js
js/src/tests/test262/ch08/8.12/8.12.1/8.12.1-1_4.js
js/src/tests/test262/ch08/8.12/8.12.1/8.12.1-1_40.js
js/src/tests/test262/ch08/8.12/8.12.1/8.12.1-1_41.js
js/src/tests/test262/ch08/8.12/8.12.1/8.12.1-1_42.js
js/src/tests/test262/ch08/8.12/8.12.1/8.12.1-1_43.js
js/src/tests/test262/ch08/8.12/8.12.1/8.12.1-1_44.js
js/src/tests/test262/ch08/8.12/8.12.1/8.12.1-1_45.js
js/src/tests/test262/ch08/8.12/8.12.1/8.12.1-1_46.js
js/src/tests/test262/ch08/8.12/8.12.1/8.12.1-1_47.js
js/src/tests/test262/ch08/8.12/8.12.1/8.12.1-1_48.js
js/src/tests/test262/ch08/8.12/8.12.1/8.12.1-1_49.js
js/src/tests/test262/ch08/8.12/8.12.1/8.12.1-1_5.js
js/src/tests/test262/ch08/8.12/8.12.1/8.12.1-1_6.js
js/src/tests/test262/ch08/8.12/8.12.1/8.12.1-1_7.js
js/src/tests/test262/ch08/8.12/8.12.1/8.12.1-1_8.js
js/src/tests/test262/ch08/8.12/8.12.1/8.12.1-1_9.js
js/src/tests/test262/ch08/8.12/8.12.1/browser.js
js/src/tests/test262/ch08/8.12/8.12.1/shell.js
js/src/tests/test262/ch08/8.12/8.12.3/S8.12.3_A1.js
js/src/tests/test262/ch08/8.12/8.12.3/S8.12.3_A2.js
js/src/tests/test262/ch08/8.12/8.12.3/S8.12.3_A3.js
js/src/tests/test262/ch08/8.12/8.12.3/browser.js
js/src/tests/test262/ch08/8.12/8.12.3/shell.js
js/src/tests/test262/ch08/8.12/8.12.4/8.14.4-8-b_1.js
js/src/tests/test262/ch08/8.12/8.12.4/8.14.4-8-b_2.js
js/src/tests/test262/ch08/8.12/8.12.4/S8.12.4_A1.js
js/src/tests/test262/ch08/8.12/8.12.4/browser.js
js/src/tests/test262/ch08/8.12/8.12.4/shell.js
js/src/tests/test262/ch08/8.12/8.12.5/8.12.5-3-b_1.js
js/src/tests/test262/ch08/8.12/8.12.5/8.12.5-3-b_2.js
js/src/tests/test262/ch08/8.12/8.12.5/8.12.5-5-b_1.js
js/src/tests/test262/ch08/8.12/8.12.5/S8.12.5_A1.js
js/src/tests/test262/ch08/8.12/8.12.5/S8.12.5_A2.js
js/src/tests/test262/ch08/8.12/8.12.5/browser.js
js/src/tests/test262/ch08/8.12/8.12.5/shell.js
js/src/tests/test262/ch08/8.12/8.12.6/S8.12.6_A1.js
js/src/tests/test262/ch08/8.12/8.12.6/S8.12.6_A2_T1.js
js/src/tests/test262/ch08/8.12/8.12.6/S8.12.6_A2_T2.js
js/src/tests/test262/ch08/8.12/8.12.6/S8.12.6_A3.js
js/src/tests/test262/ch08/8.12/8.12.6/browser.js
js/src/tests/test262/ch08/8.12/8.12.6/shell.js
js/src/tests/test262/ch08/8.12/8.12.7/S8.12.7_A1.js
js/src/tests/test262/ch08/8.12/8.12.7/S8.12.7_A2_T1.js
js/src/tests/test262/ch08/8.12/8.12.7/S8.12.7_A2_T2.js
js/src/tests/test262/ch08/8.12/8.12.7/S8.12.7_A3.js
js/src/tests/test262/ch08/8.12/8.12.7/browser.js
js/src/tests/test262/ch08/8.12/8.12.7/shell.js
js/src/tests/test262/ch08/8.12/8.12.8/S8.12.8_A1.js
js/src/tests/test262/ch08/8.12/8.12.8/S8.12.8_A2.js
js/src/tests/test262/ch08/8.12/8.12.8/S8.12.8_A3.js
js/src/tests/test262/ch08/8.12/8.12.8/S8.12.8_A4.js
js/src/tests/test262/ch08/8.12/8.12.8/browser.js
js/src/tests/test262/ch08/8.12/8.12.8/shell.js
js/src/tests/test262/ch08/8.12/8.12.9/8.12.9-9-b-i_1.js
js/src/tests/test262/ch08/8.12/8.12.9/8.12.9-9-b-i_2.js
js/src/tests/test262/ch08/8.12/8.12.9/8.12.9-9-c-i_1.js
js/src/tests/test262/ch08/8.12/8.12.9/8.12.9-9-c-i_2.js
js/src/tests/test262/ch08/8.12/8.12.9/browser.js
js/src/tests/test262/ch08/8.12/8.12.9/shell.js
js/src/tests/test262/ch08/8.12/browser.js
js/src/tests/test262/ch08/8.12/shell.js
js/src/tests/test262/ch08/8.2/S8.2_A1_T1.js
js/src/tests/test262/ch08/8.2/S8.2_A1_T2.js
js/src/tests/test262/ch08/8.2/S8.2_A2.js
js/src/tests/test262/ch08/8.2/S8.2_A3.js
js/src/tests/test262/ch08/8.2/browser.js
js/src/tests/test262/ch08/8.2/shell.js
js/src/tests/test262/ch08/8.3/S8.3_A1_T1.js
js/src/tests/test262/ch08/8.3/S8.3_A1_T2.js
js/src/tests/test262/ch08/8.3/S8.3_A2.1.js
js/src/tests/test262/ch08/8.3/S8.3_A2.2.js
js/src/tests/test262/ch08/8.3/S8.3_A3.js
js/src/tests/test262/ch08/8.3/browser.js
js/src/tests/test262/ch08/8.3/shell.js
js/src/tests/test262/ch08/8.4/S8.4_A1.js
js/src/tests/test262/ch08/8.4/S8.4_A10.js
js/src/tests/test262/ch08/8.4/S8.4_A11.js
js/src/tests/test262/ch08/8.4/S8.4_A12.js
js/src/tests/test262/ch08/8.4/S8.4_A13_T1.js
js/src/tests/test262/ch08/8.4/S8.4_A13_T2.js
js/src/tests/test262/ch08/8.4/S8.4_A13_T3.js
js/src/tests/test262/ch08/8.4/S8.4_A14_T1.js
js/src/tests/test262/ch08/8.4/S8.4_A14_T2.js
js/src/tests/test262/ch08/8.4/S8.4_A14_T3.js
js/src/tests/test262/ch08/8.4/S8.4_A2.js
js/src/tests/test262/ch08/8.4/S8.4_A3.js
js/src/tests/test262/ch08/8.4/S8.4_A4.js
js/src/tests/test262/ch08/8.4/S8.4_A5.js
js/src/tests/test262/ch08/8.4/S8.4_A6.1.js
js/src/tests/test262/ch08/8.4/S8.4_A6.2.js
js/src/tests/test262/ch08/8.4/S8.4_A7.1.js
js/src/tests/test262/ch08/8.4/S8.4_A7.2.js
js/src/tests/test262/ch08/8.4/S8.4_A7.3.js
js/src/tests/test262/ch08/8.4/S8.4_A7.4.js
js/src/tests/test262/ch08/8.4/S8.4_A8.js
js/src/tests/test262/ch08/8.4/S8.4_A9_T1.js
js/src/tests/test262/ch08/8.4/S8.4_A9_T2.js
js/src/tests/test262/ch08/8.4/S8.4_A9_T3.js
js/src/tests/test262/ch08/8.4/browser.js
js/src/tests/test262/ch08/8.4/shell.js
js/src/tests/test262/ch08/8.5/8.5.1.js
js/src/tests/test262/ch08/8.5/S8.5_A1.js
js/src/tests/test262/ch08/8.5/S8.5_A10.js
js/src/tests/test262/ch08/8.5/S8.5_A11_T1.js
js/src/tests/test262/ch08/8.5/S8.5_A11_T2.js
js/src/tests/test262/ch08/8.5/S8.5_A12.1.js
js/src/tests/test262/ch08/8.5/S8.5_A12.2.js
js/src/tests/test262/ch08/8.5/S8.5_A13_T2.js
js/src/tests/test262/ch08/8.5/S8.5_A14_T1.js
js/src/tests/test262/ch08/8.5/S8.5_A14_T2.js
js/src/tests/test262/ch08/8.5/S8.5_A2.1.js
js/src/tests/test262/ch08/8.5/S8.5_A2.2.js
js/src/tests/test262/ch08/8.5/S8.5_A3.js
js/src/tests/test262/ch08/8.5/S8.5_A4.js
js/src/tests/test262/ch08/8.5/S8.5_A5.js
js/src/tests/test262/ch08/8.5/S8.5_A6.js
js/src/tests/test262/ch08/8.5/S8.5_A7.js
js/src/tests/test262/ch08/8.5/S8.5_A8.js
js/src/tests/test262/ch08/8.5/S8.5_A9.js
js/src/tests/test262/ch08/8.5/browser.js
js/src/tests/test262/ch08/8.5/shell.js
js/src/tests/test262/ch08/8.6/8.6.1/S8.6.1_A1.js
js/src/tests/test262/ch08/8.6/8.6.1/S8.6.1_A2.js
js/src/tests/test262/ch08/8.6/8.6.1/S8.6.1_A3.js
js/src/tests/test262/ch08/8.6/8.6.1/browser.js
js/src/tests/test262/ch08/8.6/8.6.1/shell.js
js/src/tests/test262/ch08/8.6/8.6.2/S8.6.2_A1.js
js/src/tests/test262/ch08/8.6/8.6.2/S8.6.2_A2.js
js/src/tests/test262/ch08/8.6/8.6.2/S8.6.2_A3.js
js/src/tests/test262/ch08/8.6/8.6.2/S8.6.2_A4.js
js/src/tests/test262/ch08/8.6/8.6.2/S8.6.2_A5_T1.js
js/src/tests/test262/ch08/8.6/8.6.2/S8.6.2_A5_T2.js
js/src/tests/test262/ch08/8.6/8.6.2/S8.6.2_A5_T3.js
js/src/tests/test262/ch08/8.6/8.6.2/S8.6.2_A5_T4.js
js/src/tests/test262/ch08/8.6/8.6.2/S8.6.2_A6.js
js/src/tests/test262/ch08/8.6/8.6.2/S8.6.2_A7.js
js/src/tests/test262/ch08/8.6/8.6.2/S8.6.2_A8.js
js/src/tests/test262/ch08/8.6/8.6.2/browser.js
js/src/tests/test262/ch08/8.6/8.6.2/shell.js
js/src/tests/test262/ch08/8.6/S8.6_A2_T1.js
js/src/tests/test262/ch08/8.6/S8.6_A2_T2.js
js/src/tests/test262/ch08/8.6/S8.6_A3_T1.js
js/src/tests/test262/ch08/8.6/S8.6_A3_T2.js
js/src/tests/test262/ch08/8.6/S8.6_A4_T1.js
js/src/tests/test262/ch08/8.6/browser.js
js/src/tests/test262/ch08/8.6/shell.js
js/src/tests/test262/ch08/8.7/8.7.2/8.7.2-1-s.js
js/src/tests/test262/ch08/8.7/8.7.2/8.7.2-2-s.js
js/src/tests/test262/ch08/8.7/8.7.2/8.7.2-3-1-s.js
js/src/tests/test262/ch08/8.7/8.7.2/8.7.2-3-a-1gs.js
js/src/tests/test262/ch08/8.7/8.7.2/8.7.2-3-a-2gs.js
js/src/tests/test262/ch08/8.7/8.7.2/8.7.2-3-s.js
js/src/tests/test262/ch08/8.7/8.7.2/8.7.2-4-s.js
js/src/tests/test262/ch08/8.7/8.7.2/8.7.2-5-s.js
js/src/tests/test262/ch08/8.7/8.7.2/8.7.2-6-s.js
js/src/tests/test262/ch08/8.7/8.7.2/8.7.2-7-s.js
js/src/tests/test262/ch08/8.7/8.7.2/8.7.2-8-s.js
js/src/tests/test262/ch08/8.7/8.7.2/browser.js
js/src/tests/test262/ch08/8.7/8.7.2/shell.js
js/src/tests/test262/ch08/8.7/S8.7.1_A1.js
js/src/tests/test262/ch08/8.7/S8.7.1_A2.js
js/src/tests/test262/ch08/8.7/S8.7.2_A1_T1.js
js/src/tests/test262/ch08/8.7/S8.7.2_A1_T2.js
js/src/tests/test262/ch08/8.7/S8.7.2_A2.js
js/src/tests/test262/ch08/8.7/S8.7.2_A3.js
js/src/tests/test262/ch08/8.7/S8.7_A1.js
js/src/tests/test262/ch08/8.7/S8.7_A2.js
js/src/tests/test262/ch08/8.7/S8.7_A3.js
js/src/tests/test262/ch08/8.7/S8.7_A4.js
js/src/tests/test262/ch08/8.7/S8.7_A5_T1.js
js/src/tests/test262/ch08/8.7/S8.7_A5_T2.js
js/src/tests/test262/ch08/8.7/S8.7_A6.js
js/src/tests/test262/ch08/8.7/S8.7_A7.js
js/src/tests/test262/ch08/8.7/browser.js
js/src/tests/test262/ch08/8.7/shell.js
js/src/tests/test262/ch08/8.8/S8.8_A2_T1.js
js/src/tests/test262/ch08/8.8/S8.8_A2_T2.js
js/src/tests/test262/ch08/8.8/S8.8_A2_T3.js
js/src/tests/test262/ch08/8.8/browser.js
js/src/tests/test262/ch08/8.8/shell.js
js/src/tests/test262/ch08/browser.js
js/src/tests/test262/ch08/shell.js
js/src/tests/test262/ch09/9.1/S9.1_A1_T1.js
js/src/tests/test262/ch09/9.1/S9.1_A1_T2.js
js/src/tests/test262/ch09/9.1/S9.1_A1_T3.js
js/src/tests/test262/ch09/9.1/S9.1_A1_T4.js
js/src/tests/test262/ch09/9.1/browser.js
js/src/tests/test262/ch09/9.1/shell.js
js/src/tests/test262/ch09/9.2/S9.2_A1_T1.js
js/src/tests/test262/ch09/9.2/S9.2_A1_T2.js
js/src/tests/test262/ch09/9.2/S9.2_A2_T1.js
js/src/tests/test262/ch09/9.2/S9.2_A2_T2.js
js/src/tests/test262/ch09/9.2/S9.2_A3_T1.js
js/src/tests/test262/ch09/9.2/S9.2_A3_T2.js
js/src/tests/test262/ch09/9.2/S9.2_A4_T1.js
js/src/tests/test262/ch09/9.2/S9.2_A4_T2.js
js/src/tests/test262/ch09/9.2/S9.2_A4_T3.js
js/src/tests/test262/ch09/9.2/S9.2_A4_T4.js
js/src/tests/test262/ch09/9.2/S9.2_A5_T1.js
js/src/tests/test262/ch09/9.2/S9.2_A5_T2.js
js/src/tests/test262/ch09/9.2/S9.2_A5_T3.js
js/src/tests/test262/ch09/9.2/S9.2_A5_T4.js
js/src/tests/test262/ch09/9.2/S9.2_A6_T1.js
js/src/tests/test262/ch09/9.2/S9.2_A6_T2.js
js/src/tests/test262/ch09/9.2/browser.js
js/src/tests/test262/ch09/9.2/shell.js
js/src/tests/test262/ch09/9.3/9.3.1/S9.3.1_A1.js
js/src/tests/test262/ch09/9.3/9.3.1/S9.3.1_A10.js
js/src/tests/test262/ch09/9.3/9.3.1/S9.3.1_A11.js
js/src/tests/test262/ch09/9.3/9.3.1/S9.3.1_A12.js
js/src/tests/test262/ch09/9.3/9.3.1/S9.3.1_A13.js
js/src/tests/test262/ch09/9.3/9.3.1/S9.3.1_A14.js
js/src/tests/test262/ch09/9.3/9.3.1/S9.3.1_A15.js
js/src/tests/test262/ch09/9.3/9.3.1/S9.3.1_A16.js
js/src/tests/test262/ch09/9.3/9.3.1/S9.3.1_A17.js
js/src/tests/test262/ch09/9.3/9.3.1/S9.3.1_A18.js
js/src/tests/test262/ch09/9.3/9.3.1/S9.3.1_A19.js
js/src/tests/test262/ch09/9.3/9.3.1/S9.3.1_A2.js
js/src/tests/test262/ch09/9.3/9.3.1/S9.3.1_A20.js
js/src/tests/test262/ch09/9.3/9.3.1/S9.3.1_A21.js
js/src/tests/test262/ch09/9.3/9.3.1/S9.3.1_A22.js
js/src/tests/test262/ch09/9.3/9.3.1/S9.3.1_A23.js
js/src/tests/test262/ch09/9.3/9.3.1/S9.3.1_A24.js
js/src/tests/test262/ch09/9.3/9.3.1/S9.3.1_A25.js
js/src/tests/test262/ch09/9.3/9.3.1/S9.3.1_A26.js
js/src/tests/test262/ch09/9.3/9.3.1/S9.3.1_A27.js
js/src/tests/test262/ch09/9.3/9.3.1/S9.3.1_A28.js
js/src/tests/test262/ch09/9.3/9.3.1/S9.3.1_A29.js
js/src/tests/test262/ch09/9.3/9.3.1/S9.3.1_A30.js
js/src/tests/test262/ch09/9.3/9.3.1/S9.3.1_A31.js
js/src/tests/test262/ch09/9.3/9.3.1/S9.3.1_A32.js
js/src/tests/test262/ch09/9.3/9.3.1/S9.3.1_A3_T1.js
js/src/tests/test262/ch09/9.3/9.3.1/S9.3.1_A3_T2.js
js/src/tests/test262/ch09/9.3/9.3.1/S9.3.1_A4_T1.js
js/src/tests/test262/ch09/9.3/9.3.1/S9.3.1_A4_T2.js
js/src/tests/test262/ch09/9.3/9.3.1/S9.3.1_A5_T1.js
js/src/tests/test262/ch09/9.3/9.3.1/S9.3.1_A5_T2.js
js/src/tests/test262/ch09/9.3/9.3.1/S9.3.1_A5_T3.js
js/src/tests/test262/ch09/9.3/9.3.1/S9.3.1_A6_T1.js
js/src/tests/test262/ch09/9.3/9.3.1/S9.3.1_A6_T2.js
js/src/tests/test262/ch09/9.3/9.3.1/S9.3.1_A7.js
js/src/tests/test262/ch09/9.3/9.3.1/S9.3.1_A8.js
js/src/tests/test262/ch09/9.3/9.3.1/S9.3.1_A9.js
js/src/tests/test262/ch09/9.3/9.3.1/browser.js
js/src/tests/test262/ch09/9.3/9.3.1/shell.js
js/src/tests/test262/ch09/9.3/S9.3_A1_T1.js
js/src/tests/test262/ch09/9.3/S9.3_A1_T2.js
js/src/tests/test262/ch09/9.3/S9.3_A2_T1.js
js/src/tests/test262/ch09/9.3/S9.3_A2_T2.js
js/src/tests/test262/ch09/9.3/S9.3_A3_T1.js
js/src/tests/test262/ch09/9.3/S9.3_A3_T2.js
js/src/tests/test262/ch09/9.3/S9.3_A4.1_T1.js
js/src/tests/test262/ch09/9.3/S9.3_A4.1_T2.js
js/src/tests/test262/ch09/9.3/S9.3_A4.2_T1.js
js/src/tests/test262/ch09/9.3/S9.3_A4.2_T2.js
js/src/tests/test262/ch09/9.3/S9.3_A5_T1.js
js/src/tests/test262/ch09/9.3/S9.3_A5_T2.js
js/src/tests/test262/ch09/9.3/browser.js
js/src/tests/test262/ch09/9.3/shell.js
js/src/tests/test262/ch09/9.4/S9.4_A1.js
js/src/tests/test262/ch09/9.4/S9.4_A2.js
js/src/tests/test262/ch09/9.4/S9.4_A3_T1.js
js/src/tests/test262/ch09/9.4/S9.4_A3_T2.js
js/src/tests/test262/ch09/9.4/browser.js
js/src/tests/test262/ch09/9.4/shell.js
js/src/tests/test262/ch09/9.5/S9.5_A1_T1.js
js/src/tests/test262/ch09/9.5/S9.5_A2.1_T1.js
js/src/tests/test262/ch09/9.5/S9.5_A2.1_T2.js
js/src/tests/test262/ch09/9.5/S9.5_A2.2_T1.js
js/src/tests/test262/ch09/9.5/S9.5_A2.2_T2.js
js/src/tests/test262/ch09/9.5/S9.5_A2.3_T1.js
js/src/tests/test262/ch09/9.5/S9.5_A2.3_T2.js
js/src/tests/test262/ch09/9.5/S9.5_A3.1_T1.js
js/src/tests/test262/ch09/9.5/S9.5_A3.1_T2.js
js/src/tests/test262/ch09/9.5/S9.5_A3.1_T3.js
js/src/tests/test262/ch09/9.5/S9.5_A3.1_T4.js
js/src/tests/test262/ch09/9.5/S9.5_A3.2_T1.js
js/src/tests/test262/ch09/9.5/S9.5_A3.2_T2.js
js/src/tests/test262/ch09/9.5/browser.js
js/src/tests/test262/ch09/9.5/shell.js
js/src/tests/test262/ch09/9.6/S9.6_A1.js
js/src/tests/test262/ch09/9.6/S9.6_A2.1.js
js/src/tests/test262/ch09/9.6/S9.6_A2.2.js
js/src/tests/test262/ch09/9.6/S9.6_A3.1_T1.js
js/src/tests/test262/ch09/9.6/S9.6_A3.1_T2.js
js/src/tests/test262/ch09/9.6/S9.6_A3.1_T3.js
js/src/tests/test262/ch09/9.6/S9.6_A3.1_T4.js
js/src/tests/test262/ch09/9.6/S9.6_A3.2_T1.js
js/src/tests/test262/ch09/9.6/browser.js
js/src/tests/test262/ch09/9.6/shell.js
js/src/tests/test262/ch09/9.7/S9.7_A1.js
js/src/tests/test262/ch09/9.7/S9.7_A2.1.js
js/src/tests/test262/ch09/9.7/S9.7_A2.2.js
js/src/tests/test262/ch09/9.7/S9.7_A3.1_T1.js
js/src/tests/test262/ch09/9.7/S9.7_A3.1_T2.js
js/src/tests/test262/ch09/9.7/S9.7_A3.1_T3.js
js/src/tests/test262/ch09/9.7/S9.7_A3.1_T4.js
js/src/tests/test262/ch09/9.7/S9.7_A3.2_T1.js
js/src/tests/test262/ch09/9.7/browser.js
js/src/tests/test262/ch09/9.7/shell.js
js/src/tests/test262/ch09/9.8/9.8.1/S9.8.1_A1.js
js/src/tests/test262/ch09/9.8/9.8.1/S9.8.1_A10.js
js/src/tests/test262/ch09/9.8/9.8.1/S9.8.1_A2.js
js/src/tests/test262/ch09/9.8/9.8.1/S9.8.1_A3.js
js/src/tests/test262/ch09/9.8/9.8.1/S9.8.1_A4.js
js/src/tests/test262/ch09/9.8/9.8.1/S9.8.1_A6.js
js/src/tests/test262/ch09/9.8/9.8.1/S9.8.1_A7.js
js/src/tests/test262/ch09/9.8/9.8.1/S9.8.1_A8.js
js/src/tests/test262/ch09/9.8/9.8.1/S9.8.1_A9_T1.js
js/src/tests/test262/ch09/9.8/9.8.1/S9.8.1_A9_T2.js
js/src/tests/test262/ch09/9.8/9.8.1/browser.js
js/src/tests/test262/ch09/9.8/9.8.1/shell.js
js/src/tests/test262/ch09/9.8/S9.8_A1_T1.js
js/src/tests/test262/ch09/9.8/S9.8_A1_T2.js
js/src/tests/test262/ch09/9.8/S9.8_A2_T1.js
js/src/tests/test262/ch09/9.8/S9.8_A2_T2.js
js/src/tests/test262/ch09/9.8/S9.8_A3_T1.js
js/src/tests/test262/ch09/9.8/S9.8_A3_T2.js
js/src/tests/test262/ch09/9.8/S9.8_A4_T1.js
js/src/tests/test262/ch09/9.8/S9.8_A4_T2.js
js/src/tests/test262/ch09/9.8/S9.8_A5_T1.js
js/src/tests/test262/ch09/9.8/S9.8_A5_T2.js
js/src/tests/test262/ch09/9.8/browser.js
js/src/tests/test262/ch09/9.8/shell.js
js/src/tests/test262/ch09/9.9/S9.9_A1.js
js/src/tests/test262/ch09/9.9/S9.9_A2.js
js/src/tests/test262/ch09/9.9/S9.9_A3.js
js/src/tests/test262/ch09/9.9/S9.9_A4.js
js/src/tests/test262/ch09/9.9/S9.9_A5.js
js/src/tests/test262/ch09/9.9/S9.9_A6.js
js/src/tests/test262/ch09/9.9/browser.js
js/src/tests/test262/ch09/9.9/shell.js
js/src/tests/test262/ch09/browser.js
js/src/tests/test262/ch09/shell.js
js/src/tests/test262/ch10/10.1/10.1.1/10.1.1-1-s.js
js/src/tests/test262/ch10/10.1/10.1.1/10.1.1-10-s.js
js/src/tests/test262/ch10/10.1/10.1.1/10.1.1-11-s.js
js/src/tests/test262/ch10/10.1/10.1.1/10.1.1-12-s.js
js/src/tests/test262/ch10/10.1/10.1.1/10.1.1-13-s.js
js/src/tests/test262/ch10/10.1/10.1.1/10.1.1-14-s.js
js/src/tests/test262/ch10/10.1/10.1.1/10.1.1-15-s.js
js/src/tests/test262/ch10/10.1/10.1.1/10.1.1-16-s.js
js/src/tests/test262/ch10/10.1/10.1.1/10.1.1-17-s.js
js/src/tests/test262/ch10/10.1/10.1.1/10.1.1-18-s.js
js/src/tests/test262/ch10/10.1/10.1.1/10.1.1-19-s.js
js/src/tests/test262/ch10/10.1/10.1.1/10.1.1-2-s.js
js/src/tests/test262/ch10/10.1/10.1.1/10.1.1-20-s.js
js/src/tests/test262/ch10/10.1/10.1.1/10.1.1-21-s.js
js/src/tests/test262/ch10/10.1/10.1.1/10.1.1-22-s.js
js/src/tests/test262/ch10/10.1/10.1.1/10.1.1-23-s.js
js/src/tests/test262/ch10/10.1/10.1.1/10.1.1-24-s.js
js/src/tests/test262/ch10/10.1/10.1.1/10.1.1-25-s.js
js/src/tests/test262/ch10/10.1/10.1.1/10.1.1-26-s.js
js/src/tests/test262/ch10/10.1/10.1.1/10.1.1-27-s.js
js/src/tests/test262/ch10/10.1/10.1.1/10.1.1-28-s.js
js/src/tests/test262/ch10/10.1/10.1.1/10.1.1-29-s.js
js/src/tests/test262/ch10/10.1/10.1.1/10.1.1-2gs.js
js/src/tests/test262/ch10/10.1/10.1.1/10.1.1-3-s.js
js/src/tests/test262/ch10/10.1/10.1.1/10.1.1-30-s.js
js/src/tests/test262/ch10/10.1/10.1.1/10.1.1-31-s.js
js/src/tests/test262/ch10/10.1/10.1.1/10.1.1-32-s.js
js/src/tests/test262/ch10/10.1/10.1.1/10.1.1-4-s.js
js/src/tests/test262/ch10/10.1/10.1.1/10.1.1-5-s.js
js/src/tests/test262/ch10/10.1/10.1.1/10.1.1-5gs.js
js/src/tests/test262/ch10/10.1/10.1.1/10.1.1-6-s.js
js/src/tests/test262/ch10/10.1/10.1.1/10.1.1-7-s.js
js/src/tests/test262/ch10/10.1/10.1.1/10.1.1-8-s.js
js/src/tests/test262/ch10/10.1/10.1.1/10.1.1-8gs.js
js/src/tests/test262/ch10/10.1/10.1.1/10.1.1-9-s.js
js/src/tests/test262/ch10/10.1/10.1.1/browser.js
js/src/tests/test262/ch10/10.1/10.1.1/shell.js
js/src/tests/test262/ch10/10.1/S10.1.1_A1_T1.js
js/src/tests/test262/ch10/10.1/S10.1.1_A1_T2.js
js/src/tests/test262/ch10/10.1/S10.1.1_A1_T3.js
js/src/tests/test262/ch10/10.1/S10.1.1_A2_T1.js
js/src/tests/test262/ch10/10.1/S10.1.6_A1_T1.js
js/src/tests/test262/ch10/10.1/S10.1.6_A1_T2.js
js/src/tests/test262/ch10/10.1/S10.1.6_A1_T3.js
js/src/tests/test262/ch10/10.1/S10.1.7_A1_T1.js
js/src/tests/test262/ch10/10.1/browser.js
js/src/tests/test262/ch10/10.1/shell.js
js/src/tests/test262/ch10/10.2/10.2.1/10.2.1.1/10.2.1.1.3/10.2.1.1.3-4-16-s.js
js/src/tests/test262/ch10/10.2/10.2.1/10.2.1.1/10.2.1.1.3/10.2.1.1.3-4-18-s.js
js/src/tests/test262/ch10/10.2/10.2.1/10.2.1.1/10.2.1.1.3/10.2.1.1.3-4-22-s.js
js/src/tests/test262/ch10/10.2/10.2.1/10.2.1.1/10.2.1.1.3/10.2.1.1.3-4-27-s.js
js/src/tests/test262/ch10/10.2/10.2.1/10.2.1.1/10.2.1.1.3/browser.js
js/src/tests/test262/ch10/10.2/10.2.1/10.2.1.1/10.2.1.1.3/shell.js
js/src/tests/test262/ch10/10.2/10.2.1/10.2.1.1/browser.js
js/src/tests/test262/ch10/10.2/10.2.1/10.2.1.1/shell.js
js/src/tests/test262/ch10/10.2/10.2.1/S10.2.1_A1.js
js/src/tests/test262/ch10/10.2/10.2.1/S10.2.1_A2.js
js/src/tests/test262/ch10/10.2/10.2.1/S10.2.1_A3.js
js/src/tests/test262/ch10/10.2/10.2.1/S10.2.1_A4_T1.js
js/src/tests/test262/ch10/10.2/10.2.1/S10.2.1_A4_T2.js
js/src/tests/test262/ch10/10.2/10.2.1/S10.2.1_A5.1_T1.js
js/src/tests/test262/ch10/10.2/10.2.1/S10.2.1_A5.1_T2.js
js/src/tests/test262/ch10/10.2/10.2.1/S10.2.1_A5.2_T1.js
js/src/tests/test262/ch10/10.2/10.2.1/browser.js
js/src/tests/test262/ch10/10.2/10.2.1/shell.js
js/src/tests/test262/ch10/10.2/10.2.2/S10.2.2_A1_T1.js
js/src/tests/test262/ch10/10.2/10.2.2/S10.2.2_A1_T2.js
js/src/tests/test262/ch10/10.2/10.2.2/S10.2.2_A1_T3.js
js/src/tests/test262/ch10/10.2/10.2.2/S10.2.2_A1_T4.js
js/src/tests/test262/ch10/10.2/10.2.2/S10.2.2_A1_T5.js
js/src/tests/test262/ch10/10.2/10.2.2/S10.2.2_A1_T6.js
js/src/tests/test262/ch10/10.2/10.2.2/S10.2.2_A1_T7.js
js/src/tests/test262/ch10/10.2/10.2.2/S10.2.2_A1_T8.js
js/src/tests/test262/ch10/10.2/10.2.2/S10.2.2_A1_T9.js
js/src/tests/test262/ch10/10.2/10.2.2/browser.js
js/src/tests/test262/ch10/10.2/10.2.2/shell.js
js/src/tests/test262/ch10/10.2/10.2.3/S10.2.3_A1.1_T1.js
js/src/tests/test262/ch10/10.2/10.2.3/S10.2.3_A1.1_T2.js
js/src/tests/test262/ch10/10.2/10.2.3/S10.2.3_A1.1_T3.js
js/src/tests/test262/ch10/10.2/10.2.3/S10.2.3_A1.1_T4.js
js/src/tests/test262/ch10/10.2/10.2.3/S10.2.3_A1.2_T1.js
js/src/tests/test262/ch10/10.2/10.2.3/S10.2.3_A1.2_T2.js
js/src/tests/test262/ch10/10.2/10.2.3/S10.2.3_A1.2_T3.js
js/src/tests/test262/ch10/10.2/10.2.3/S10.2.3_A1.2_T4.js
js/src/tests/test262/ch10/10.2/10.2.3/S10.2.3_A1.3_T1.js
js/src/tests/test262/ch10/10.2/10.2.3/S10.2.3_A1.3_T2.js
js/src/tests/test262/ch10/10.2/10.2.3/S10.2.3_A1.3_T3.js
js/src/tests/test262/ch10/10.2/10.2.3/S10.2.3_A1.3_T4.js
js/src/tests/test262/ch10/10.2/10.2.3/S10.2.3_A2.1_T1.js
js/src/tests/test262/ch10/10.2/10.2.3/S10.2.3_A2.1_T2.js
js/src/tests/test262/ch10/10.2/10.2.3/S10.2.3_A2.1_T3.js
js/src/tests/test262/ch10/10.2/10.2.3/S10.2.3_A2.1_T4.js
js/src/tests/test262/ch10/10.2/10.2.3/S10.2.3_A2.2_T1.js
js/src/tests/test262/ch10/10.2/10.2.3/S10.2.3_A2.2_T2.js
js/src/tests/test262/ch10/10.2/10.2.3/S10.2.3_A2.2_T3.js
js/src/tests/test262/ch10/10.2/10.2.3/S10.2.3_A2.2_T4.js
js/src/tests/test262/ch10/10.2/10.2.3/S10.2.3_A2.3_T1.js
js/src/tests/test262/ch10/10.2/10.2.3/S10.2.3_A2.3_T2.js
js/src/tests/test262/ch10/10.2/10.2.3/S10.2.3_A2.3_T3.js
js/src/tests/test262/ch10/10.2/10.2.3/S10.2.3_A2.3_T4.js
js/src/tests/test262/ch10/10.2/10.2.3/browser.js
js/src/tests/test262/ch10/10.2/10.2.3/shell.js
js/src/tests/test262/ch10/10.2/browser.js
js/src/tests/test262/ch10/10.2/shell.js
js/src/tests/test262/ch10/10.4/10.4.1/S10.4.1_A1_T1.js
js/src/tests/test262/ch10/10.4/10.4.1/S10.4.1_A1_T2.js
js/src/tests/test262/ch10/10.4/10.4.1/browser.js
js/src/tests/test262/ch10/10.4/10.4.1/shell.js
js/src/tests/test262/ch10/10.4/10.4.2/10.4.2-1-1.js
js/src/tests/test262/ch10/10.4/10.4.2/10.4.2-1-2.js
js/src/tests/test262/ch10/10.4/10.4.2/10.4.2-1-3.js
js/src/tests/test262/ch10/10.4/10.4.2/10.4.2-1-4.js
js/src/tests/test262/ch10/10.4/10.4.2/10.4.2-1-5.js
js/src/tests/test262/ch10/10.4/10.4.2/10.4.2-2-c-1.js
js/src/tests/test262/ch10/10.4/10.4.2/10.4.2-2-s.js
js/src/tests/test262/ch10/10.4/10.4.2/10.4.2-3-c-1-s.js
js/src/tests/test262/ch10/10.4/10.4.2/10.4.2-3-c-2-s.js
js/src/tests/test262/ch10/10.4/10.4.2/10.4.2.1-1gs.js
js/src/tests/test262/ch10/10.4/10.4.2/10.4.2.1-2-s.js
js/src/tests/test262/ch10/10.4/10.4.2/10.4.2.1-4-s.js
js/src/tests/test262/ch10/10.4/10.4.2/S10.4.2.1_A1.js
js/src/tests/test262/ch10/10.4/10.4.2/S10.4.2_A1.1_T1.js
js/src/tests/test262/ch10/10.4/10.4.2/S10.4.2_A1.1_T10.js
js/src/tests/test262/ch10/10.4/10.4.2/S10.4.2_A1.1_T11.js
js/src/tests/test262/ch10/10.4/10.4.2/S10.4.2_A1.1_T2.js
js/src/tests/test262/ch10/10.4/10.4.2/S10.4.2_A1.1_T3.js
js/src/tests/test262/ch10/10.4/10.4.2/S10.4.2_A1.1_T4.js
js/src/tests/test262/ch10/10.4/10.4.2/S10.4.2_A1.1_T5.js
js/src/tests/test262/ch10/10.4/10.4.2/S10.4.2_A1.1_T6.js
js/src/tests/test262/ch10/10.4/10.4.2/S10.4.2_A1.1_T7.js
js/src/tests/test262/ch10/10.4/10.4.2/S10.4.2_A1.1_T8.js
js/src/tests/test262/ch10/10.4/10.4.2/S10.4.2_A1.1_T9.js
js/src/tests/test262/ch10/10.4/10.4.2/S10.4.2_A1.2_T1.js
js/src/tests/test262/ch10/10.4/10.4.2/S10.4.2_A1.2_T10.js
js/src/tests/test262/ch10/10.4/10.4.2/S10.4.2_A1.2_T11.js
js/src/tests/test262/ch10/10.4/10.4.2/S10.4.2_A1.2_T2.js
js/src/tests/test262/ch10/10.4/10.4.2/S10.4.2_A1.2_T3.js
js/src/tests/test262/ch10/10.4/10.4.2/S10.4.2_A1.2_T4.js
js/src/tests/test262/ch10/10.4/10.4.2/S10.4.2_A1.2_T5.js
js/src/tests/test262/ch10/10.4/10.4.2/S10.4.2_A1.2_T6.js
js/src/tests/test262/ch10/10.4/10.4.2/S10.4.2_A1.2_T7.js
js/src/tests/test262/ch10/10.4/10.4.2/S10.4.2_A1.2_T8.js
js/src/tests/test262/ch10/10.4/10.4.2/S10.4.2_A1.2_T9.js
js/src/tests/test262/ch10/10.4/10.4.2/browser.js
js/src/tests/test262/ch10/10.4/10.4.2/shell.js
js/src/tests/test262/ch10/10.4/10.4.3/10.4.3-1-1-s.js
js/src/tests/test262/ch10/10.4/10.4.3/10.4.3-1-10-s.js
js/src/tests/test262/ch10/10.4/10.4.3/10.4.3-1-100-s.js
js/src/tests/test262/ch10/10.4/10.4.3/10.4.3-1-100gs.js
js/src/tests/test262/ch10/10.4/10.4.3/10.4.3-1-101-s.js
js/src/tests/test262/ch10/10.4/10.4.3/10.4.3-1-101gs.js
js/src/tests/test262/ch10/10.4/10.4.3/10.4.3-1-102-s.js
js/src/tests/test262/ch10/10.4/10.4.3/10.4.3-1-102gs.js
js/src/tests/test262/ch10/10.4/10.4.3/10.4.3-1-103.js
js/src/tests/test262/ch10/10.4/10.4.3/10.4.3-1-104.js
js/src/tests/test262/ch10/10.4/10.4.3/10.4.3-1-105.js
js/src/tests/test262/ch10/10.4/10.4.3/10.4.3-1-106.js
js/src/tests/test262/ch10/10.4/10.4.3/10.4.3-1-10gs.js
js/src/tests/test262/ch10/10.4/10.4.3/10.4.3-1-11-s.js
js/src/tests/test262/ch10/10.4/10.4.3/10.4.3-1-11gs.js
js/src/tests/test262/ch10/10.4/10.4.3/10.4.3-1-12-s.js
js/src/tests/test262/ch10/10.4/10.4.3/10.4.3-1-12gs.js
js/src/tests/test262/ch10/10.4/10.4.3/10.4.3-1-13-s.js
js/src/tests/test262/ch10/10.4/10.4.3/10.4.3-1-13gs.js
js/src/tests/test262/ch10/10.4/10.4.3/10.4.3-1-14-s.js
js/src/tests/test262/ch10/10.4/10.4.3/10.4.3-1-14gs.js
js/src/tests/test262/ch10/10.4/10.4.3/10.4.3-1-15-s.js
js/src/tests/test262/ch10/10.4/10.4.3/10.4.3-1-15gs.js
js/src/tests/test262/ch10/10.4/10.4.3/10.4.3-1-16-s.js
js/src/tests/test262/ch10/10.4/10.4.3/10.4.3-1-16gs.js
js/src/tests/test262/ch10/10.4/10.4.3/10.4.3-1-17-s.js
js/src/tests/test262/ch10/10.4/10.4.3/10.4.3-1-17gs.js
js/src/tests/test262/ch10/10.4/10.4.3/10.4.3-1-18gs.js
js/src/tests/test262/ch10/10.4/10.4.3/10.4.3-1-19-s.js
js/src/tests/test262/ch10/10.4/10.4.3/10.4.3-1-19gs.js
js/src/tests/test262/ch10/10.4/10.4.3/10.4.3-1-2-s.js
js/src/tests/test262/ch10/10.4/10.4.3/10.4.3-1-20-s.js
js/src/tests/test262/ch10/10.4/10.4.3/10.4.3-1-20gs.js
js/src/tests/test262/ch10/10.4/10.4.3/10.4.3-1-21-s.js
js/src/tests/test262/ch10/10.4/10.4.3/10.4.3-1-21gs.js
js/src/tests/test262/ch10/10.4/10.4.3/10.4.3-1-22-s.js
js/src/tests/test262/ch10/10.4/10.4.3/10.4.3-1-22gs.js
js/src/tests/test262/ch10/10.4/10.4.3/10.4.3-1-23-s.js
js/src/tests/test262/ch10/10.4/10.4.3/10.4.3-1-23gs.js
js/src/tests/test262/ch10/10.4/10.4.3/10.4.3-1-24-s.js
js/src/tests/test262/ch10/10.4/10.4.3/10.4.3-1-24gs.js
js/src/tests/test262/ch10/10.4/10.4.3/10.4.3-1-25-s.js
js/src/tests/test262/ch10/10.4/10.4.3/10.4.3-1-25gs.js
js/src/tests/test262/ch10/10.4/10.4.3/10.4.3-1-26-s.js
js/src/tests/test262/ch10/10.4/10.4.3/10.4.3-1-26gs.js
js/src/tests/test262/ch10/10.4/10.4.3/10.4.3-1-27-s.js
js/src/tests/test262/ch10/10.4/10.4.3/10.4.3-1-27gs.js
js/src/tests/test262/ch10/10.4/10.4.3/10.4.3-1-28-s.js
js/src/tests/test262/ch10/10.4/10.4.3/10.4.3-1-28gs.js
js/src/tests/test262/ch10/10.4/10.4.3/10.4.3-1-29-s.js
js/src/tests/test262/ch10/10.4/10.4.3/10.4.3-1-29gs.js
js/src/tests/test262/ch10/10.4/10.4.3/10.4.3-1-3-s.js
js/src/tests/test262/ch10/10.4/10.4.3/10.4.3-1-30-s.js
js/src/tests/test262/ch10/10.4/10.4.3/10.4.3-1-30gs.js
js/src/tests/test262/ch10/10.4/10.4.3/10.4.3-1-31-s.js
js/src/tests/test262/ch10/10.4/10.4.3/10.4.3-1-31gs.js
js/src/tests/test262/ch10/10.4/10.4.3/10.4.3-1-32-s.js
js/src/tests/test262/ch10/10.4/10.4.3/10.4.3-1-32gs.js
js/src/tests/test262/ch10/10.4/10.4.3/10.4.3-1-33-s.js
js/src/tests/test262/ch10/10.4/10.4.3/10.4.3-1-33gs.js
js/src/tests/test262/ch10/10.4/10.4.3/10.4.3-1-34-s.js
js/src/tests/test262/ch10/10.4/10.4.3/10.4.3-1-34gs.js
js/src/tests/test262/ch10/10.4/10.4.3/10.4.3-1-35-s.js
js/src/tests/test262/ch10/10.4/10.4.3/10.4.3-1-35gs.js
js/src/tests/test262/ch10/10.4/10.4.3/10.4.3-1-36-s.js
js/src/tests/test262/ch10/10.4/10.4.3/10.4.3-1-36gs.js
js/src/tests/test262/ch10/10.4/10.4.3/10.4.3-1-37-s.js
js/src/tests/test262/ch10/10.4/10.4.3/10.4.3-1-37gs.js
js/src/tests/test262/ch10/10.4/10.4.3/10.4.3-1-38-s.js
js/src/tests/test262/ch10/10.4/10.4.3/10.4.3-1-38gs.js
js/src/tests/test262/ch10/10.4/10.4.3/10.4.3-1-39-s.js
js/src/tests/test262/ch10/10.4/10.4.3/10.4.3-1-39gs.js
js/src/tests/test262/ch10/10.4/10.4.3/10.4.3-1-4-s.js
js/src/tests/test262/ch10/10.4/10.4.3/10.4.3-1-40-s.js
js/src/tests/test262/ch10/10.4/10.4.3/10.4.3-1-40gs.js
js/src/tests/test262/ch10/10.4/10.4.3/10.4.3-1-41-s.js
js/src/tests/test262/ch10/10.4/10.4.3/10.4.3-1-41gs.js
js/src/tests/test262/ch10/10.4/10.4.3/10.4.3-1-42-s.js
js/src/tests/test262/ch10/10.4/10.4.3/10.4.3-1-42gs.js
js/src/tests/test262/ch10/10.4/10.4.3/10.4.3-1-43-s.js
js/src/tests/test262/ch10/10.4/10.4.3/10.4.3-1-43gs.js
js/src/tests/test262/ch10/10.4/10.4.3/10.4.3-1-44-s.js
js/src/tests/test262/ch10/10.4/10.4.3/10.4.3-1-44gs.js
js/src/tests/test262/ch10/10.4/10.4.3/10.4.3-1-45-s.js
js/src/tests/test262/ch10/10.4/10.4.3/10.4.3-1-45gs.js
js/src/tests/test262/ch10/10.4/10.4.3/10.4.3-1-46-s.js
js/src/tests/test262/ch10/10.4/10.4.3/10.4.3-1-46gs.js
js/src/tests/test262/ch10/10.4/10.4.3/10.4.3-1-47-s.js
js/src/tests/test262/ch10/10.4/10.4.3/10.4.3-1-47gs.js
js/src/tests/test262/ch10/10.4/10.4.3/10.4.3-1-48-s.js
js/src/tests/test262/ch10/10.4/10.4.3/10.4.3-1-48gs.js
js/src/tests/test262/ch10/10.4/10.4.3/10.4.3-1-49-s.js
js/src/tests/test262/ch10/10.4/10.4.3/10.4.3-1-49gs.js
js/src/tests/test262/ch10/10.4/10.4.3/10.4.3-1-5-s.js
js/src/tests/test262/ch10/10.4/10.4.3/10.4.3-1-50-s.js
js/src/tests/test262/ch10/10.4/10.4.3/10.4.3-1-50gs.js
js/src/tests/test262/ch10/10.4/10.4.3/10.4.3-1-51-s.js
js/src/tests/test262/ch10/10.4/10.4.3/10.4.3-1-51gs.js
js/src/tests/test262/ch10/10.4/10.4.3/10.4.3-1-52-s.js
js/src/tests/test262/ch10/10.4/10.4.3/10.4.3-1-52gs.js
js/src/tests/test262/ch10/10.4/10.4.3/10.4.3-1-53-s.js
js/src/tests/test262/ch10/10.4/10.4.3/10.4.3-1-53gs.js
js/src/tests/test262/ch10/10.4/10.4.3/10.4.3-1-54-s.js
js/src/tests/test262/ch10/10.4/10.4.3/10.4.3-1-54gs.js
js/src/tests/test262/ch10/10.4/10.4.3/10.4.3-1-55-s.js
js/src/tests/test262/ch10/10.4/10.4.3/10.4.3-1-55gs.js
js/src/tests/test262/ch10/10.4/10.4.3/10.4.3-1-56-s.js
js/src/tests/test262/ch10/10.4/10.4.3/10.4.3-1-56gs.js
js/src/tests/test262/ch10/10.4/10.4.3/10.4.3-1-57-s.js
js/src/tests/test262/ch10/10.4/10.4.3/10.4.3-1-57gs.js
js/src/tests/test262/ch10/10.4/10.4.3/10.4.3-1-58-s.js
js/src/tests/test262/ch10/10.4/10.4.3/10.4.3-1-58gs.js
js/src/tests/test262/ch10/10.4/10.4.3/10.4.3-1-59-s.js
js/src/tests/test262/ch10/10.4/10.4.3/10.4.3-1-59gs.js
js/src/tests/test262/ch10/10.4/10.4.3/10.4.3-1-60-s.js
js/src/tests/test262/ch10/10.4/10.4.3/10.4.3-1-60gs.js
js/src/tests/test262/ch10/10.4/10.4.3/10.4.3-1-61-s.js
js/src/tests/test262/ch10/10.4/10.4.3/10.4.3-1-61gs.js
js/src/tests/test262/ch10/10.4/10.4.3/10.4.3-1-62-s.js
js/src/tests/test262/ch10/10.4/10.4.3/10.4.3-1-62gs.js
js/src/tests/test262/ch10/10.4/10.4.3/10.4.3-1-63-s.js
js/src/tests/test262/ch10/10.4/10.4.3/10.4.3-1-63gs.js
js/src/tests/test262/ch10/10.4/10.4.3/10.4.3-1-64-s.js
js/src/tests/test262/ch10/10.4/10.4.3/10.4.3-1-64gs.js
js/src/tests/test262/ch10/10.4/10.4.3/10.4.3-1-65-s.js
js/src/tests/test262/ch10/10.4/10.4.3/10.4.3-1-65gs.js
js/src/tests/test262/ch10/10.4/10.4.3/10.4.3-1-66-s.js
js/src/tests/test262/ch10/10.4/10.4.3/10.4.3-1-66gs.js
js/src/tests/test262/ch10/10.4/10.4.3/10.4.3-1-67-s.js
js/src/tests/test262/ch10/10.4/10.4.3/10.4.3-1-67gs.js
js/src/tests/test262/ch10/10.4/10.4.3/10.4.3-1-68-s.js
js/src/tests/test262/ch10/10.4/10.4.3/10.4.3-1-68gs.js
js/src/tests/test262/ch10/10.4/10.4.3/10.4.3-1-69-s.js
js/src/tests/test262/ch10/10.4/10.4.3/10.4.3-1-69gs.js
js/src/tests/test262/ch10/10.4/10.4.3/10.4.3-1-7-s.js
js/src/tests/test262/ch10/10.4/10.4.3/10.4.3-1-70-s.js
js/src/tests/test262/ch10/10.4/10.4.3/10.4.3-1-70gs.js
js/src/tests/test262/ch10/10.4/10.4.3/10.4.3-1-71-s.js
js/src/tests/test262/ch10/10.4/10.4.3/10.4.3-1-71gs.js
js/src/tests/test262/ch10/10.4/10.4.3/10.4.3-1-72-s.js
js/src/tests/test262/ch10/10.4/10.4.3/10.4.3-1-72gs.js
js/src/tests/test262/ch10/10.4/10.4.3/10.4.3-1-73-s.js
js/src/tests/test262/ch10/10.4/10.4.3/10.4.3-1-73gs.js
js/src/tests/test262/ch10/10.4/10.4.3/10.4.3-1-74-s.js
js/src/tests/test262/ch10/10.4/10.4.3/10.4.3-1-74gs.js
js/src/tests/test262/ch10/10.4/10.4.3/10.4.3-1-75-s.js
js/src/tests/test262/ch10/10.4/10.4.3/10.4.3-1-75gs.js
js/src/tests/test262/ch10/10.4/10.4.3/10.4.3-1-76-s.js
js/src/tests/test262/ch10/10.4/10.4.3/10.4.3-1-76gs.js
js/src/tests/test262/ch10/10.4/10.4.3/10.4.3-1-77-s.js
js/src/tests/test262/ch10/10.4/10.4.3/10.4.3-1-77gs.js
js/src/tests/test262/ch10/10.4/10.4.3/10.4.3-1-78-s.js
js/src/tests/test262/ch10/10.4/10.4.3/10.4.3-1-78gs.js
js/src/tests/test262/ch10/10.4/10.4.3/10.4.3-1-79-s.js
js/src/tests/test262/ch10/10.4/10.4.3/10.4.3-1-79gs.js
js/src/tests/test262/ch10/10.4/10.4.3/10.4.3-1-7gs.js
js/src/tests/test262/ch10/10.4/10.4.3/10.4.3-1-8-s.js
js/src/tests/test262/ch10/10.4/10.4.3/10.4.3-1-80-s.js
js/src/tests/test262/ch10/10.4/10.4.3/10.4.3-1-80gs.js
js/src/tests/test262/ch10/10.4/10.4.3/10.4.3-1-81-s.js
js/src/tests/test262/ch10/10.4/10.4.3/10.4.3-1-81gs.js
js/src/tests/test262/ch10/10.4/10.4.3/10.4.3-1-82-s.js
js/src/tests/test262/ch10/10.4/10.4.3/10.4.3-1-82gs.js
js/src/tests/test262/ch10/10.4/10.4.3/10.4.3-1-83-s.js
js/src/tests/test262/ch10/10.4/10.4.3/10.4.3-1-83gs.js
js/src/tests/test262/ch10/10.4/10.4.3/10.4.3-1-84-s.js
js/src/tests/test262/ch10/10.4/10.4.3/10.4.3-1-84gs.js
js/src/tests/test262/ch10/10.4/10.4.3/10.4.3-1-85-s.js
js/src/tests/test262/ch10/10.4/10.4.3/10.4.3-1-85gs.js
js/src/tests/test262/ch10/10.4/10.4.3/10.4.3-1-86-s.js
js/src/tests/test262/ch10/10.4/10.4.3/10.4.3-1-86gs.js
js/src/tests/test262/ch10/10.4/10.4.3/10.4.3-1-87-s.js
js/src/tests/test262/ch10/10.4/10.4.3/10.4.3-1-87gs.js
js/src/tests/test262/ch10/10.4/10.4.3/10.4.3-1-88-s.js
js/src/tests/test262/ch10/10.4/10.4.3/10.4.3-1-88gs.js
js/src/tests/test262/ch10/10.4/10.4.3/10.4.3-1-89-s.js
js/src/tests/test262/ch10/10.4/10.4.3/10.4.3-1-89gs.js
js/src/tests/test262/ch10/10.4/10.4.3/10.4.3-1-8gs.js
js/src/tests/test262/ch10/10.4/10.4.3/10.4.3-1-9-s.js
js/src/tests/test262/ch10/10.4/10.4.3/10.4.3-1-90-s.js
js/src/tests/test262/ch10/10.4/10.4.3/10.4.3-1-90gs.js
js/src/tests/test262/ch10/10.4/10.4.3/10.4.3-1-91-s.js
js/src/tests/test262/ch10/10.4/10.4.3/10.4.3-1-91gs.js
js/src/tests/test262/ch10/10.4/10.4.3/10.4.3-1-92-s.js
js/src/tests/test262/ch10/10.4/10.4.3/10.4.3-1-92gs.js
js/src/tests/test262/ch10/10.4/10.4.3/10.4.3-1-93-s.js
js/src/tests/test262/ch10/10.4/10.4.3/10.4.3-1-93gs.js
js/src/tests/test262/ch10/10.4/10.4.3/10.4.3-1-94-s.js
js/src/tests/test262/ch10/10.4/10.4.3/10.4.3-1-94gs.js
js/src/tests/test262/ch10/10.4/10.4.3/10.4.3-1-95-s.js
js/src/tests/test262/ch10/10.4/10.4.3/10.4.3-1-95gs.js
js/src/tests/test262/ch10/10.4/10.4.3/10.4.3-1-96-s.js
js/src/tests/test262/ch10/10.4/10.4.3/10.4.3-1-96gs.js
js/src/tests/test262/ch10/10.4/10.4.3/10.4.3-1-97-s.js
js/src/tests/test262/ch10/10.4/10.4.3/10.4.3-1-97gs.js
js/src/tests/test262/ch10/10.4/10.4.3/10.4.3-1-98-s.js
js/src/tests/test262/ch10/10.4/10.4.3/10.4.3-1-98gs.js
js/src/tests/test262/ch10/10.4/10.4.3/10.4.3-1-99-s.js
js/src/tests/test262/ch10/10.4/10.4.3/10.4.3-1-99gs.js
js/src/tests/test262/ch10/10.4/10.4.3/10.4.3-1-9gs.js
js/src/tests/test262/ch10/10.4/10.4.3/S10.4.3_A1.js
js/src/tests/test262/ch10/10.4/10.4.3/browser.js
js/src/tests/test262/ch10/10.4/10.4.3/shell.js
js/src/tests/test262/ch10/10.4/S10.4A1.1_T2.js
js/src/tests/test262/ch10/10.4/S10.4_A1.1_T1.js
js/src/tests/test262/ch10/10.4/browser.js
js/src/tests/test262/ch10/10.4/shell.js
js/src/tests/test262/ch10/10.5/10.5-1-s.js
js/src/tests/test262/ch10/10.5/10.5-1gs.js
js/src/tests/test262/ch10/10.5/10.5-7-b-1-s.js
js/src/tests/test262/ch10/10.5/10.5-7-b-2-s.js
js/src/tests/test262/ch10/10.5/10.5-7-b-3-s.js
js/src/tests/test262/ch10/10.5/10.5-7-b-4-s.js
js/src/tests/test262/ch10/10.5/browser.js
js/src/tests/test262/ch10/10.5/shell.js
js/src/tests/test262/ch10/10.6/10.6-10-c-ii-1-s.js
js/src/tests/test262/ch10/10.6/10.6-10-c-ii-1.js
js/src/tests/test262/ch10/10.6/10.6-10-c-ii-2-s.js
js/src/tests/test262/ch10/10.6/10.6-10-c-ii-2.js
js/src/tests/test262/ch10/10.6/10.6-11-b-1.js
js/src/tests/test262/ch10/10.6/10.6-12-1.js
js/src/tests/test262/ch10/10.6/10.6-12-2.js
js/src/tests/test262/ch10/10.6/10.6-13-1.js
js/src/tests/test262/ch10/10.6/10.6-13-a-1.js
js/src/tests/test262/ch10/10.6/10.6-13-a-2.js
js/src/tests/test262/ch10/10.6/10.6-13-a-3.js
js/src/tests/test262/ch10/10.6/10.6-13-b-1-s.js
js/src/tests/test262/ch10/10.6/10.6-13-b-2-s.js
js/src/tests/test262/ch10/10.6/10.6-13-b-3-s.js
js/src/tests/test262/ch10/10.6/10.6-13-c-1-s.js
js/src/tests/test262/ch10/10.6/10.6-13-c-2-s.js
js/src/tests/test262/ch10/10.6/10.6-13-c-3-s.js
js/src/tests/test262/ch10/10.6/10.6-14-1-s.js
js/src/tests/test262/ch10/10.6/10.6-14-b-1-s.js
js/src/tests/test262/ch10/10.6/10.6-14-b-4-s.js
js/src/tests/test262/ch10/10.6/10.6-14-c-1-s.js
js/src/tests/test262/ch10/10.6/10.6-14-c-4-s.js
js/src/tests/test262/ch10/10.6/10.6-1gs.js
js/src/tests/test262/ch10/10.6/10.6-2gs.js
js/src/tests/test262/ch10/10.6/10.6-5-1.js
js/src/tests/test262/ch10/10.6/10.6-6-1.js
js/src/tests/test262/ch10/10.6/10.6-6-2.js
js/src/tests/test262/ch10/10.6/10.6-6-3.js
js/src/tests/test262/ch10/10.6/10.6-6-4.js
js/src/tests/test262/ch10/10.6/10.6-7-1.js
js/src/tests/test262/ch10/10.6/S10.6_A1.js
js/src/tests/test262/ch10/10.6/S10.6_A2.js
js/src/tests/test262/ch10/10.6/S10.6_A3_T1.js
js/src/tests/test262/ch10/10.6/S10.6_A3_T2.js
js/src/tests/test262/ch10/10.6/S10.6_A3_T3.js
js/src/tests/test262/ch10/10.6/S10.6_A3_T4.js
js/src/tests/test262/ch10/10.6/S10.6_A4.js
js/src/tests/test262/ch10/10.6/S10.6_A5_T1.js
js/src/tests/test262/ch10/10.6/S10.6_A5_T2.js
js/src/tests/test262/ch10/10.6/S10.6_A5_T3.js
js/src/tests/test262/ch10/10.6/S10.6_A5_T4.js
js/src/tests/test262/ch10/10.6/S10.6_A6.js
js/src/tests/test262/ch10/10.6/S10.6_A7.js
js/src/tests/test262/ch10/10.6/browser.js
js/src/tests/test262/ch10/10.6/shell.js
js/src/tests/test262/ch10/browser.js
js/src/tests/test262/ch10/shell.js
js/src/tests/test262/ch11/11.1/11.1.1/11.1.1-1gs.js
js/src/tests/test262/ch11/11.1/11.1.1/S11.1.1_A1.js
js/src/tests/test262/ch11/11.1/11.1.1/S11.1.1_A3.1.js
js/src/tests/test262/ch11/11.1/11.1.1/S11.1.1_A3.2.js
js/src/tests/test262/ch11/11.1/11.1.1/S11.1.1_A4.1.js
js/src/tests/test262/ch11/11.1/11.1.1/S11.1.1_A4.2.js
js/src/tests/test262/ch11/11.1/11.1.1/browser.js
js/src/tests/test262/ch11/11.1/11.1.1/shell.js
js/src/tests/test262/ch11/11.1/11.1.2/S11.1.2_A1_T1.js
js/src/tests/test262/ch11/11.1/11.1.2/S11.1.2_A1_T2.js
js/src/tests/test262/ch11/11.1/11.1.2/browser.js
js/src/tests/test262/ch11/11.1/11.1.2/shell.js
js/src/tests/test262/ch11/11.1/11.1.4/11.1.4-0.js
js/src/tests/test262/ch11/11.1/11.1.4/11.1.4_4-5-1.js
js/src/tests/test262/ch11/11.1/11.1.4/11.1.4_5-6-1.js
js/src/tests/test262/ch11/11.1/11.1.4/S11.1.4_A1.1.js
js/src/tests/test262/ch11/11.1/11.1.4/S11.1.4_A1.2.js
js/src/tests/test262/ch11/11.1/11.1.4/S11.1.4_A1.3.js
js/src/tests/test262/ch11/11.1/11.1.4/S11.1.4_A1.4.js
js/src/tests/test262/ch11/11.1/11.1.4/S11.1.4_A1.5.js
js/src/tests/test262/ch11/11.1/11.1.4/S11.1.4_A1.6.js
js/src/tests/test262/ch11/11.1/11.1.4/S11.1.4_A1.7.js
js/src/tests/test262/ch11/11.1/11.1.4/S11.1.4_A2.js
js/src/tests/test262/ch11/11.1/11.1.4/browser.js
js/src/tests/test262/ch11/11.1/11.1.4/shell.js
js/src/tests/test262/ch11/11.1/11.1.5/11.1.5-0-1.js
js/src/tests/test262/ch11/11.1/11.1.5/11.1.5-0-2.js
js/src/tests/test262/ch11/11.1/11.1.5/11.1.5-1-s.js
js/src/tests/test262/ch11/11.1/11.1.5/11.1.5-1gs.js
js/src/tests/test262/ch11/11.1/11.1.5/11.1.5-2-s.js
js/src/tests/test262/ch11/11.1/11.1.5/11.1.5-2gs.js
js/src/tests/test262/ch11/11.1/11.1.5/11.1.5-3-s.js
js/src/tests/test262/ch11/11.1/11.1.5/11.1.5-4-s.js
js/src/tests/test262/ch11/11.1/11.1.5/11.1.5_3-3-1.js
js/src/tests/test262/ch11/11.1/11.1.5/11.1.5_4-4-a-2.js
js/src/tests/test262/ch11/11.1/11.1.5/11.1.5_4-4-a-3.js
js/src/tests/test262/ch11/11.1/11.1.5/11.1.5_4-5-1.js
js/src/tests/test262/ch11/11.1/11.1.5/11.1.5_5-4-1.js
js/src/tests/test262/ch11/11.1/11.1.5/11.1.5_6-2-1-s.js
js/src/tests/test262/ch11/11.1/11.1.5/11.1.5_6-2-2-s.js
js/src/tests/test262/ch11/11.1/11.1.5/11.1.5_6-3-1.js
js/src/tests/test262/ch11/11.1/11.1.5/11.1.5_6-3-2.js
js/src/tests/test262/ch11/11.1/11.1.5/11.1.5_7-2-1-s.js
js/src/tests/test262/ch11/11.1/11.1.5/11.1.5_7-2-2-s.js
js/src/tests/test262/ch11/11.1/11.1.5/11.1.5_7-3-1.js
js/src/tests/test262/ch11/11.1/11.1.5/11.1.5_7-3-2.js
js/src/tests/test262/ch11/11.1/11.1.5/S11.1.5_A1.1.js
js/src/tests/test262/ch11/11.1/11.1.5/S11.1.5_A1.2.js
js/src/tests/test262/ch11/11.1/11.1.5/S11.1.5_A1.3.js
js/src/tests/test262/ch11/11.1/11.1.5/S11.1.5_A1.4.js
js/src/tests/test262/ch11/11.1/11.1.5/S11.1.5_A2.js
js/src/tests/test262/ch11/11.1/11.1.5/S11.1.5_A3.js
js/src/tests/test262/ch11/11.1/11.1.5/S11.1.5_A4.1.js
js/src/tests/test262/ch11/11.1/11.1.5/S11.1.5_A4.2.js
js/src/tests/test262/ch11/11.1/11.1.5/S11.1.5_A4.3.js
js/src/tests/test262/ch11/11.1/11.1.5/browser.js
js/src/tests/test262/ch11/11.1/11.1.5/shell.js
js/src/tests/test262/ch11/11.1/11.1.6/S11.1.6_A1.js
js/src/tests/test262/ch11/11.1/11.1.6/S11.1.6_A2.js
js/src/tests/test262/ch11/11.1/11.1.6/S11.1.6_A3_T1.js
js/src/tests/test262/ch11/11.1/11.1.6/S11.1.6_A3_T2.js
js/src/tests/test262/ch11/11.1/11.1.6/S11.1.6_A3_T3.js
js/src/tests/test262/ch11/11.1/11.1.6/S11.1.6_A3_T4.js
js/src/tests/test262/ch11/11.1/11.1.6/S11.1.6_A3_T5.js
js/src/tests/test262/ch11/11.1/11.1.6/S11.1.6_A3_T6.js
js/src/tests/test262/ch11/11.1/11.1.6/browser.js
js/src/tests/test262/ch11/11.1/11.1.6/shell.js
js/src/tests/test262/ch11/11.1/browser.js
js/src/tests/test262/ch11/11.1/shell.js
js/src/tests/test262/ch11/11.10/11.10.1/S11.10.1_A1.js
js/src/tests/test262/ch11/11.10/11.10.1/S11.10.1_A2.1_T1.js
js/src/tests/test262/ch11/11.10/11.10.1/S11.10.1_A2.1_T2.js
js/src/tests/test262/ch11/11.10/11.10.1/S11.10.1_A2.1_T3.js
js/src/tests/test262/ch11/11.10/11.10.1/S11.10.1_A2.2_T1.js
js/src/tests/test262/ch11/11.10/11.10.1/S11.10.1_A2.3_T1.js
js/src/tests/test262/ch11/11.10/11.10.1/S11.10.1_A2.4_T1.js
js/src/tests/test262/ch11/11.10/11.10.1/S11.10.1_A2.4_T2.js
js/src/tests/test262/ch11/11.10/11.10.1/S11.10.1_A2.4_T3.js
js/src/tests/test262/ch11/11.10/11.10.1/S11.10.1_A3_T1.1.js
js/src/tests/test262/ch11/11.10/11.10.1/S11.10.1_A3_T1.2.js
js/src/tests/test262/ch11/11.10/11.10.1/S11.10.1_A3_T1.3.js
js/src/tests/test262/ch11/11.10/11.10.1/S11.10.1_A3_T1.4.js
js/src/tests/test262/ch11/11.10/11.10.1/S11.10.1_A3_T1.5.js
js/src/tests/test262/ch11/11.10/11.10.1/S11.10.1_A3_T2.1.js
js/src/tests/test262/ch11/11.10/11.10.1/S11.10.1_A3_T2.2.js
js/src/tests/test262/ch11/11.10/11.10.1/S11.10.1_A3_T2.3.js
js/src/tests/test262/ch11/11.10/11.10.1/S11.10.1_A3_T2.4.js
js/src/tests/test262/ch11/11.10/11.10.1/S11.10.1_A3_T2.5.js
js/src/tests/test262/ch11/11.10/11.10.1/S11.10.1_A3_T2.6.js
js/src/tests/test262/ch11/11.10/11.10.1/S11.10.1_A3_T2.7.js
js/src/tests/test262/ch11/11.10/11.10.1/S11.10.1_A3_T2.8.js
js/src/tests/test262/ch11/11.10/11.10.1/S11.10.1_A3_T2.9.js
js/src/tests/test262/ch11/11.10/11.10.1/browser.js
js/src/tests/test262/ch11/11.10/11.10.1/shell.js
js/src/tests/test262/ch11/11.10/11.10.2/S11.10.2_A1.js
js/src/tests/test262/ch11/11.10/11.10.2/S11.10.2_A2.1_T1.js
js/src/tests/test262/ch11/11.10/11.10.2/S11.10.2_A2.1_T2.js
js/src/tests/test262/ch11/11.10/11.10.2/S11.10.2_A2.1_T3.js
js/src/tests/test262/ch11/11.10/11.10.2/S11.10.2_A2.2_T1.js
js/src/tests/test262/ch11/11.10/11.10.2/S11.10.2_A2.3_T1.js
js/src/tests/test262/ch11/11.10/11.10.2/S11.10.2_A2.4_T1.js
js/src/tests/test262/ch11/11.10/11.10.2/S11.10.2_A2.4_T2.js
js/src/tests/test262/ch11/11.10/11.10.2/S11.10.2_A2.4_T3.js
js/src/tests/test262/ch11/11.10/11.10.2/S11.10.2_A3_T1.1.js
js/src/tests/test262/ch11/11.10/11.10.2/S11.10.2_A3_T1.2.js
js/src/tests/test262/ch11/11.10/11.10.2/S11.10.2_A3_T1.3.js
js/src/tests/test262/ch11/11.10/11.10.2/S11.10.2_A3_T1.4.js
js/src/tests/test262/ch11/11.10/11.10.2/S11.10.2_A3_T1.5.js
js/src/tests/test262/ch11/11.10/11.10.2/S11.10.2_A3_T2.1.js
js/src/tests/test262/ch11/11.10/11.10.2/S11.10.2_A3_T2.2.js
js/src/tests/test262/ch11/11.10/11.10.2/S11.10.2_A3_T2.3.js
js/src/tests/test262/ch11/11.10/11.10.2/S11.10.2_A3_T2.4.js
js/src/tests/test262/ch11/11.10/11.10.2/S11.10.2_A3_T2.5.js
js/src/tests/test262/ch11/11.10/11.10.2/S11.10.2_A3_T2.6.js
js/src/tests/test262/ch11/11.10/11.10.2/S11.10.2_A3_T2.7.js
js/src/tests/test262/ch11/11.10/11.10.2/S11.10.2_A3_T2.8.js
js/src/tests/test262/ch11/11.10/11.10.2/S11.10.2_A3_T2.9.js
js/src/tests/test262/ch11/11.10/11.10.2/browser.js
js/src/tests/test262/ch11/11.10/11.10.2/shell.js
js/src/tests/test262/ch11/11.10/11.10.3/S11.10.3_A1.js
js/src/tests/test262/ch11/11.10/11.10.3/S11.10.3_A2.1_T1.js
js/src/tests/test262/ch11/11.10/11.10.3/S11.10.3_A2.1_T2.js
js/src/tests/test262/ch11/11.10/11.10.3/S11.10.3_A2.1_T3.js
js/src/tests/test262/ch11/11.10/11.10.3/S11.10.3_A2.2_T1.js
js/src/tests/test262/ch11/11.10/11.10.3/S11.10.3_A2.3_T1.js
js/src/tests/test262/ch11/11.10/11.10.3/S11.10.3_A2.4_T1.js
js/src/tests/test262/ch11/11.10/11.10.3/S11.10.3_A2.4_T2.js
js/src/tests/test262/ch11/11.10/11.10.3/S11.10.3_A2.4_T3.js
js/src/tests/test262/ch11/11.10/11.10.3/S11.10.3_A3_T1.1.js
js/src/tests/test262/ch11/11.10/11.10.3/S11.10.3_A3_T1.2.js
js/src/tests/test262/ch11/11.10/11.10.3/S11.10.3_A3_T1.3.js
js/src/tests/test262/ch11/11.10/11.10.3/S11.10.3_A3_T1.4.js
js/src/tests/test262/ch11/11.10/11.10.3/S11.10.3_A3_T1.5.js
js/src/tests/test262/ch11/11.10/11.10.3/S11.10.3_A3_T2.1.js
js/src/tests/test262/ch11/11.10/11.10.3/S11.10.3_A3_T2.2.js
js/src/tests/test262/ch11/11.10/11.10.3/S11.10.3_A3_T2.3.js
js/src/tests/test262/ch11/11.10/11.10.3/S11.10.3_A3_T2.4.js
js/src/tests/test262/ch11/11.10/11.10.3/S11.10.3_A3_T2.5.js
js/src/tests/test262/ch11/11.10/11.10.3/S11.10.3_A3_T2.6.js
js/src/tests/test262/ch11/11.10/11.10.3/S11.10.3_A3_T2.7.js
js/src/tests/test262/ch11/11.10/11.10.3/S11.10.3_A3_T2.8.js
js/src/tests/test262/ch11/11.10/11.10.3/S11.10.3_A3_T2.9.js
js/src/tests/test262/ch11/11.10/11.10.3/browser.js
js/src/tests/test262/ch11/11.10/11.10.3/shell.js
js/src/tests/test262/ch11/11.10/browser.js
js/src/tests/test262/ch11/11.10/shell.js
js/src/tests/test262/ch11/11.11/11.11.1/S11.11.1_A1.js
js/src/tests/test262/ch11/11.11/11.11.1/S11.11.1_A2.1_T1.js
js/src/tests/test262/ch11/11.11/11.11.1/S11.11.1_A2.1_T2.js
js/src/tests/test262/ch11/11.11/11.11.1/S11.11.1_A2.1_T3.js
js/src/tests/test262/ch11/11.11/11.11.1/S11.11.1_A2.1_T4.js
js/src/tests/test262/ch11/11.11/11.11.1/S11.11.1_A2.4_T1.js
js/src/tests/test262/ch11/11.11/11.11.1/S11.11.1_A2.4_T2.js
js/src/tests/test262/ch11/11.11/11.11.1/S11.11.1_A2.4_T3.js
js/src/tests/test262/ch11/11.11/11.11.1/S11.11.1_A3_T1.js
js/src/tests/test262/ch11/11.11/11.11.1/S11.11.1_A3_T2.js
js/src/tests/test262/ch11/11.11/11.11.1/S11.11.1_A3_T3.js
js/src/tests/test262/ch11/11.11/11.11.1/S11.11.1_A3_T4.js
js/src/tests/test262/ch11/11.11/11.11.1/S11.11.1_A4_T1.js
js/src/tests/test262/ch11/11.11/11.11.1/S11.11.1_A4_T2.js
js/src/tests/test262/ch11/11.11/11.11.1/S11.11.1_A4_T3.js
js/src/tests/test262/ch11/11.11/11.11.1/S11.11.1_A4_T4.js
js/src/tests/test262/ch11/11.11/11.11.1/browser.js
js/src/tests/test262/ch11/11.11/11.11.1/shell.js
js/src/tests/test262/ch11/11.11/11.11.2/S11.11.2_A1.js
js/src/tests/test262/ch11/11.11/11.11.2/S11.11.2_A2.1_T1.js
js/src/tests/test262/ch11/11.11/11.11.2/S11.11.2_A2.1_T2.js
js/src/tests/test262/ch11/11.11/11.11.2/S11.11.2_A2.1_T3.js
js/src/tests/test262/ch11/11.11/11.11.2/S11.11.2_A2.1_T4.js
js/src/tests/test262/ch11/11.11/11.11.2/S11.11.2_A2.4_T1.js
js/src/tests/test262/ch11/11.11/11.11.2/S11.11.2_A2.4_T2.js
js/src/tests/test262/ch11/11.11/11.11.2/S11.11.2_A2.4_T3.js
js/src/tests/test262/ch11/11.11/11.11.2/S11.11.2_A3_T1.js
js/src/tests/test262/ch11/11.11/11.11.2/S11.11.2_A3_T2.js
js/src/tests/test262/ch11/11.11/11.11.2/S11.11.2_A3_T3.js
js/src/tests/test262/ch11/11.11/11.11.2/S11.11.2_A3_T4.js
js/src/tests/test262/ch11/11.11/11.11.2/S11.11.2_A4_T1.js
js/src/tests/test262/ch11/11.11/11.11.2/S11.11.2_A4_T2.js
js/src/tests/test262/ch11/11.11/11.11.2/S11.11.2_A4_T3.js
js/src/tests/test262/ch11/11.11/11.11.2/S11.11.2_A4_T4.js
js/src/tests/test262/ch11/11.11/11.11.2/browser.js
js/src/tests/test262/ch11/11.11/11.11.2/shell.js
js/src/tests/test262/ch11/11.11/browser.js
js/src/tests/test262/ch11/11.11/shell.js
js/src/tests/test262/ch11/11.12/S11.12_A1.js
js/src/tests/test262/ch11/11.12/S11.12_A2.1_T1.js
js/src/tests/test262/ch11/11.12/S11.12_A2.1_T2.js
js/src/tests/test262/ch11/11.12/S11.12_A2.1_T3.js
js/src/tests/test262/ch11/11.12/S11.12_A2.1_T4.js
js/src/tests/test262/ch11/11.12/S11.12_A2.1_T5.js
js/src/tests/test262/ch11/11.12/S11.12_A2.1_T6.js
js/src/tests/test262/ch11/11.12/S11.12_A3_T1.js
js/src/tests/test262/ch11/11.12/S11.12_A3_T2.js
js/src/tests/test262/ch11/11.12/S11.12_A3_T3.js
js/src/tests/test262/ch11/11.12/S11.12_A3_T4.js
js/src/tests/test262/ch11/11.12/S11.12_A4_T1.js
js/src/tests/test262/ch11/11.12/S11.12_A4_T2.js
js/src/tests/test262/ch11/11.12/S11.12_A4_T3.js
js/src/tests/test262/ch11/11.12/S11.12_A4_T4.js
js/src/tests/test262/ch11/11.12/browser.js
js/src/tests/test262/ch11/11.12/shell.js
js/src/tests/test262/ch11/11.13/11.13.1/11.13.1-1-1.js
js/src/tests/test262/ch11/11.13/11.13.1/11.13.1-1-2.js
js/src/tests/test262/ch11/11.13/11.13.1/11.13.1-1-3.js
js/src/tests/test262/ch11/11.13/11.13.1/11.13.1-1-4.js
js/src/tests/test262/ch11/11.13/11.13.1/11.13.1-1-6-s.js
js/src/tests/test262/ch11/11.13/11.13.1/11.13.1-1-s.js
js/src/tests/test262/ch11/11.13/11.13.1/11.13.1-2-s.js
js/src/tests/test262/ch11/11.13/11.13.1/11.13.1-3-s.js
js/src/tests/test262/ch11/11.13/11.13.1/11.13.1-4-1.js
js/src/tests/test262/ch11/11.13/11.13.1/11.13.1-4-14-s.js
js/src/tests/test262/ch11/11.13/11.13.1/11.13.1-4-27-s.js
js/src/tests/test262/ch11/11.13/11.13.1/11.13.1-4-28-s.js
js/src/tests/test262/ch11/11.13/11.13.1/11.13.1-4-28gs.js
js/src/tests/test262/ch11/11.13/11.13.1/11.13.1-4-29-s.js
js/src/tests/test262/ch11/11.13/11.13.1/11.13.1-4-29gs.js
js/src/tests/test262/ch11/11.13/11.13.1/11.13.1-4-3-s.js
js/src/tests/test262/ch11/11.13/11.13.1/11.13.1-4-30-s.js
js/src/tests/test262/ch11/11.13/11.13.1/11.13.1-4-31-s.js
js/src/tests/test262/ch11/11.13/11.13.1/11.13.1-4-6-s.js
js/src/tests/test262/ch11/11.13/11.13.1/S11.13.1_A1.js
js/src/tests/test262/ch11/11.13/11.13.1/S11.13.1_A2.1_T1.js
js/src/tests/test262/ch11/11.13/11.13.1/S11.13.1_A2.1_T2.js
js/src/tests/test262/ch11/11.13/11.13.1/S11.13.1_A2.1_T3.js
js/src/tests/test262/ch11/11.13/11.13.1/S11.13.1_A3.1.js
js/src/tests/test262/ch11/11.13/11.13.1/S11.13.1_A3.2.js
js/src/tests/test262/ch11/11.13/11.13.1/S11.13.1_A4_T1.js
js/src/tests/test262/ch11/11.13/11.13.1/S11.13.1_A4_T2.js
js/src/tests/test262/ch11/11.13/11.13.1/browser.js
js/src/tests/test262/ch11/11.13/11.13.1/shell.js
js/src/tests/test262/ch11/11.13/11.13.2/11.13.2-1-s.js
js/src/tests/test262/ch11/11.13/11.13.2/11.13.2-10-s.js
js/src/tests/test262/ch11/11.13/11.13.2/11.13.2-11-s.js
js/src/tests/test262/ch11/11.13/11.13.2/11.13.2-12-s.js
js/src/tests/test262/ch11/11.13/11.13.2/11.13.2-13-s.js
js/src/tests/test262/ch11/11.13/11.13.2/11.13.2-14-s.js
js/src/tests/test262/ch11/11.13/11.13.2/11.13.2-15-s.js
js/src/tests/test262/ch11/11.13/11.13.2/11.13.2-16-s.js
js/src/tests/test262/ch11/11.13/11.13.2/11.13.2-17-s.js
js/src/tests/test262/ch11/11.13/11.13.2/11.13.2-18-s.js
js/src/tests/test262/ch11/11.13/11.13.2/11.13.2-19-s.js
js/src/tests/test262/ch11/11.13/11.13.2/11.13.2-2-s.js
js/src/tests/test262/ch11/11.13/11.13.2/11.13.2-20-s.js
js/src/tests/test262/ch11/11.13/11.13.2/11.13.2-21-s.js
js/src/tests/test262/ch11/11.13/11.13.2/11.13.2-22-s.js
js/src/tests/test262/ch11/11.13/11.13.2/11.13.2-23-s.js
js/src/tests/test262/ch11/11.13/11.13.2/11.13.2-24-s.js
js/src/tests/test262/ch11/11.13/11.13.2/11.13.2-25-s.js
js/src/tests/test262/ch11/11.13/11.13.2/11.13.2-26-s.js
js/src/tests/test262/ch11/11.13/11.13.2/11.13.2-27-s.js
js/src/tests/test262/ch11/11.13/11.13.2/11.13.2-28-s.js
js/src/tests/test262/ch11/11.13/11.13.2/11.13.2-29-s.js
js/src/tests/test262/ch11/11.13/11.13.2/11.13.2-3-s.js
js/src/tests/test262/ch11/11.13/11.13.2/11.13.2-30-s.js
js/src/tests/test262/ch11/11.13/11.13.2/11.13.2-31-s.js
js/src/tests/test262/ch11/11.13/11.13.2/11.13.2-32-s.js
js/src/tests/test262/ch11/11.13/11.13.2/11.13.2-33-s.js
js/src/tests/test262/ch11/11.13/11.13.2/11.13.2-34-s.js
js/src/tests/test262/ch11/11.13/11.13.2/11.13.2-35-s.js
js/src/tests/test262/ch11/11.13/11.13.2/11.13.2-36-s.js
js/src/tests/test262/ch11/11.13/11.13.2/11.13.2-37-s.js
js/src/tests/test262/ch11/11.13/11.13.2/11.13.2-38-s.js
js/src/tests/test262/ch11/11.13/11.13.2/11.13.2-39-s.js
js/src/tests/test262/ch11/11.13/11.13.2/11.13.2-4-s.js
js/src/tests/test262/ch11/11.13/11.13.2/11.13.2-40-s.js
js/src/tests/test262/ch11/11.13/11.13.2/11.13.2-41-s.js
js/src/tests/test262/ch11/11.13/11.13.2/11.13.2-42-s.js
js/src/tests/test262/ch11/11.13/11.13.2/11.13.2-43-s.js
js/src/tests/test262/ch11/11.13/11.13.2/11.13.2-44-s.js
js/src/tests/test262/ch11/11.13/11.13.2/11.13.2-45-s.js
js/src/tests/test262/ch11/11.13/11.13.2/11.13.2-46-s.js
js/src/tests/test262/ch11/11.13/11.13.2/11.13.2-47-s.js
js/src/tests/test262/ch11/11.13/11.13.2/11.13.2-48-s.js
js/src/tests/test262/ch11/11.13/11.13.2/11.13.2-49-s.js
js/src/tests/test262/ch11/11.13/11.13.2/11.13.2-5-s.js
js/src/tests/test262/ch11/11.13/11.13.2/11.13.2-50-s.js
js/src/tests/test262/ch11/11.13/11.13.2/11.13.2-51-s.js
js/src/tests/test262/ch11/11.13/11.13.2/11.13.2-52-s.js
js/src/tests/test262/ch11/11.13/11.13.2/11.13.2-53-s.js
js/src/tests/test262/ch11/11.13/11.13.2/11.13.2-54-s.js
js/src/tests/test262/ch11/11.13/11.13.2/11.13.2-55-s.js
js/src/tests/test262/ch11/11.13/11.13.2/11.13.2-6-1-s.js
js/src/tests/test262/ch11/11.13/11.13.2/11.13.2-6-10-s.js
js/src/tests/test262/ch11/11.13/11.13.2/11.13.2-6-11-s.js
js/src/tests/test262/ch11/11.13/11.13.2/11.13.2-6-12-s.js
js/src/tests/test262/ch11/11.13/11.13.2/11.13.2-6-13-s.js
js/src/tests/test262/ch11/11.13/11.13.2/11.13.2-6-14-s.js
js/src/tests/test262/ch11/11.13/11.13.2/11.13.2-6-15-s.js
js/src/tests/test262/ch11/11.13/11.13.2/11.13.2-6-16-s.js
js/src/tests/test262/ch11/11.13/11.13.2/11.13.2-6-17-s.js
js/src/tests/test262/ch11/11.13/11.13.2/11.13.2-6-18-s.js
js/src/tests/test262/ch11/11.13/11.13.2/11.13.2-6-19-s.js
js/src/tests/test262/ch11/11.13/11.13.2/11.13.2-6-1gs.js
js/src/tests/test262/ch11/11.13/11.13.2/11.13.2-6-2-s.js
js/src/tests/test262/ch11/11.13/11.13.2/11.13.2-6-20-s.js
js/src/tests/test262/ch11/11.13/11.13.2/11.13.2-6-21-s.js
js/src/tests/test262/ch11/11.13/11.13.2/11.13.2-6-22-s.js
js/src/tests/test262/ch11/11.13/11.13.2/11.13.2-6-3-s.js
js/src/tests/test262/ch11/11.13/11.13.2/11.13.2-6-4-s.js
js/src/tests/test262/ch11/11.13/11.13.2/11.13.2-6-5-s.js
js/src/tests/test262/ch11/11.13/11.13.2/11.13.2-6-6-s.js
js/src/tests/test262/ch11/11.13/11.13.2/11.13.2-6-7-s.js
js/src/tests/test262/ch11/11.13/11.13.2/11.13.2-6-8-s.js
js/src/tests/test262/ch11/11.13/11.13.2/11.13.2-6-9-s.js
js/src/tests/test262/ch11/11.13/11.13.2/11.13.2-6-s.js
js/src/tests/test262/ch11/11.13/11.13.2/11.13.2-7-s.js
js/src/tests/test262/ch11/11.13/11.13.2/11.13.2-8-s.js
js/src/tests/test262/ch11/11.13/11.13.2/11.13.2-9-s.js
js/src/tests/test262/ch11/11.13/11.13.2/S11.13.2_A1_T1.js
js/src/tests/test262/ch11/11.13/11.13.2/S11.13.2_A1_T10.js
js/src/tests/test262/ch11/11.13/11.13.2/S11.13.2_A1_T11.js
js/src/tests/test262/ch11/11.13/11.13.2/S11.13.2_A1_T2.js
js/src/tests/test262/ch11/11.13/11.13.2/S11.13.2_A1_T3.js
js/src/tests/test262/ch11/11.13/11.13.2/S11.13.2_A1_T4.js
js/src/tests/test262/ch11/11.13/11.13.2/S11.13.2_A1_T5.js
js/src/tests/test262/ch11/11.13/11.13.2/S11.13.2_A1_T6.js
js/src/tests/test262/ch11/11.13/11.13.2/S11.13.2_A1_T7.js
js/src/tests/test262/ch11/11.13/11.13.2/S11.13.2_A1_T8.js
js/src/tests/test262/ch11/11.13/11.13.2/S11.13.2_A1_T9.js
js/src/tests/test262/ch11/11.13/11.13.2/S11.13.2_A2.1_T1.1.js
js/src/tests/test262/ch11/11.13/11.13.2/S11.13.2_A2.1_T1.10.js
js/src/tests/test262/ch11/11.13/11.13.2/S11.13.2_A2.1_T1.11.js
js/src/tests/test262/ch11/11.13/11.13.2/S11.13.2_A2.1_T1.2.js
js/src/tests/test262/ch11/11.13/11.13.2/S11.13.2_A2.1_T1.3.js
js/src/tests/test262/ch11/11.13/11.13.2/S11.13.2_A2.1_T1.4.js
js/src/tests/test262/ch11/11.13/11.13.2/S11.13.2_A2.1_T1.5.js
js/src/tests/test262/ch11/11.13/11.13.2/S11.13.2_A2.1_T1.6.js
js/src/tests/test262/ch11/11.13/11.13.2/S11.13.2_A2.1_T1.7.js
js/src/tests/test262/ch11/11.13/11.13.2/S11.13.2_A2.1_T1.8.js
js/src/tests/test262/ch11/11.13/11.13.2/S11.13.2_A2.1_T1.9.js
js/src/tests/test262/ch11/11.13/11.13.2/S11.13.2_A2.1_T2.1.js
js/src/tests/test262/ch11/11.13/11.13.2/S11.13.2_A2.1_T2.10.js
js/src/tests/test262/ch11/11.13/11.13.2/S11.13.2_A2.1_T2.11.js
js/src/tests/test262/ch11/11.13/11.13.2/S11.13.2_A2.1_T2.2.js
js/src/tests/test262/ch11/11.13/11.13.2/S11.13.2_A2.1_T2.3.js
js/src/tests/test262/ch11/11.13/11.13.2/S11.13.2_A2.1_T2.4.js
js/src/tests/test262/ch11/11.13/11.13.2/S11.13.2_A2.1_T2.5.js
js/src/tests/test262/ch11/11.13/11.13.2/S11.13.2_A2.1_T2.6.js
js/src/tests/test262/ch11/11.13/11.13.2/S11.13.2_A2.1_T2.7.js
js/src/tests/test262/ch11/11.13/11.13.2/S11.13.2_A2.1_T2.8.js
js/src/tests/test262/ch11/11.13/11.13.2/S11.13.2_A2.1_T2.9.js
js/src/tests/test262/ch11/11.13/11.13.2/S11.13.2_A2.1_T3.1.js
js/src/tests/test262/ch11/11.13/11.13.2/S11.13.2_A2.1_T3.10.js
js/src/tests/test262/ch11/11.13/11.13.2/S11.13.2_A2.1_T3.11.js
js/src/tests/test262/ch11/11.13/11.13.2/S11.13.2_A2.1_T3.2.js
js/src/tests/test262/ch11/11.13/11.13.2/S11.13.2_A2.1_T3.3.js
js/src/tests/test262/ch11/11.13/11.13.2/S11.13.2_A2.1_T3.4.js
js/src/tests/test262/ch11/11.13/11.13.2/S11.13.2_A2.1_T3.5.js
js/src/tests/test262/ch11/11.13/11.13.2/S11.13.2_A2.1_T3.6.js
js/src/tests/test262/ch11/11.13/11.13.2/S11.13.2_A2.1_T3.7.js
js/src/tests/test262/ch11/11.13/11.13.2/S11.13.2_A2.1_T3.8.js
js/src/tests/test262/ch11/11.13/11.13.2/S11.13.2_A2.1_T3.9.js
js/src/tests/test262/ch11/11.13/11.13.2/S11.13.2_A2.2_T1.js
js/src/tests/test262/ch11/11.13/11.13.2/S11.13.2_A2.2_T10.js
js/src/tests/test262/ch11/11.13/11.13.2/S11.13.2_A2.2_T11.js
js/src/tests/test262/ch11/11.13/11.13.2/S11.13.2_A2.2_T2.js
js/src/tests/test262/ch11/11.13/11.13.2/S11.13.2_A2.2_T3.js
js/src/tests/test262/ch11/11.13/11.13.2/S11.13.2_A2.2_T4.js
js/src/tests/test262/ch11/11.13/11.13.2/S11.13.2_A2.2_T5.js
js/src/tests/test262/ch11/11.13/11.13.2/S11.13.2_A2.2_T6.js
js/src/tests/test262/ch11/11.13/11.13.2/S11.13.2_A2.2_T7.js
js/src/tests/test262/ch11/11.13/11.13.2/S11.13.2_A2.2_T8.js
js/src/tests/test262/ch11/11.13/11.13.2/S11.13.2_A2.2_T9.js
js/src/tests/test262/ch11/11.13/11.13.2/S11.13.2_A3.1_T1.js
js/src/tests/test262/ch11/11.13/11.13.2/S11.13.2_A3.1_T10.js
js/src/tests/test262/ch11/11.13/11.13.2/S11.13.2_A3.1_T11.js
js/src/tests/test262/ch11/11.13/11.13.2/S11.13.2_A3.1_T2.js
js/src/tests/test262/ch11/11.13/11.13.2/S11.13.2_A3.1_T3.js
js/src/tests/test262/ch11/11.13/11.13.2/S11.13.2_A3.1_T4.js
js/src/tests/test262/ch11/11.13/11.13.2/S11.13.2_A3.1_T5.js
js/src/tests/test262/ch11/11.13/11.13.2/S11.13.2_A3.1_T6.js
js/src/tests/test262/ch11/11.13/11.13.2/S11.13.2_A3.1_T7.js
js/src/tests/test262/ch11/11.13/11.13.2/S11.13.2_A3.1_T8.js
js/src/tests/test262/ch11/11.13/11.13.2/S11.13.2_A3.1_T9.js
js/src/tests/test262/ch11/11.13/11.13.2/S11.13.2_A3.2_T1.js
js/src/tests/test262/ch11/11.13/11.13.2/S11.13.2_A3.2_T10.js
js/src/tests/test262/ch11/11.13/11.13.2/S11.13.2_A3.2_T11.js
js/src/tests/test262/ch11/11.13/11.13.2/S11.13.2_A3.2_T2.js
js/src/tests/test262/ch11/11.13/11.13.2/S11.13.2_A3.2_T3.js
js/src/tests/test262/ch11/11.13/11.13.2/S11.13.2_A3.2_T4.js
js/src/tests/test262/ch11/11.13/11.13.2/S11.13.2_A3.2_T5.js
js/src/tests/test262/ch11/11.13/11.13.2/S11.13.2_A3.2_T6.js
js/src/tests/test262/ch11/11.13/11.13.2/S11.13.2_A3.2_T7.js
js/src/tests/test262/ch11/11.13/11.13.2/S11.13.2_A3.2_T8.js
js/src/tests/test262/ch11/11.13/11.13.2/S11.13.2_A3.2_T9.js
js/src/tests/test262/ch11/11.13/11.13.2/S11.13.2_A4.10_T1.1.js
js/src/tests/test262/ch11/11.13/11.13.2/S11.13.2_A4.10_T1.2.js
js/src/tests/test262/ch11/11.13/11.13.2/S11.13.2_A4.10_T1.3.js
js/src/tests/test262/ch11/11.13/11.13.2/S11.13.2_A4.10_T1.4.js
js/src/tests/test262/ch11/11.13/11.13.2/S11.13.2_A4.10_T2.1.js
js/src/tests/test262/ch11/11.13/11.13.2/S11.13.2_A4.10_T2.2.js
js/src/tests/test262/ch11/11.13/11.13.2/S11.13.2_A4.10_T2.3.js
js/src/tests/test262/ch11/11.13/11.13.2/S11.13.2_A4.10_T2.4.js
js/src/tests/test262/ch11/11.13/11.13.2/S11.13.2_A4.10_T2.5.js
js/src/tests/test262/ch11/11.13/11.13.2/S11.13.2_A4.10_T2.6.js
js/src/tests/test262/ch11/11.13/11.13.2/S11.13.2_A4.10_T2.7.js
js/src/tests/test262/ch11/11.13/11.13.2/S11.13.2_A4.10_T2.8.js
js/src/tests/test262/ch11/11.13/11.13.2/S11.13.2_A4.10_T2.9.js
js/src/tests/test262/ch11/11.13/11.13.2/S11.13.2_A4.11_T1.1.js
js/src/tests/test262/ch11/11.13/11.13.2/S11.13.2_A4.11_T1.2.js
js/src/tests/test262/ch11/11.13/11.13.2/S11.13.2_A4.11_T1.3.js
js/src/tests/test262/ch11/11.13/11.13.2/S11.13.2_A4.11_T1.4.js
js/src/tests/test262/ch11/11.13/11.13.2/S11.13.2_A4.11_T2.1.js
js/src/tests/test262/ch11/11.13/11.13.2/S11.13.2_A4.11_T2.2.js
js/src/tests/test262/ch11/11.13/11.13.2/S11.13.2_A4.11_T2.3.js
js/src/tests/test262/ch11/11.13/11.13.2/S11.13.2_A4.11_T2.4.js
js/src/tests/test262/ch11/11.13/11.13.2/S11.13.2_A4.11_T2.5.js
js/src/tests/test262/ch11/11.13/11.13.2/S11.13.2_A4.11_T2.6.js
js/src/tests/test262/ch11/11.13/11.13.2/S11.13.2_A4.11_T2.7.js
js/src/tests/test262/ch11/11.13/11.13.2/S11.13.2_A4.11_T2.8.js
js/src/tests/test262/ch11/11.13/11.13.2/S11.13.2_A4.11_T2.9.js
js/src/tests/test262/ch11/11.13/11.13.2/S11.13.2_A4.1_T1.1.js
js/src/tests/test262/ch11/11.13/11.13.2/S11.13.2_A4.1_T1.2.js
js/src/tests/test262/ch11/11.13/11.13.2/S11.13.2_A4.1_T1.3.js
js/src/tests/test262/ch11/11.13/11.13.2/S11.13.2_A4.1_T1.4.js
js/src/tests/test262/ch11/11.13/11.13.2/S11.13.2_A4.1_T2.1.js
js/src/tests/test262/ch11/11.13/11.13.2/S11.13.2_A4.1_T2.2.js
js/src/tests/test262/ch11/11.13/11.13.2/S11.13.2_A4.1_T2.3.js
js/src/tests/test262/ch11/11.13/11.13.2/S11.13.2_A4.1_T2.4.js
js/src/tests/test262/ch11/11.13/11.13.2/S11.13.2_A4.1_T2.5.js
js/src/tests/test262/ch11/11.13/11.13.2/S11.13.2_A4.1_T2.6.js
js/src/tests/test262/ch11/11.13/11.13.2/S11.13.2_A4.1_T2.7.js
js/src/tests/test262/ch11/11.13/11.13.2/S11.13.2_A4.1_T2.8.js
js/src/tests/test262/ch11/11.13/11.13.2/S11.13.2_A4.1_T2.9.js
js/src/tests/test262/ch11/11.13/11.13.2/S11.13.2_A4.2_T1.1.js
js/src/tests/test262/ch11/11.13/11.13.2/S11.13.2_A4.2_T1.2.js
js/src/tests/test262/ch11/11.13/11.13.2/S11.13.2_A4.2_T1.3.js
js/src/tests/test262/ch11/11.13/11.13.2/S11.13.2_A4.2_T1.4.js
js/src/tests/test262/ch11/11.13/11.13.2/S11.13.2_A4.2_T2.1.js
js/src/tests/test262/ch11/11.13/11.13.2/S11.13.2_A4.2_T2.2.js
js/src/tests/test262/ch11/11.13/11.13.2/S11.13.2_A4.2_T2.3.js
js/src/tests/test262/ch11/11.13/11.13.2/S11.13.2_A4.2_T2.4.js
js/src/tests/test262/ch11/11.13/11.13.2/S11.13.2_A4.2_T2.5.js
js/src/tests/test262/ch11/11.13/11.13.2/S11.13.2_A4.2_T2.6.js
js/src/tests/test262/ch11/11.13/11.13.2/S11.13.2_A4.2_T2.7.js
js/src/tests/test262/ch11/11.13/11.13.2/S11.13.2_A4.2_T2.8.js
js/src/tests/test262/ch11/11.13/11.13.2/S11.13.2_A4.2_T2.9.js
js/src/tests/test262/ch11/11.13/11.13.2/S11.13.2_A4.3_T1.1.js
js/src/tests/test262/ch11/11.13/11.13.2/S11.13.2_A4.3_T1.2.js
js/src/tests/test262/ch11/11.13/11.13.2/S11.13.2_A4.3_T1.3.js
js/src/tests/test262/ch11/11.13/11.13.2/S11.13.2_A4.3_T1.4.js
js/src/tests/test262/ch11/11.13/11.13.2/S11.13.2_A4.3_T2.1.js
js/src/tests/test262/ch11/11.13/11.13.2/S11.13.2_A4.3_T2.2.js
js/src/tests/test262/ch11/11.13/11.13.2/S11.13.2_A4.3_T2.3.js
js/src/tests/test262/ch11/11.13/11.13.2/S11.13.2_A4.3_T2.4.js
js/src/tests/test262/ch11/11.13/11.13.2/S11.13.2_A4.3_T2.5.js
js/src/tests/test262/ch11/11.13/11.13.2/S11.13.2_A4.3_T2.6.js
js/src/tests/test262/ch11/11.13/11.13.2/S11.13.2_A4.3_T2.7.js
js/src/tests/test262/ch11/11.13/11.13.2/S11.13.2_A4.3_T2.8.js
js/src/tests/test262/ch11/11.13/11.13.2/S11.13.2_A4.3_T2.9.js
js/src/tests/test262/ch11/11.13/11.13.2/S11.13.2_A4.4_T1.1.js
js/src/tests/test262/ch11/11.13/11.13.2/S11.13.2_A4.4_T1.2.js
js/src/tests/test262/ch11/11.13/11.13.2/S11.13.2_A4.4_T1.3.js
js/src/tests/test262/ch11/11.13/11.13.2/S11.13.2_A4.4_T1.4.js
js/src/tests/test262/ch11/11.13/11.13.2/S11.13.2_A4.4_T2.1.js
js/src/tests/test262/ch11/11.13/11.13.2/S11.13.2_A4.4_T2.2.js
js/src/tests/test262/ch11/11.13/11.13.2/S11.13.2_A4.4_T2.3.js
js/src/tests/test262/ch11/11.13/11.13.2/S11.13.2_A4.4_T2.4.js
js/src/tests/test262/ch11/11.13/11.13.2/S11.13.2_A4.4_T2.5.js
js/src/tests/test262/ch11/11.13/11.13.2/S11.13.2_A4.4_T2.6.js
js/src/tests/test262/ch11/11.13/11.13.2/S11.13.2_A4.4_T2.7.js
js/src/tests/test262/ch11/11.13/11.13.2/S11.13.2_A4.4_T2.8.js
js/src/tests/test262/ch11/11.13/11.13.2/S11.13.2_A4.4_T2.9.js
js/src/tests/test262/ch11/11.13/11.13.2/S11.13.2_A4.5_T1.1.js
js/src/tests/test262/ch11/11.13/11.13.2/S11.13.2_A4.5_T1.2.js
js/src/tests/test262/ch11/11.13/11.13.2/S11.13.2_A4.5_T1.3.js
js/src/tests/test262/ch11/11.13/11.13.2/S11.13.2_A4.5_T1.4.js
js/src/tests/test262/ch11/11.13/11.13.2/S11.13.2_A4.5_T2.1.js
js/src/tests/test262/ch11/11.13/11.13.2/S11.13.2_A4.5_T2.2.js
js/src/tests/test262/ch11/11.13/11.13.2/S11.13.2_A4.5_T2.3.js
js/src/tests/test262/ch11/11.13/11.13.2/S11.13.2_A4.5_T2.4.js
js/src/tests/test262/ch11/11.13/11.13.2/S11.13.2_A4.5_T2.5.js
js/src/tests/test262/ch11/11.13/11.13.2/S11.13.2_A4.5_T2.6.js
js/src/tests/test262/ch11/11.13/11.13.2/S11.13.2_A4.5_T2.7.js
js/src/tests/test262/ch11/11.13/11.13.2/S11.13.2_A4.5_T2.8.js
js/src/tests/test262/ch11/11.13/11.13.2/S11.13.2_A4.5_T2.9.js
js/src/tests/test262/ch11/11.13/11.13.2/S11.13.2_A4.6_T1.1.js
js/src/tests/test262/ch11/11.13/11.13.2/S11.13.2_A4.6_T1.2.js
js/src/tests/test262/ch11/11.13/11.13.2/S11.13.2_A4.6_T1.3.js
js/src/tests/test262/ch11/11.13/11.13.2/S11.13.2_A4.6_T1.4.js
js/src/tests/test262/ch11/11.13/11.13.2/S11.13.2_A4.6_T2.1.js
js/src/tests/test262/ch11/11.13/11.13.2/S11.13.2_A4.6_T2.2.js
js/src/tests/test262/ch11/11.13/11.13.2/S11.13.2_A4.6_T2.3.js
js/src/tests/test262/ch11/11.13/11.13.2/S11.13.2_A4.6_T2.4.js
js/src/tests/test262/ch11/11.13/11.13.2/S11.13.2_A4.6_T2.5.js
js/src/tests/test262/ch11/11.13/11.13.2/S11.13.2_A4.6_T2.6.js
js/src/tests/test262/ch11/11.13/11.13.2/S11.13.2_A4.6_T2.7.js
js/src/tests/test262/ch11/11.13/11.13.2/S11.13.2_A4.6_T2.8.js
js/src/tests/test262/ch11/11.13/11.13.2/S11.13.2_A4.6_T2.9.js
js/src/tests/test262/ch11/11.13/11.13.2/S11.13.2_A4.7_T1.1.js
js/src/tests/test262/ch11/11.13/11.13.2/S11.13.2_A4.7_T1.2.js
js/src/tests/test262/ch11/11.13/11.13.2/S11.13.2_A4.7_T1.3.js
js/src/tests/test262/ch11/11.13/11.13.2/S11.13.2_A4.7_T1.4.js
js/src/tests/test262/ch11/11.13/11.13.2/S11.13.2_A4.7_T2.1.js
js/src/tests/test262/ch11/11.13/11.13.2/S11.13.2_A4.7_T2.2.js
js/src/tests/test262/ch11/11.13/11.13.2/S11.13.2_A4.7_T2.3.js
js/src/tests/test262/ch11/11.13/11.13.2/S11.13.2_A4.7_T2.4.js
js/src/tests/test262/ch11/11.13/11.13.2/S11.13.2_A4.7_T2.5.js
js/src/tests/test262/ch11/11.13/11.13.2/S11.13.2_A4.7_T2.6.js
js/src/tests/test262/ch11/11.13/11.13.2/S11.13.2_A4.7_T2.7.js
js/src/tests/test262/ch11/11.13/11.13.2/S11.13.2_A4.7_T2.8.js
js/src/tests/test262/ch11/11.13/11.13.2/S11.13.2_A4.7_T2.9.js
js/src/tests/test262/ch11/11.13/11.13.2/S11.13.2_A4.8_T1.1.js
js/src/tests/test262/ch11/11.13/11.13.2/S11.13.2_A4.8_T1.2.js
js/src/tests/test262/ch11/11.13/11.13.2/S11.13.2_A4.8_T1.3.js
js/src/tests/test262/ch11/11.13/11.13.2/S11.13.2_A4.8_T1.4.js
js/src/tests/test262/ch11/11.13/11.13.2/S11.13.2_A4.8_T2.1.js
js/src/tests/test262/ch11/11.13/11.13.2/S11.13.2_A4.8_T2.2.js
js/src/tests/test262/ch11/11.13/11.13.2/S11.13.2_A4.8_T2.3.js
js/src/tests/test262/ch11/11.13/11.13.2/S11.13.2_A4.8_T2.4.js
js/src/tests/test262/ch11/11.13/11.13.2/S11.13.2_A4.8_T2.5.js
js/src/tests/test262/ch11/11.13/11.13.2/S11.13.2_A4.8_T2.6.js
js/src/tests/test262/ch11/11.13/11.13.2/S11.13.2_A4.8_T2.7.js
js/src/tests/test262/ch11/11.13/11.13.2/S11.13.2_A4.8_T2.8.js
js/src/tests/test262/ch11/11.13/11.13.2/S11.13.2_A4.8_T2.9.js
js/src/tests/test262/ch11/11.13/11.13.2/S11.13.2_A4.9_T1.1.js
js/src/tests/test262/ch11/11.13/11.13.2/S11.13.2_A4.9_T1.2.js
js/src/tests/test262/ch11/11.13/11.13.2/S11.13.2_A4.9_T1.3.js
js/src/tests/test262/ch11/11.13/11.13.2/S11.13.2_A4.9_T1.4.js
js/src/tests/test262/ch11/11.13/11.13.2/S11.13.2_A4.9_T2.1.js
js/src/tests/test262/ch11/11.13/11.13.2/S11.13.2_A4.9_T2.2.js
js/src/tests/test262/ch11/11.13/11.13.2/S11.13.2_A4.9_T2.3.js
js/src/tests/test262/ch11/11.13/11.13.2/S11.13.2_A4.9_T2.4.js
js/src/tests/test262/ch11/11.13/11.13.2/S11.13.2_A4.9_T2.5.js
js/src/tests/test262/ch11/11.13/11.13.2/S11.13.2_A4.9_T2.6.js
js/src/tests/test262/ch11/11.13/11.13.2/S11.13.2_A4.9_T2.7.js
js/src/tests/test262/ch11/11.13/11.13.2/S11.13.2_A4.9_T2.8.js
js/src/tests/test262/ch11/11.13/11.13.2/S11.13.2_A4.9_T2.9.js
js/src/tests/test262/ch11/11.13/11.13.2/browser.js
js/src/tests/test262/ch11/11.13/11.13.2/shell.js
js/src/tests/test262/ch11/11.13/browser.js
js/src/tests/test262/ch11/11.13/shell.js
js/src/tests/test262/ch11/11.14/S11.14_A1.js
js/src/tests/test262/ch11/11.14/S11.14_A2.1_T1.js
js/src/tests/test262/ch11/11.14/S11.14_A2.1_T2.js
js/src/tests/test262/ch11/11.14/S11.14_A2.1_T3.js
js/src/tests/test262/ch11/11.14/S11.14_A3.js
js/src/tests/test262/ch11/11.14/browser.js
js/src/tests/test262/ch11/11.14/shell.js
js/src/tests/test262/ch11/11.2/11.2.1/S11.2.1_A1.1.js
js/src/tests/test262/ch11/11.2/11.2.1/S11.2.1_A1.2.js
js/src/tests/test262/ch11/11.2/11.2.1/S11.2.1_A2.js
js/src/tests/test262/ch11/11.2/11.2.1/S11.2.1_A3_T1.js
js/src/tests/test262/ch11/11.2/11.2.1/S11.2.1_A3_T2.js
js/src/tests/test262/ch11/11.2/11.2.1/S11.2.1_A3_T3.js
js/src/tests/test262/ch11/11.2/11.2.1/S11.2.1_A3_T4.js
js/src/tests/test262/ch11/11.2/11.2.1/S11.2.1_A3_T5.js
js/src/tests/test262/ch11/11.2/11.2.1/S11.2.1_A4_T1.js
js/src/tests/test262/ch11/11.2/11.2.1/S11.2.1_A4_T2.js
js/src/tests/test262/ch11/11.2/11.2.1/S11.2.1_A4_T3.js
js/src/tests/test262/ch11/11.2/11.2.1/S11.2.1_A4_T4.js
js/src/tests/test262/ch11/11.2/11.2.1/S11.2.1_A4_T5.js
js/src/tests/test262/ch11/11.2/11.2.1/S11.2.1_A4_T6.js
js/src/tests/test262/ch11/11.2/11.2.1/S11.2.1_A4_T7.js
js/src/tests/test262/ch11/11.2/11.2.1/S11.2.1_A4_T8.js
js/src/tests/test262/ch11/11.2/11.2.1/S11.2.1_A4_T9.js
js/src/tests/test262/ch11/11.2/11.2.1/browser.js
js/src/tests/test262/ch11/11.2/11.2.1/shell.js
js/src/tests/test262/ch11/11.2/11.2.2/S11.2.2_A1.1.js
js/src/tests/test262/ch11/11.2/11.2.2/S11.2.2_A1.2.js
js/src/tests/test262/ch11/11.2/11.2.2/S11.2.2_A2.js
js/src/tests/test262/ch11/11.2/11.2.2/S11.2.2_A3_T1.js
js/src/tests/test262/ch11/11.2/11.2.2/S11.2.2_A3_T2.js
js/src/tests/test262/ch11/11.2/11.2.2/S11.2.2_A3_T3.js
js/src/tests/test262/ch11/11.2/11.2.2/S11.2.2_A3_T4.js
js/src/tests/test262/ch11/11.2/11.2.2/S11.2.2_A3_T5.js
js/src/tests/test262/ch11/11.2/11.2.2/S11.2.2_A4_T1.js
js/src/tests/test262/ch11/11.2/11.2.2/S11.2.2_A4_T2.js
js/src/tests/test262/ch11/11.2/11.2.2/S11.2.2_A4_T3.js
js/src/tests/test262/ch11/11.2/11.2.2/S11.2.2_A4_T4.js
js/src/tests/test262/ch11/11.2/11.2.2/S11.2.2_A4_T5.js
js/src/tests/test262/ch11/11.2/11.2.2/browser.js
js/src/tests/test262/ch11/11.2/11.2.2/shell.js
js/src/tests/test262/ch11/11.2/11.2.3/11.2.3-3_1.js
js/src/tests/test262/ch11/11.2/11.2.3/11.2.3-3_2.js
js/src/tests/test262/ch11/11.2/11.2.3/11.2.3-3_3.js
js/src/tests/test262/ch11/11.2/11.2.3/11.2.3-3_4.js
js/src/tests/test262/ch11/11.2/11.2.3/11.2.3-3_5.js
js/src/tests/test262/ch11/11.2/11.2.3/11.2.3-3_6.js
js/src/tests/test262/ch11/11.2/11.2.3/11.2.3-3_7.js
js/src/tests/test262/ch11/11.2/11.2.3/11.2.3-3_8.js
js/src/tests/test262/ch11/11.2/11.2.3/S11.2.3_A1.js
js/src/tests/test262/ch11/11.2/11.2.3/S11.2.3_A2.js
js/src/tests/test262/ch11/11.2/11.2.3/S11.2.3_A3_T1.js
js/src/tests/test262/ch11/11.2/11.2.3/S11.2.3_A3_T2.js
js/src/tests/test262/ch11/11.2/11.2.3/S11.2.3_A3_T3.js
js/src/tests/test262/ch11/11.2/11.2.3/S11.2.3_A3_T4.js
js/src/tests/test262/ch11/11.2/11.2.3/S11.2.3_A3_T5.js
js/src/tests/test262/ch11/11.2/11.2.3/S11.2.3_A4_T1.js
js/src/tests/test262/ch11/11.2/11.2.3/S11.2.3_A4_T2.js
js/src/tests/test262/ch11/11.2/11.2.3/S11.2.3_A4_T3.js
js/src/tests/test262/ch11/11.2/11.2.3/S11.2.3_A4_T4.js
js/src/tests/test262/ch11/11.2/11.2.3/S11.2.3_A4_T5.js
js/src/tests/test262/ch11/11.2/11.2.3/browser.js
js/src/tests/test262/ch11/11.2/11.2.3/shell.js
js/src/tests/test262/ch11/11.2/11.2.4/S11.2.4_A1.1_T1.js
js/src/tests/test262/ch11/11.2/11.2.4/S11.2.4_A1.1_T2.js
js/src/tests/test262/ch11/11.2/11.2.4/S11.2.4_A1.2_T1.js
js/src/tests/test262/ch11/11.2/11.2.4/S11.2.4_A1.2_T2.js
js/src/tests/test262/ch11/11.2/11.2.4/S11.2.4_A1.3_T1.js
js/src/tests/test262/ch11/11.2/11.2.4/S11.2.4_A1.4_T1.js
js/src/tests/test262/ch11/11.2/11.2.4/S11.2.4_A1.4_T2.js
js/src/tests/test262/ch11/11.2/11.2.4/S11.2.4_A1.4_T3.js
js/src/tests/test262/ch11/11.2/11.2.4/S11.2.4_A1.4_T4.js
js/src/tests/test262/ch11/11.2/11.2.4/browser.js
js/src/tests/test262/ch11/11.2/11.2.4/shell.js
js/src/tests/test262/ch11/11.2/browser.js
js/src/tests/test262/ch11/11.2/shell.js
js/src/tests/test262/ch11/11.3/11.3.1/11.3.1-2-1-s.js
js/src/tests/test262/ch11/11.3/11.3.1/11.3.1-2-1gs.js
js/src/tests/test262/ch11/11.3/11.3.1/11.3.1-2-2-s.js
js/src/tests/test262/ch11/11.3/11.3.1/11.3.1-2-3-s.js
js/src/tests/test262/ch11/11.3/11.3.1/S11.3.1_A1.1_T1.js
js/src/tests/test262/ch11/11.3/11.3.1/S11.3.1_A1.1_T2.js
js/src/tests/test262/ch11/11.3/11.3.1/S11.3.1_A1.1_T3.js
js/src/tests/test262/ch11/11.3/11.3.1/S11.3.1_A1.1_T4.js
js/src/tests/test262/ch11/11.3/11.3.1/S11.3.1_A1.2_T1.js
js/src/tests/test262/ch11/11.3/11.3.1/S11.3.1_A2.1_T1.js
js/src/tests/test262/ch11/11.3/11.3.1/S11.3.1_A2.1_T2.js
js/src/tests/test262/ch11/11.3/11.3.1/S11.3.1_A2.1_T3.js
js/src/tests/test262/ch11/11.3/11.3.1/S11.3.1_A2.2_T1.js
js/src/tests/test262/ch11/11.3/11.3.1/S11.3.1_A3_T1.js
js/src/tests/test262/ch11/11.3/11.3.1/S11.3.1_A3_T2.js
js/src/tests/test262/ch11/11.3/11.3.1/S11.3.1_A3_T3.js
js/src/tests/test262/ch11/11.3/11.3.1/S11.3.1_A3_T4.js
js/src/tests/test262/ch11/11.3/11.3.1/S11.3.1_A3_T5.js
js/src/tests/test262/ch11/11.3/11.3.1/S11.3.1_A4_T1.js
js/src/tests/test262/ch11/11.3/11.3.1/S11.3.1_A4_T2.js
js/src/tests/test262/ch11/11.3/11.3.1/S11.3.1_A4_T3.js
js/src/tests/test262/ch11/11.3/11.3.1/S11.3.1_A4_T4.js
js/src/tests/test262/ch11/11.3/11.3.1/S11.3.1_A4_T5.js
js/src/tests/test262/ch11/11.3/11.3.1/browser.js
js/src/tests/test262/ch11/11.3/11.3.1/shell.js
js/src/tests/test262/ch11/11.3/11.3.2/11.3.2-2-1-s.js
js/src/tests/test262/ch11/11.3/11.3.2/11.3.2-2-2-s.js
js/src/tests/test262/ch11/11.3/11.3.2/11.3.2-2-3-s.js
js/src/tests/test262/ch11/11.3/11.3.2/S11.3.2_A1.1_T1.js
js/src/tests/test262/ch11/11.3/11.3.2/S11.3.2_A1.1_T2.js
js/src/tests/test262/ch11/11.3/11.3.2/S11.3.2_A1.1_T3.js
js/src/tests/test262/ch11/11.3/11.3.2/S11.3.2_A1.1_T4.js
js/src/tests/test262/ch11/11.3/11.3.2/S11.3.2_A1.2_T1.js
js/src/tests/test262/ch11/11.3/11.3.2/S11.3.2_A2.1_T1.js
js/src/tests/test262/ch11/11.3/11.3.2/S11.3.2_A2.1_T2.js
js/src/tests/test262/ch11/11.3/11.3.2/S11.3.2_A2.1_T3.js
js/src/tests/test262/ch11/11.3/11.3.2/S11.3.2_A2.2_T1.js
js/src/tests/test262/ch11/11.3/11.3.2/S11.3.2_A3_T1.js
js/src/tests/test262/ch11/11.3/11.3.2/S11.3.2_A3_T2.js
js/src/tests/test262/ch11/11.3/11.3.2/S11.3.2_A3_T3.js
js/src/tests/test262/ch11/11.3/11.3.2/S11.3.2_A3_T4.js
js/src/tests/test262/ch11/11.3/11.3.2/S11.3.2_A3_T5.js
js/src/tests/test262/ch11/11.3/11.3.2/S11.3.2_A4_T1.js
js/src/tests/test262/ch11/11.3/11.3.2/S11.3.2_A4_T2.js
js/src/tests/test262/ch11/11.3/11.3.2/S11.3.2_A4_T3.js
js/src/tests/test262/ch11/11.3/11.3.2/S11.3.2_A4_T4.js
js/src/tests/test262/ch11/11.3/11.3.2/S11.3.2_A4_T5.js
js/src/tests/test262/ch11/11.3/11.3.2/browser.js
js/src/tests/test262/ch11/11.3/11.3.2/shell.js
js/src/tests/test262/ch11/11.3/browser.js
js/src/tests/test262/ch11/11.3/shell.js
js/src/tests/test262/ch11/11.4/11.4.1/11.4.1-0-1.js
js/src/tests/test262/ch11/11.4/11.4.1/11.4.1-2-1.js
js/src/tests/test262/ch11/11.4/11.4.1/11.4.1-2-2.js
js/src/tests/test262/ch11/11.4/11.4.1/11.4.1-2-3.js
js/src/tests/test262/ch11/11.4/11.4.1/11.4.1-2-4.js
js/src/tests/test262/ch11/11.4/11.4.1/11.4.1-2-5.js
js/src/tests/test262/ch11/11.4/11.4.1/11.4.1-2-6.js
js/src/tests/test262/ch11/11.4/11.4.1/11.4.1-3-1.js
js/src/tests/test262/ch11/11.4/11.4.1/11.4.1-3-2.js
js/src/tests/test262/ch11/11.4/11.4.1/11.4.1-3-3.js
js/src/tests/test262/ch11/11.4/11.4.1/11.4.1-3-a-1-s.js
js/src/tests/test262/ch11/11.4/11.4.1/11.4.1-4-a-1-s.js
js/src/tests/test262/ch11/11.4/11.4.1/11.4.1-4-a-2-s.js
js/src/tests/test262/ch11/11.4/11.4.1/11.4.1-4-a-3-s.js
js/src/tests/test262/ch11/11.4/11.4.1/11.4.1-4-a-4-s.js
js/src/tests/test262/ch11/11.4/11.4.1/11.4.1-4.a-1.js
js/src/tests/test262/ch11/11.4/11.4.1/11.4.1-4.a-10.js
js/src/tests/test262/ch11/11.4/11.4.1/11.4.1-4.a-11.js
js/src/tests/test262/ch11/11.4/11.4.1/11.4.1-4.a-12.js
js/src/tests/test262/ch11/11.4/11.4.1/11.4.1-4.a-13.js
js/src/tests/test262/ch11/11.4/11.4.1/11.4.1-4.a-14.js
js/src/tests/test262/ch11/11.4/11.4.1/11.4.1-4.a-15.js
js/src/tests/test262/ch11/11.4/11.4.1/11.4.1-4.a-16.js
js/src/tests/test262/ch11/11.4/11.4.1/11.4.1-4.a-17.js
js/src/tests/test262/ch11/11.4/11.4.1/11.4.1-4.a-2.js
js/src/tests/test262/ch11/11.4/11.4.1/11.4.1-4.a-3-s.js
js/src/tests/test262/ch11/11.4/11.4.1/11.4.1-4.a-3.js
js/src/tests/test262/ch11/11.4/11.4.1/11.4.1-4.a-4.js
js/src/tests/test262/ch11/11.4/11.4.1/11.4.1-4.a-5.js
js/src/tests/test262/ch11/11.4/11.4.1/11.4.1-4.a-6.js
js/src/tests/test262/ch11/11.4/11.4.1/11.4.1-4.a-7.js
js/src/tests/test262/ch11/11.4/11.4.1/11.4.1-4.a-8-s.js
js/src/tests/test262/ch11/11.4/11.4.1/11.4.1-4.a-8.js
js/src/tests/test262/ch11/11.4/11.4.1/11.4.1-4.a-9-s.js
js/src/tests/test262/ch11/11.4/11.4.1/11.4.1-4.a-9.js
js/src/tests/test262/ch11/11.4/11.4.1/11.4.1-5-1.js
js/src/tests/test262/ch11/11.4/11.4.1/11.4.1-5-2.js
js/src/tests/test262/ch11/11.4/11.4.1/11.4.1-5-3.js
js/src/tests/test262/ch11/11.4/11.4.1/11.4.1-5-a-1-s.js
js/src/tests/test262/ch11/11.4/11.4.1/11.4.1-5-a-10-s.js
js/src/tests/test262/ch11/11.4/11.4.1/11.4.1-5-a-11-s.js
js/src/tests/test262/ch11/11.4/11.4.1/11.4.1-5-a-12-s.js
js/src/tests/test262/ch11/11.4/11.4.1/11.4.1-5-a-13-s.js
js/src/tests/test262/ch11/11.4/11.4.1/11.4.1-5-a-14-s.js
js/src/tests/test262/ch11/11.4/11.4.1/11.4.1-5-a-15-s.js
js/src/tests/test262/ch11/11.4/11.4.1/11.4.1-5-a-16-s.js
js/src/tests/test262/ch11/11.4/11.4.1/11.4.1-5-a-17-s.js
js/src/tests/test262/ch11/11.4/11.4.1/11.4.1-5-a-18-s.js
js/src/tests/test262/ch11/11.4/11.4.1/11.4.1-5-a-19-s.js
js/src/tests/test262/ch11/11.4/11.4.1/11.4.1-5-a-2-s.js
js/src/tests/test262/ch11/11.4/11.4.1/11.4.1-5-a-20-s.js
js/src/tests/test262/ch11/11.4/11.4.1/11.4.1-5-a-21-s.js
js/src/tests/test262/ch11/11.4/11.4.1/11.4.1-5-a-22-s.js
js/src/tests/test262/ch11/11.4/11.4.1/11.4.1-5-a-23-s.js
js/src/tests/test262/ch11/11.4/11.4.1/11.4.1-5-a-24-s.js
js/src/tests/test262/ch11/11.4/11.4.1/11.4.1-5-a-25-s.js
js/src/tests/test262/ch11/11.4/11.4.1/11.4.1-5-a-26-s.js
js/src/tests/test262/ch11/11.4/11.4.1/11.4.1-5-a-27-s.js
js/src/tests/test262/ch11/11.4/11.4.1/11.4.1-5-a-28-s.js
js/src/tests/test262/ch11/11.4/11.4.1/11.4.1-5-a-3-s.js
js/src/tests/test262/ch11/11.4/11.4.1/11.4.1-5-a-4-s.js
js/src/tests/test262/ch11/11.4/11.4.1/11.4.1-5-a-5-s.js
js/src/tests/test262/ch11/11.4/11.4.1/11.4.1-5-a-5gs.js
js/src/tests/test262/ch11/11.4/11.4.1/11.4.1-5-a-6-s.js
js/src/tests/test262/ch11/11.4/11.4.1/11.4.1-5-a-7-s.js
js/src/tests/test262/ch11/11.4/11.4.1/11.4.1-5-a-8-s.js
js/src/tests/test262/ch11/11.4/11.4.1/11.4.1-5-a-9-s.js
js/src/tests/test262/ch11/11.4/11.4.1/11.4.4-4.a-3-s.js
js/src/tests/test262/ch11/11.4/11.4.1/S11.4.1_A1.js
js/src/tests/test262/ch11/11.4/11.4.1/S11.4.1_A2.1.js
js/src/tests/test262/ch11/11.4/11.4.1/S11.4.1_A2.2_T1.js
js/src/tests/test262/ch11/11.4/11.4.1/S11.4.1_A2.2_T2.js
js/src/tests/test262/ch11/11.4/11.4.1/S11.4.1_A3.1.js
js/src/tests/test262/ch11/11.4/11.4.1/S11.4.1_A3.2.js
js/src/tests/test262/ch11/11.4/11.4.1/S11.4.1_A3.3.js
js/src/tests/test262/ch11/11.4/11.4.1/S11.4.1_A4.js
js/src/tests/test262/ch11/11.4/11.4.1/S11.4.1_A5.js
js/src/tests/test262/ch11/11.4/11.4.1/browser.js
js/src/tests/test262/ch11/11.4/11.4.1/shell.js
js/src/tests/test262/ch11/11.4/11.4.2/S11.4.2_A1.js
js/src/tests/test262/ch11/11.4/11.4.2/S11.4.2_A2_T1.js
js/src/tests/test262/ch11/11.4/11.4.2/S11.4.2_A2_T2.js
js/src/tests/test262/ch11/11.4/11.4.2/S11.4.2_A4_T1.js
js/src/tests/test262/ch11/11.4/11.4.2/S11.4.2_A4_T2.js
js/src/tests/test262/ch11/11.4/11.4.2/S11.4.2_A4_T3.js
js/src/tests/test262/ch11/11.4/11.4.2/S11.4.2_A4_T4.js
js/src/tests/test262/ch11/11.4/11.4.2/S11.4.2_A4_T5.js
js/src/tests/test262/ch11/11.4/11.4.2/S11.4.2_A4_T6.js
js/src/tests/test262/ch11/11.4/11.4.2/browser.js
js/src/tests/test262/ch11/11.4/11.4.2/shell.js
js/src/tests/test262/ch11/11.4/11.4.3/S11.4.3_A1.js
js/src/tests/test262/ch11/11.4/11.4.3/S11.4.3_A2_T1.js
js/src/tests/test262/ch11/11.4/11.4.3/S11.4.3_A2_T2.js
js/src/tests/test262/ch11/11.4/11.4.3/S11.4.3_A3.1.js
js/src/tests/test262/ch11/11.4/11.4.3/S11.4.3_A3.2.js
js/src/tests/test262/ch11/11.4/11.4.3/S11.4.3_A3.3.js
js/src/tests/test262/ch11/11.4/11.4.3/S11.4.3_A3.4.js
js/src/tests/test262/ch11/11.4/11.4.3/S11.4.3_A3.5.js
js/src/tests/test262/ch11/11.4/11.4.3/S11.4.3_A3.6.js
js/src/tests/test262/ch11/11.4/11.4.3/S11.4.3_A3.7.js
js/src/tests/test262/ch11/11.4/11.4.3/browser.js
js/src/tests/test262/ch11/11.4/11.4.3/shell.js
js/src/tests/test262/ch11/11.4/11.4.4/11.4.4-2-1-s.js
js/src/tests/test262/ch11/11.4/11.4.4/11.4.4-2-2-s.js
js/src/tests/test262/ch11/11.4/11.4.4/11.4.4-2-3-s.js
js/src/tests/test262/ch11/11.4/11.4.4/S11.4.4_A1.js
js/src/tests/test262/ch11/11.4/11.4.4/S11.4.4_A2.1_T1.js
js/src/tests/test262/ch11/11.4/11.4.4/S11.4.4_A2.1_T2.js
js/src/tests/test262/ch11/11.4/11.4.4/S11.4.4_A2.1_T3.js
js/src/tests/test262/ch11/11.4/11.4.4/S11.4.4_A2.2_T1.js
js/src/tests/test262/ch11/11.4/11.4.4/S11.4.4_A3_T1.js
js/src/tests/test262/ch11/11.4/11.4.4/S11.4.4_A3_T2.js
js/src/tests/test262/ch11/11.4/11.4.4/S11.4.4_A3_T3.js
js/src/tests/test262/ch11/11.4/11.4.4/S11.4.4_A3_T4.js
js/src/tests/test262/ch11/11.4/11.4.4/S11.4.4_A3_T5.js
js/src/tests/test262/ch11/11.4/11.4.4/S11.4.4_A4_T1.js
js/src/tests/test262/ch11/11.4/11.4.4/S11.4.4_A4_T2.js
js/src/tests/test262/ch11/11.4/11.4.4/S11.4.4_A4_T3.js
js/src/tests/test262/ch11/11.4/11.4.4/S11.4.4_A4_T4.js
js/src/tests/test262/ch11/11.4/11.4.4/S11.4.4_A4_T5.js
js/src/tests/test262/ch11/11.4/11.4.4/browser.js
js/src/tests/test262/ch11/11.4/11.4.4/shell.js
js/src/tests/test262/ch11/11.4/11.4.5/11.4.5-2-1-s.js
js/src/tests/test262/ch11/11.4/11.4.5/11.4.5-2-2-s.js
js/src/tests/test262/ch11/11.4/11.4.5/11.4.5-2-2gs.js
js/src/tests/test262/ch11/11.4/11.4.5/11.4.5-2-3-s.js
js/src/tests/test262/ch11/11.4/11.4.5/S11.4.5_A1.js
js/src/tests/test262/ch11/11.4/11.4.5/S11.4.5_A2.1_T1.js
js/src/tests/test262/ch11/11.4/11.4.5/S11.4.5_A2.1_T2.js
js/src/tests/test262/ch11/11.4/11.4.5/S11.4.5_A2.1_T3.js
js/src/tests/test262/ch11/11.4/11.4.5/S11.4.5_A2.2_T1.js
js/src/tests/test262/ch11/11.4/11.4.5/S11.4.5_A3_T1.js
js/src/tests/test262/ch11/11.4/11.4.5/S11.4.5_A3_T2.js
js/src/tests/test262/ch11/11.4/11.4.5/S11.4.5_A3_T3.js
js/src/tests/test262/ch11/11.4/11.4.5/S11.4.5_A3_T4.js
js/src/tests/test262/ch11/11.4/11.4.5/S11.4.5_A3_T5.js
js/src/tests/test262/ch11/11.4/11.4.5/S11.4.5_A4_T1.js
js/src/tests/test262/ch11/11.4/11.4.5/S11.4.5_A4_T2.js
js/src/tests/test262/ch11/11.4/11.4.5/S11.4.5_A4_T3.js
js/src/tests/test262/ch11/11.4/11.4.5/S11.4.5_A4_T4.js
js/src/tests/test262/ch11/11.4/11.4.5/S11.4.5_A4_T5.js
js/src/tests/test262/ch11/11.4/11.4.5/browser.js
js/src/tests/test262/ch11/11.4/11.4.5/shell.js
js/src/tests/test262/ch11/11.4/11.4.6/11.4.6-2-1.js
js/src/tests/test262/ch11/11.4/11.4.6/S11.4.6_A1.js
js/src/tests/test262/ch11/11.4/11.4.6/S11.4.6_A2.1_T1.js
js/src/tests/test262/ch11/11.4/11.4.6/S11.4.6_A2.1_T2.js
js/src/tests/test262/ch11/11.4/11.4.6/S11.4.6_A2.2_T1.js
js/src/tests/test262/ch11/11.4/11.4.6/S11.4.6_A3_T1.js
js/src/tests/test262/ch11/11.4/11.4.6/S11.4.6_A3_T2.js
js/src/tests/test262/ch11/11.4/11.4.6/S11.4.6_A3_T3.js
js/src/tests/test262/ch11/11.4/11.4.6/S11.4.6_A3_T4.js
js/src/tests/test262/ch11/11.4/11.4.6/S11.4.6_A3_T5.js
js/src/tests/test262/ch11/11.4/11.4.6/browser.js
js/src/tests/test262/ch11/11.4/11.4.6/shell.js
js/src/tests/test262/ch11/11.4/11.4.7/11.4.7-4-1.js
js/src/tests/test262/ch11/11.4/11.4.7/S11.4.7_A1.js
js/src/tests/test262/ch11/11.4/11.4.7/S11.4.7_A2.1_T1.js
js/src/tests/test262/ch11/11.4/11.4.7/S11.4.7_A2.1_T2.js
js/src/tests/test262/ch11/11.4/11.4.7/S11.4.7_A2.2_T1.js
js/src/tests/test262/ch11/11.4/11.4.7/S11.4.7_A3_T1.js
js/src/tests/test262/ch11/11.4/11.4.7/S11.4.7_A3_T2.js
js/src/tests/test262/ch11/11.4/11.4.7/S11.4.7_A3_T3.js
js/src/tests/test262/ch11/11.4/11.4.7/S11.4.7_A3_T4.js
js/src/tests/test262/ch11/11.4/11.4.7/S11.4.7_A3_T5.js
js/src/tests/test262/ch11/11.4/11.4.7/S11.4.7_A4.1.js
js/src/tests/test262/ch11/11.4/11.4.7/S11.4.7_A4.2.js
js/src/tests/test262/ch11/11.4/11.4.7/browser.js
js/src/tests/test262/ch11/11.4/11.4.7/shell.js
js/src/tests/test262/ch11/11.4/11.4.8/S11.4.8_A1.js
js/src/tests/test262/ch11/11.4/11.4.8/S11.4.8_A2.1_T1.js
js/src/tests/test262/ch11/11.4/11.4.8/S11.4.8_A2.1_T2.js
js/src/tests/test262/ch11/11.4/11.4.8/S11.4.8_A2.2_T1.js
js/src/tests/test262/ch11/11.4/11.4.8/S11.4.8_A3_T1.js
js/src/tests/test262/ch11/11.4/11.4.8/S11.4.8_A3_T2.js
js/src/tests/test262/ch11/11.4/11.4.8/S11.4.8_A3_T3.js
js/src/tests/test262/ch11/11.4/11.4.8/S11.4.8_A3_T4.js
js/src/tests/test262/ch11/11.4/11.4.8/S11.4.8_A3_T5.js
js/src/tests/test262/ch11/11.4/11.4.8/browser.js
js/src/tests/test262/ch11/11.4/11.4.8/shell.js
js/src/tests/test262/ch11/11.4/11.4.9/S11.4.9_A1.js
js/src/tests/test262/ch11/11.4/11.4.9/S11.4.9_A2.1_T1.js
js/src/tests/test262/ch11/11.4/11.4.9/S11.4.9_A2.1_T2.js
js/src/tests/test262/ch11/11.4/11.4.9/S11.4.9_A2.2_T1.js
js/src/tests/test262/ch11/11.4/11.4.9/S11.4.9_A3_T1.js
js/src/tests/test262/ch11/11.4/11.4.9/S11.4.9_A3_T2.js
js/src/tests/test262/ch11/11.4/11.4.9/S11.4.9_A3_T3.js
js/src/tests/test262/ch11/11.4/11.4.9/S11.4.9_A3_T4.js
js/src/tests/test262/ch11/11.4/11.4.9/S11.4.9_A3_T5.js
js/src/tests/test262/ch11/11.4/11.4.9/browser.js
js/src/tests/test262/ch11/11.4/11.4.9/shell.js
js/src/tests/test262/ch11/11.4/browser.js
js/src/tests/test262/ch11/11.4/shell.js
js/src/tests/test262/ch11/11.5/11.5.1/S11.5.1_A1.js
js/src/tests/test262/ch11/11.5/11.5.1/S11.5.1_A2.1_T1.js
js/src/tests/test262/ch11/11.5/11.5.1/S11.5.1_A2.1_T2.js
js/src/tests/test262/ch11/11.5/11.5.1/S11.5.1_A2.1_T3.js
js/src/tests/test262/ch11/11.5/11.5.1/S11.5.1_A2.2_T1.js
js/src/tests/test262/ch11/11.5/11.5.1/S11.5.1_A2.3_T1.js
js/src/tests/test262/ch11/11.5/11.5.1/S11.5.1_A2.4_T1.js
js/src/tests/test262/ch11/11.5/11.5.1/S11.5.1_A2.4_T2.js
js/src/tests/test262/ch11/11.5/11.5.1/S11.5.1_A2.4_T3.js
js/src/tests/test262/ch11/11.5/11.5.1/S11.5.1_A3_T1.1.js
js/src/tests/test262/ch11/11.5/11.5.1/S11.5.1_A3_T1.2.js
js/src/tests/test262/ch11/11.5/11.5.1/S11.5.1_A3_T1.3.js
js/src/tests/test262/ch11/11.5/11.5.1/S11.5.1_A3_T1.4.js
js/src/tests/test262/ch11/11.5/11.5.1/S11.5.1_A3_T1.5.js
js/src/tests/test262/ch11/11.5/11.5.1/S11.5.1_A3_T2.1.js
js/src/tests/test262/ch11/11.5/11.5.1/S11.5.1_A3_T2.2.js
js/src/tests/test262/ch11/11.5/11.5.1/S11.5.1_A3_T2.3.js
js/src/tests/test262/ch11/11.5/11.5.1/S11.5.1_A3_T2.4.js
js/src/tests/test262/ch11/11.5/11.5.1/S11.5.1_A3_T2.5.js
js/src/tests/test262/ch11/11.5/11.5.1/S11.5.1_A3_T2.6.js
js/src/tests/test262/ch11/11.5/11.5.1/S11.5.1_A3_T2.7.js
js/src/tests/test262/ch11/11.5/11.5.1/S11.5.1_A3_T2.8.js
js/src/tests/test262/ch11/11.5/11.5.1/S11.5.1_A3_T2.9.js
js/src/tests/test262/ch11/11.5/11.5.1/S11.5.1_A4_T1.1.js
js/src/tests/test262/ch11/11.5/11.5.1/S11.5.1_A4_T1.2.js
js/src/tests/test262/ch11/11.5/11.5.1/S11.5.1_A4_T2.js
js/src/tests/test262/ch11/11.5/11.5.1/S11.5.1_A4_T3.js
js/src/tests/test262/ch11/11.5/11.5.1/S11.5.1_A4_T4.js
js/src/tests/test262/ch11/11.5/11.5.1/S11.5.1_A4_T5.js
js/src/tests/test262/ch11/11.5/11.5.1/S11.5.1_A4_T6.js
js/src/tests/test262/ch11/11.5/11.5.1/S11.5.1_A4_T7.js
js/src/tests/test262/ch11/11.5/11.5.1/S11.5.1_A4_T8.js
js/src/tests/test262/ch11/11.5/11.5.1/browser.js
js/src/tests/test262/ch11/11.5/11.5.1/shell.js
js/src/tests/test262/ch11/11.5/11.5.2/S11.5.2_A1.js
js/src/tests/test262/ch11/11.5/11.5.2/S11.5.2_A2.1_T1.js
js/src/tests/test262/ch11/11.5/11.5.2/S11.5.2_A2.1_T2.js
js/src/tests/test262/ch11/11.5/11.5.2/S11.5.2_A2.1_T3.js
js/src/tests/test262/ch11/11.5/11.5.2/S11.5.2_A2.2_T1.js
js/src/tests/test262/ch11/11.5/11.5.2/S11.5.2_A2.3_T1.js
js/src/tests/test262/ch11/11.5/11.5.2/S11.5.2_A2.4_T1.js
js/src/tests/test262/ch11/11.5/11.5.2/S11.5.2_A2.4_T2.js
js/src/tests/test262/ch11/11.5/11.5.2/S11.5.2_A2.4_T3.js
js/src/tests/test262/ch11/11.5/11.5.2/S11.5.2_A3_T1.1.js
js/src/tests/test262/ch11/11.5/11.5.2/S11.5.2_A3_T1.2.js
js/src/tests/test262/ch11/11.5/11.5.2/S11.5.2_A3_T1.3.js
js/src/tests/test262/ch11/11.5/11.5.2/S11.5.2_A3_T1.4.js
js/src/tests/test262/ch11/11.5/11.5.2/S11.5.2_A3_T1.5.js
js/src/tests/test262/ch11/11.5/11.5.2/S11.5.2_A3_T2.1.js
js/src/tests/test262/ch11/11.5/11.5.2/S11.5.2_A3_T2.2.js
js/src/tests/test262/ch11/11.5/11.5.2/S11.5.2_A3_T2.3.js
js/src/tests/test262/ch11/11.5/11.5.2/S11.5.2_A3_T2.4.js
js/src/tests/test262/ch11/11.5/11.5.2/S11.5.2_A3_T2.5.js
js/src/tests/test262/ch11/11.5/11.5.2/S11.5.2_A3_T2.6.js
js/src/tests/test262/ch11/11.5/11.5.2/S11.5.2_A3_T2.7.js
js/src/tests/test262/ch11/11.5/11.5.2/S11.5.2_A3_T2.8.js
js/src/tests/test262/ch11/11.5/11.5.2/S11.5.2_A3_T2.9.js
js/src/tests/test262/ch11/11.5/11.5.2/S11.5.2_A4_T1.1.js
js/src/tests/test262/ch11/11.5/11.5.2/S11.5.2_A4_T1.2.js
js/src/tests/test262/ch11/11.5/11.5.2/S11.5.2_A4_T10.js
js/src/tests/test262/ch11/11.5/11.5.2/S11.5.2_A4_T2.js
js/src/tests/test262/ch11/11.5/11.5.2/S11.5.2_A4_T3.js
js/src/tests/test262/ch11/11.5/11.5.2/S11.5.2_A4_T4.js
js/src/tests/test262/ch11/11.5/11.5.2/S11.5.2_A4_T5.js
js/src/tests/test262/ch11/11.5/11.5.2/S11.5.2_A4_T6.js
js/src/tests/test262/ch11/11.5/11.5.2/S11.5.2_A4_T7.js
js/src/tests/test262/ch11/11.5/11.5.2/S11.5.2_A4_T8.js
js/src/tests/test262/ch11/11.5/11.5.2/S11.5.2_A4_T9.js
js/src/tests/test262/ch11/11.5/11.5.2/browser.js
js/src/tests/test262/ch11/11.5/11.5.2/shell.js
js/src/tests/test262/ch11/11.5/11.5.3/S11.5.3_A1.js
js/src/tests/test262/ch11/11.5/11.5.3/S11.5.3_A2.1_T1.js
js/src/tests/test262/ch11/11.5/11.5.3/S11.5.3_A2.1_T2.js
js/src/tests/test262/ch11/11.5/11.5.3/S11.5.3_A2.1_T3.js
js/src/tests/test262/ch11/11.5/11.5.3/S11.5.3_A2.2_T1.js
js/src/tests/test262/ch11/11.5/11.5.3/S11.5.3_A2.3_T1.js
js/src/tests/test262/ch11/11.5/11.5.3/S11.5.3_A2.4_T1.js
js/src/tests/test262/ch11/11.5/11.5.3/S11.5.3_A2.4_T2.js
js/src/tests/test262/ch11/11.5/11.5.3/S11.5.3_A2.4_T3.js
js/src/tests/test262/ch11/11.5/11.5.3/S11.5.3_A3_T1.1.js
js/src/tests/test262/ch11/11.5/11.5.3/S11.5.3_A3_T1.2.js
js/src/tests/test262/ch11/11.5/11.5.3/S11.5.3_A3_T1.3.js
js/src/tests/test262/ch11/11.5/11.5.3/S11.5.3_A3_T1.4.js
js/src/tests/test262/ch11/11.5/11.5.3/S11.5.3_A3_T1.5.js
js/src/tests/test262/ch11/11.5/11.5.3/S11.5.3_A3_T2.1.js
js/src/tests/test262/ch11/11.5/11.5.3/S11.5.3_A3_T2.2.js
js/src/tests/test262/ch11/11.5/11.5.3/S11.5.3_A3_T2.3.js
js/src/tests/test262/ch11/11.5/11.5.3/S11.5.3_A3_T2.4.js
js/src/tests/test262/ch11/11.5/11.5.3/S11.5.3_A3_T2.5.js
js/src/tests/test262/ch11/11.5/11.5.3/S11.5.3_A3_T2.6.js
js/src/tests/test262/ch11/11.5/11.5.3/S11.5.3_A3_T2.7.js
js/src/tests/test262/ch11/11.5/11.5.3/S11.5.3_A3_T2.8.js
js/src/tests/test262/ch11/11.5/11.5.3/S11.5.3_A3_T2.9.js
js/src/tests/test262/ch11/11.5/11.5.3/S11.5.3_A4_T1.1.js
js/src/tests/test262/ch11/11.5/11.5.3/S11.5.3_A4_T1.2.js
js/src/tests/test262/ch11/11.5/11.5.3/S11.5.3_A4_T2.js
js/src/tests/test262/ch11/11.5/11.5.3/S11.5.3_A4_T3.js
js/src/tests/test262/ch11/11.5/11.5.3/S11.5.3_A4_T4.js
js/src/tests/test262/ch11/11.5/11.5.3/S11.5.3_A4_T5.js
js/src/tests/test262/ch11/11.5/11.5.3/S11.5.3_A4_T6.js
js/src/tests/test262/ch11/11.5/11.5.3/S11.5.3_A4_T7.js
js/src/tests/test262/ch11/11.5/11.5.3/browser.js
js/src/tests/test262/ch11/11.5/11.5.3/shell.js
js/src/tests/test262/ch11/11.5/browser.js
js/src/tests/test262/ch11/11.5/shell.js
js/src/tests/test262/ch11/11.6/11.6.1/S11.6.1_A1.js
js/src/tests/test262/ch11/11.6/11.6.1/S11.6.1_A2.1_T1.js
js/src/tests/test262/ch11/11.6/11.6.1/S11.6.1_A2.1_T2.js
js/src/tests/test262/ch11/11.6/11.6.1/S11.6.1_A2.1_T3.js
js/src/tests/test262/ch11/11.6/11.6.1/S11.6.1_A2.2_T1.js
js/src/tests/test262/ch11/11.6/11.6.1/S11.6.1_A2.2_T2.js
js/src/tests/test262/ch11/11.6/11.6.1/S11.6.1_A2.2_T3.js
js/src/tests/test262/ch11/11.6/11.6.1/S11.6.1_A2.3_T1.js
js/src/tests/test262/ch11/11.6/11.6.1/S11.6.1_A2.4_T1.js
js/src/tests/test262/ch11/11.6/11.6.1/S11.6.1_A2.4_T2.js
js/src/tests/test262/ch11/11.6/11.6.1/S11.6.1_A2.4_T3.js
js/src/tests/test262/ch11/11.6/11.6.1/S11.6.1_A3.1_T1.1.js
js/src/tests/test262/ch11/11.6/11.6.1/S11.6.1_A3.1_T1.2.js
js/src/tests/test262/ch11/11.6/11.6.1/S11.6.1_A3.1_T1.3.js
js/src/tests/test262/ch11/11.6/11.6.1/S11.6.1_A3.1_T2.1.js
js/src/tests/test262/ch11/11.6/11.6.1/S11.6.1_A3.1_T2.2.js
js/src/tests/test262/ch11/11.6/11.6.1/S11.6.1_A3.1_T2.3.js
js/src/tests/test262/ch11/11.6/11.6.1/S11.6.1_A3.1_T2.4.js
js/src/tests/test262/ch11/11.6/11.6.1/S11.6.1_A3.1_T2.5.js
js/src/tests/test262/ch11/11.6/11.6.1/S11.6.1_A3.2_T1.1.js
js/src/tests/test262/ch11/11.6/11.6.1/S11.6.1_A3.2_T1.2.js
js/src/tests/test262/ch11/11.6/11.6.1/S11.6.1_A3.2_T2.1.js
js/src/tests/test262/ch11/11.6/11.6.1/S11.6.1_A3.2_T2.2.js
js/src/tests/test262/ch11/11.6/11.6.1/S11.6.1_A3.2_T2.3.js
js/src/tests/test262/ch11/11.6/11.6.1/S11.6.1_A3.2_T2.4.js
js/src/tests/test262/ch11/11.6/11.6.1/S11.6.1_A4_T1.js
js/src/tests/test262/ch11/11.6/11.6.1/S11.6.1_A4_T2.js
js/src/tests/test262/ch11/11.6/11.6.1/S11.6.1_A4_T3.js
js/src/tests/test262/ch11/11.6/11.6.1/S11.6.1_A4_T4.js
js/src/tests/test262/ch11/11.6/11.6.1/S11.6.1_A4_T5.js
js/src/tests/test262/ch11/11.6/11.6.1/S11.6.1_A4_T6.js
js/src/tests/test262/ch11/11.6/11.6.1/S11.6.1_A4_T7.js
js/src/tests/test262/ch11/11.6/11.6.1/S11.6.1_A4_T8.js
js/src/tests/test262/ch11/11.6/11.6.1/S11.6.1_A4_T9.js
js/src/tests/test262/ch11/11.6/11.6.1/browser.js
js/src/tests/test262/ch11/11.6/11.6.1/shell.js
js/src/tests/test262/ch11/11.6/11.6.2/S11.6.2_A1.js
js/src/tests/test262/ch11/11.6/11.6.2/S11.6.2_A2.1_T1.js
js/src/tests/test262/ch11/11.6/11.6.2/S11.6.2_A2.1_T2.js
js/src/tests/test262/ch11/11.6/11.6.2/S11.6.2_A2.1_T3.js
js/src/tests/test262/ch11/11.6/11.6.2/S11.6.2_A2.2_T1.js
js/src/tests/test262/ch11/11.6/11.6.2/S11.6.2_A2.3_T1.js
js/src/tests/test262/ch11/11.6/11.6.2/S11.6.2_A2.4_T1.js
js/src/tests/test262/ch11/11.6/11.6.2/S11.6.2_A2.4_T2.js
js/src/tests/test262/ch11/11.6/11.6.2/S11.6.2_A2.4_T3.js
js/src/tests/test262/ch11/11.6/11.6.2/S11.6.2_A3_T1.1.js
js/src/tests/test262/ch11/11.6/11.6.2/S11.6.2_A3_T1.2.js
js/src/tests/test262/ch11/11.6/11.6.2/S11.6.2_A3_T1.3.js
js/src/tests/test262/ch11/11.6/11.6.2/S11.6.2_A3_T1.4.js
js/src/tests/test262/ch11/11.6/11.6.2/S11.6.2_A3_T1.5.js
js/src/tests/test262/ch11/11.6/11.6.2/S11.6.2_A3_T2.1.js
js/src/tests/test262/ch11/11.6/11.6.2/S11.6.2_A3_T2.2.js
js/src/tests/test262/ch11/11.6/11.6.2/S11.6.2_A3_T2.3.js
js/src/tests/test262/ch11/11.6/11.6.2/S11.6.2_A3_T2.4.js
js/src/tests/test262/ch11/11.6/11.6.2/S11.6.2_A3_T2.5.js
js/src/tests/test262/ch11/11.6/11.6.2/S11.6.2_A3_T2.6.js
js/src/tests/test262/ch11/11.6/11.6.2/S11.6.2_A3_T2.7.js
js/src/tests/test262/ch11/11.6/11.6.2/S11.6.2_A3_T2.8.js
js/src/tests/test262/ch11/11.6/11.6.2/S11.6.2_A3_T2.9.js
js/src/tests/test262/ch11/11.6/11.6.2/S11.6.2_A4_T1.js
js/src/tests/test262/ch11/11.6/11.6.2/S11.6.2_A4_T2.js
js/src/tests/test262/ch11/11.6/11.6.2/S11.6.2_A4_T3.js
js/src/tests/test262/ch11/11.6/11.6.2/S11.6.2_A4_T4.js
js/src/tests/test262/ch11/11.6/11.6.2/S11.6.2_A4_T5.js
js/src/tests/test262/ch11/11.6/11.6.2/S11.6.2_A4_T6.js
js/src/tests/test262/ch11/11.6/11.6.2/S11.6.2_A4_T7.js
js/src/tests/test262/ch11/11.6/11.6.2/S11.6.2_A4_T8.js
js/src/tests/test262/ch11/11.6/11.6.2/browser.js
js/src/tests/test262/ch11/11.6/11.6.2/shell.js
js/src/tests/test262/ch11/11.6/browser.js
js/src/tests/test262/ch11/11.6/shell.js
js/src/tests/test262/ch11/11.7/11.7.1/S11.7.1_A1.js
js/src/tests/test262/ch11/11.7/11.7.1/S11.7.1_A2.1_T1.js
js/src/tests/test262/ch11/11.7/11.7.1/S11.7.1_A2.1_T2.js
js/src/tests/test262/ch11/11.7/11.7.1/S11.7.1_A2.1_T3.js
js/src/tests/test262/ch11/11.7/11.7.1/S11.7.1_A2.2_T1.js
js/src/tests/test262/ch11/11.7/11.7.1/S11.7.1_A2.3_T1.js
js/src/tests/test262/ch11/11.7/11.7.1/S11.7.1_A2.4_T1.js
js/src/tests/test262/ch11/11.7/11.7.1/S11.7.1_A2.4_T2.js
js/src/tests/test262/ch11/11.7/11.7.1/S11.7.1_A2.4_T3.js
js/src/tests/test262/ch11/11.7/11.7.1/S11.7.1_A3_T1.1.js
js/src/tests/test262/ch11/11.7/11.7.1/S11.7.1_A3_T1.2.js
js/src/tests/test262/ch11/11.7/11.7.1/S11.7.1_A3_T1.3.js
js/src/tests/test262/ch11/11.7/11.7.1/S11.7.1_A3_T1.4.js
js/src/tests/test262/ch11/11.7/11.7.1/S11.7.1_A3_T1.5.js
js/src/tests/test262/ch11/11.7/11.7.1/S11.7.1_A3_T2.1.js
js/src/tests/test262/ch11/11.7/11.7.1/S11.7.1_A3_T2.2.js
js/src/tests/test262/ch11/11.7/11.7.1/S11.7.1_A3_T2.3.js
js/src/tests/test262/ch11/11.7/11.7.1/S11.7.1_A3_T2.4.js
js/src/tests/test262/ch11/11.7/11.7.1/S11.7.1_A3_T2.5.js
js/src/tests/test262/ch11/11.7/11.7.1/S11.7.1_A3_T2.6.js
js/src/tests/test262/ch11/11.7/11.7.1/S11.7.1_A3_T2.7.js
js/src/tests/test262/ch11/11.7/11.7.1/S11.7.1_A3_T2.8.js
js/src/tests/test262/ch11/11.7/11.7.1/S11.7.1_A3_T2.9.js
js/src/tests/test262/ch11/11.7/11.7.1/S11.7.1_A4_T1.js
js/src/tests/test262/ch11/11.7/11.7.1/S11.7.1_A4_T2.js
js/src/tests/test262/ch11/11.7/11.7.1/S11.7.1_A4_T3.js
js/src/tests/test262/ch11/11.7/11.7.1/S11.7.1_A4_T4.js
js/src/tests/test262/ch11/11.7/11.7.1/S11.7.1_A5.1_T1.js
js/src/tests/test262/ch11/11.7/11.7.1/S11.7.1_A5.2_T1.js
js/src/tests/test262/ch11/11.7/11.7.1/browser.js
js/src/tests/test262/ch11/11.7/11.7.1/shell.js
js/src/tests/test262/ch11/11.7/11.7.2/S11.7.2_A1.js
js/src/tests/test262/ch11/11.7/11.7.2/S11.7.2_A2.1_T1.js
js/src/tests/test262/ch11/11.7/11.7.2/S11.7.2_A2.1_T2.js
js/src/tests/test262/ch11/11.7/11.7.2/S11.7.2_A2.1_T3.js
js/src/tests/test262/ch11/11.7/11.7.2/S11.7.2_A2.2_T1.js
js/src/tests/test262/ch11/11.7/11.7.2/S11.7.2_A2.3_T1.js
js/src/tests/test262/ch11/11.7/11.7.2/S11.7.2_A2.4_T1.js
js/src/tests/test262/ch11/11.7/11.7.2/S11.7.2_A2.4_T2.js
js/src/tests/test262/ch11/11.7/11.7.2/S11.7.2_A2.4_T3.js
js/src/tests/test262/ch11/11.7/11.7.2/S11.7.2_A3_T1.1.js
js/src/tests/test262/ch11/11.7/11.7.2/S11.7.2_A3_T1.2.js
js/src/tests/test262/ch11/11.7/11.7.2/S11.7.2_A3_T1.3.js
js/src/tests/test262/ch11/11.7/11.7.2/S11.7.2_A3_T1.4.js
js/src/tests/test262/ch11/11.7/11.7.2/S11.7.2_A3_T1.5.js
js/src/tests/test262/ch11/11.7/11.7.2/S11.7.2_A3_T2.1.js
js/src/tests/test262/ch11/11.7/11.7.2/S11.7.2_A3_T2.2.js
js/src/tests/test262/ch11/11.7/11.7.2/S11.7.2_A3_T2.3.js
js/src/tests/test262/ch11/11.7/11.7.2/S11.7.2_A3_T2.4.js
js/src/tests/test262/ch11/11.7/11.7.2/S11.7.2_A3_T2.5.js
js/src/tests/test262/ch11/11.7/11.7.2/S11.7.2_A3_T2.6.js
js/src/tests/test262/ch11/11.7/11.7.2/S11.7.2_A3_T2.7.js
js/src/tests/test262/ch11/11.7/11.7.2/S11.7.2_A3_T2.8.js
js/src/tests/test262/ch11/11.7/11.7.2/S11.7.2_A3_T2.9.js
js/src/tests/test262/ch11/11.7/11.7.2/S11.7.2_A4_T1.js
js/src/tests/test262/ch11/11.7/11.7.2/S11.7.2_A4_T2.js
js/src/tests/test262/ch11/11.7/11.7.2/S11.7.2_A4_T3.js
js/src/tests/test262/ch11/11.7/11.7.2/S11.7.2_A4_T4.js
js/src/tests/test262/ch11/11.7/11.7.2/S11.7.2_A5.1_T1.js
js/src/tests/test262/ch11/11.7/11.7.2/S11.7.2_A5.2_T1.js
js/src/tests/test262/ch11/11.7/11.7.2/browser.js
js/src/tests/test262/ch11/11.7/11.7.2/shell.js
js/src/tests/test262/ch11/11.7/11.7.3/S11.7.3_A1.js
js/src/tests/test262/ch11/11.7/11.7.3/S11.7.3_A2.1_T1.js
js/src/tests/test262/ch11/11.7/11.7.3/S11.7.3_A2.1_T2.js
js/src/tests/test262/ch11/11.7/11.7.3/S11.7.3_A2.1_T3.js
js/src/tests/test262/ch11/11.7/11.7.3/S11.7.3_A2.2_T1.js
js/src/tests/test262/ch11/11.7/11.7.3/S11.7.3_A2.3_T1.js
js/src/tests/test262/ch11/11.7/11.7.3/S11.7.3_A2.4_T1.js
js/src/tests/test262/ch11/11.7/11.7.3/S11.7.3_A2.4_T2.js
js/src/tests/test262/ch11/11.7/11.7.3/S11.7.3_A2.4_T3.js
js/src/tests/test262/ch11/11.7/11.7.3/S11.7.3_A3_T1.1.js
js/src/tests/test262/ch11/11.7/11.7.3/S11.7.3_A3_T1.2.js
js/src/tests/test262/ch11/11.7/11.7.3/S11.7.3_A3_T1.3.js
js/src/tests/test262/ch11/11.7/11.7.3/S11.7.3_A3_T1.4.js
js/src/tests/test262/ch11/11.7/11.7.3/S11.7.3_A3_T1.5.js
js/src/tests/test262/ch11/11.7/11.7.3/S11.7.3_A3_T2.1.js
js/src/tests/test262/ch11/11.7/11.7.3/S11.7.3_A3_T2.2.js
js/src/tests/test262/ch11/11.7/11.7.3/S11.7.3_A3_T2.3.js
js/src/tests/test262/ch11/11.7/11.7.3/S11.7.3_A3_T2.4.js
js/src/tests/test262/ch11/11.7/11.7.3/S11.7.3_A3_T2.5.js
js/src/tests/test262/ch11/11.7/11.7.3/S11.7.3_A3_T2.6.js
js/src/tests/test262/ch11/11.7/11.7.3/S11.7.3_A3_T2.7.js
js/src/tests/test262/ch11/11.7/11.7.3/S11.7.3_A3_T2.8.js
js/src/tests/test262/ch11/11.7/11.7.3/S11.7.3_A3_T2.9.js
js/src/tests/test262/ch11/11.7/11.7.3/S11.7.3_A4_T1.js
js/src/tests/test262/ch11/11.7/11.7.3/S11.7.3_A4_T2.js
js/src/tests/test262/ch11/11.7/11.7.3/S11.7.3_A4_T3.js
js/src/tests/test262/ch11/11.7/11.7.3/S11.7.3_A4_T4.js
js/src/tests/test262/ch11/11.7/11.7.3/S11.7.3_A5.1_T1.js
js/src/tests/test262/ch11/11.7/11.7.3/S11.7.3_A5.2_T1.js
js/src/tests/test262/ch11/11.7/11.7.3/browser.js
js/src/tests/test262/ch11/11.7/11.7.3/shell.js
js/src/tests/test262/ch11/11.7/browser.js
js/src/tests/test262/ch11/11.7/shell.js
js/src/tests/test262/ch11/11.8/11.8.1/S11.8.1_A1.js
js/src/tests/test262/ch11/11.8/11.8.1/S11.8.1_A2.1_T1.js
js/src/tests/test262/ch11/11.8/11.8.1/S11.8.1_A2.1_T2.js
js/src/tests/test262/ch11/11.8/11.8.1/S11.8.1_A2.1_T3.js
js/src/tests/test262/ch11/11.8/11.8.1/S11.8.1_A2.2_T1.js
js/src/tests/test262/ch11/11.8/11.8.1/S11.8.1_A2.3_T1.js
js/src/tests/test262/ch11/11.8/11.8.1/S11.8.1_A2.4_T1.js
js/src/tests/test262/ch11/11.8/11.8.1/S11.8.1_A2.4_T2.js
js/src/tests/test262/ch11/11.8/11.8.1/S11.8.1_A2.4_T3.js
js/src/tests/test262/ch11/11.8/11.8.1/S11.8.1_A3.1_T1.1.js
js/src/tests/test262/ch11/11.8/11.8.1/S11.8.1_A3.1_T1.2.js
js/src/tests/test262/ch11/11.8/11.8.1/S11.8.1_A3.1_T1.3.js
js/src/tests/test262/ch11/11.8/11.8.1/S11.8.1_A3.1_T2.1.js
js/src/tests/test262/ch11/11.8/11.8.1/S11.8.1_A3.1_T2.2.js
js/src/tests/test262/ch11/11.8/11.8.1/S11.8.1_A3.1_T2.3.js
js/src/tests/test262/ch11/11.8/11.8.1/S11.8.1_A3.1_T2.4.js
js/src/tests/test262/ch11/11.8/11.8.1/S11.8.1_A3.1_T2.5.js
js/src/tests/test262/ch11/11.8/11.8.1/S11.8.1_A3.1_T2.6.js
js/src/tests/test262/ch11/11.8/11.8.1/S11.8.1_A3.1_T2.7.js
js/src/tests/test262/ch11/11.8/11.8.1/S11.8.1_A3.1_T2.8.js
js/src/tests/test262/ch11/11.8/11.8.1/S11.8.1_A3.1_T2.9.js
js/src/tests/test262/ch11/11.8/11.8.1/S11.8.1_A3.2_T1.1.js
js/src/tests/test262/ch11/11.8/11.8.1/S11.8.1_A3.2_T1.2.js
js/src/tests/test262/ch11/11.8/11.8.1/S11.8.1_A4.1.js
js/src/tests/test262/ch11/11.8/11.8.1/S11.8.1_A4.10.js
js/src/tests/test262/ch11/11.8/11.8.1/S11.8.1_A4.11.js
js/src/tests/test262/ch11/11.8/11.8.1/S11.8.1_A4.12_T1.js
js/src/tests/test262/ch11/11.8/11.8.1/S11.8.1_A4.12_T2.js
js/src/tests/test262/ch11/11.8/11.8.1/S11.8.1_A4.2.js
js/src/tests/test262/ch11/11.8/11.8.1/S11.8.1_A4.3.js
js/src/tests/test262/ch11/11.8/11.8.1/S11.8.1_A4.4.js
js/src/tests/test262/ch11/11.8/11.8.1/S11.8.1_A4.5.js
js/src/tests/test262/ch11/11.8/11.8.1/S11.8.1_A4.6.js
js/src/tests/test262/ch11/11.8/11.8.1/S11.8.1_A4.7.js
js/src/tests/test262/ch11/11.8/11.8.1/S11.8.1_A4.8.js
js/src/tests/test262/ch11/11.8/11.8.1/S11.8.1_A4.9.js
js/src/tests/test262/ch11/11.8/11.8.1/browser.js
js/src/tests/test262/ch11/11.8/11.8.1/shell.js
js/src/tests/test262/ch11/11.8/11.8.2/11.8.2-1.js
js/src/tests/test262/ch11/11.8/11.8.2/11.8.2-2.js
js/src/tests/test262/ch11/11.8/11.8.2/11.8.2-3.js
js/src/tests/test262/ch11/11.8/11.8.2/11.8.2-4.js
js/src/tests/test262/ch11/11.8/11.8.2/S11.8.2_A1.js
js/src/tests/test262/ch11/11.8/11.8.2/S11.8.2_A2.1_T1.js
js/src/tests/test262/ch11/11.8/11.8.2/S11.8.2_A2.1_T2.js
js/src/tests/test262/ch11/11.8/11.8.2/S11.8.2_A2.1_T3.js
js/src/tests/test262/ch11/11.8/11.8.2/S11.8.2_A2.2_T1.js
js/src/tests/test262/ch11/11.8/11.8.2/S11.8.2_A2.3_T1.js
js/src/tests/test262/ch11/11.8/11.8.2/S11.8.2_A2.4_T1.js
js/src/tests/test262/ch11/11.8/11.8.2/S11.8.2_A2.4_T2.js
js/src/tests/test262/ch11/11.8/11.8.2/S11.8.2_A2.4_T3.js
js/src/tests/test262/ch11/11.8/11.8.2/S11.8.2_A3.1_T1.1.js
js/src/tests/test262/ch11/11.8/11.8.2/S11.8.2_A3.1_T1.2.js
js/src/tests/test262/ch11/11.8/11.8.2/S11.8.2_A3.1_T1.3.js
js/src/tests/test262/ch11/11.8/11.8.2/S11.8.2_A3.1_T2.1.js
js/src/tests/test262/ch11/11.8/11.8.2/S11.8.2_A3.1_T2.2.js
js/src/tests/test262/ch11/11.8/11.8.2/S11.8.2_A3.1_T2.3.js
js/src/tests/test262/ch11/11.8/11.8.2/S11.8.2_A3.1_T2.4.js
js/src/tests/test262/ch11/11.8/11.8.2/S11.8.2_A3.1_T2.5.js
js/src/tests/test262/ch11/11.8/11.8.2/S11.8.2_A3.1_T2.6.js
js/src/tests/test262/ch11/11.8/11.8.2/S11.8.2_A3.1_T2.7.js
js/src/tests/test262/ch11/11.8/11.8.2/S11.8.2_A3.1_T2.8.js
js/src/tests/test262/ch11/11.8/11.8.2/S11.8.2_A3.1_T2.9.js
js/src/tests/test262/ch11/11.8/11.8.2/S11.8.2_A3.2_T1.1.js
js/src/tests/test262/ch11/11.8/11.8.2/S11.8.2_A3.2_T1.2.js
js/src/tests/test262/ch11/11.8/11.8.2/S11.8.2_A4.1.js
js/src/tests/test262/ch11/11.8/11.8.2/S11.8.2_A4.10.js
js/src/tests/test262/ch11/11.8/11.8.2/S11.8.2_A4.11.js
js/src/tests/test262/ch11/11.8/11.8.2/S11.8.2_A4.12_T1.js
js/src/tests/test262/ch11/11.8/11.8.2/S11.8.2_A4.12_T2.js
js/src/tests/test262/ch11/11.8/11.8.2/S11.8.2_A4.2.js
js/src/tests/test262/ch11/11.8/11.8.2/S11.8.2_A4.3.js
js/src/tests/test262/ch11/11.8/11.8.2/S11.8.2_A4.4.js
js/src/tests/test262/ch11/11.8/11.8.2/S11.8.2_A4.5.js
js/src/tests/test262/ch11/11.8/11.8.2/S11.8.2_A4.6.js
js/src/tests/test262/ch11/11.8/11.8.2/S11.8.2_A4.7.js
js/src/tests/test262/ch11/11.8/11.8.2/S11.8.2_A4.8.js
js/src/tests/test262/ch11/11.8/11.8.2/S11.8.2_A4.9.js
js/src/tests/test262/ch11/11.8/11.8.2/browser.js
js/src/tests/test262/ch11/11.8/11.8.2/shell.js
js/src/tests/test262/ch11/11.8/11.8.3/11.8.3-1.js
js/src/tests/test262/ch11/11.8/11.8.3/11.8.3-2.js
js/src/tests/test262/ch11/11.8/11.8.3/11.8.3-3.js
js/src/tests/test262/ch11/11.8/11.8.3/11.8.3-4.js
js/src/tests/test262/ch11/11.8/11.8.3/11.8.3-5.js
js/src/tests/test262/ch11/11.8/11.8.3/S11.8.3_A1.js
js/src/tests/test262/ch11/11.8/11.8.3/S11.8.3_A2.1_T1.js
js/src/tests/test262/ch11/11.8/11.8.3/S11.8.3_A2.1_T2.js
js/src/tests/test262/ch11/11.8/11.8.3/S11.8.3_A2.1_T3.js
js/src/tests/test262/ch11/11.8/11.8.3/S11.8.3_A2.2_T1.js
js/src/tests/test262/ch11/11.8/11.8.3/S11.8.3_A2.3_T1.js
js/src/tests/test262/ch11/11.8/11.8.3/S11.8.3_A2.4_T1.js
js/src/tests/test262/ch11/11.8/11.8.3/S11.8.3_A2.4_T2.js
js/src/tests/test262/ch11/11.8/11.8.3/S11.8.3_A2.4_T3.js
js/src/tests/test262/ch11/11.8/11.8.3/S11.8.3_A3.1_T1.1.js
js/src/tests/test262/ch11/11.8/11.8.3/S11.8.3_A3.1_T1.2.js
js/src/tests/test262/ch11/11.8/11.8.3/S11.8.3_A3.1_T1.3.js
js/src/tests/test262/ch11/11.8/11.8.3/S11.8.3_A3.1_T2.1.js
js/src/tests/test262/ch11/11.8/11.8.3/S11.8.3_A3.1_T2.2.js
js/src/tests/test262/ch11/11.8/11.8.3/S11.8.3_A3.1_T2.3.js
js/src/tests/test262/ch11/11.8/11.8.3/S11.8.3_A3.1_T2.4.js
js/src/tests/test262/ch11/11.8/11.8.3/S11.8.3_A3.1_T2.5.js
js/src/tests/test262/ch11/11.8/11.8.3/S11.8.3_A3.1_T2.6.js
js/src/tests/test262/ch11/11.8/11.8.3/S11.8.3_A3.1_T2.7.js
js/src/tests/test262/ch11/11.8/11.8.3/S11.8.3_A3.1_T2.8.js
js/src/tests/test262/ch11/11.8/11.8.3/S11.8.3_A3.1_T2.9.js
js/src/tests/test262/ch11/11.8/11.8.3/S11.8.3_A3.2_T1.1.js
js/src/tests/test262/ch11/11.8/11.8.3/S11.8.3_A3.2_T1.2.js
js/src/tests/test262/ch11/11.8/11.8.3/S11.8.3_A4.1.js
js/src/tests/test262/ch11/11.8/11.8.3/S11.8.3_A4.10.js
js/src/tests/test262/ch11/11.8/11.8.3/S11.8.3_A4.11.js
js/src/tests/test262/ch11/11.8/11.8.3/S11.8.3_A4.12_T1.js
js/src/tests/test262/ch11/11.8/11.8.3/S11.8.3_A4.12_T2.js
js/src/tests/test262/ch11/11.8/11.8.3/S11.8.3_A4.2.js
js/src/tests/test262/ch11/11.8/11.8.3/S11.8.3_A4.3.js
js/src/tests/test262/ch11/11.8/11.8.3/S11.8.3_A4.4.js
js/src/tests/test262/ch11/11.8/11.8.3/S11.8.3_A4.5.js
js/src/tests/test262/ch11/11.8/11.8.3/S11.8.3_A4.6.js
js/src/tests/test262/ch11/11.8/11.8.3/S11.8.3_A4.7.js
js/src/tests/test262/ch11/11.8/11.8.3/S11.8.3_A4.8.js
js/src/tests/test262/ch11/11.8/11.8.3/S11.8.3_A4.9.js
js/src/tests/test262/ch11/11.8/11.8.3/browser.js
js/src/tests/test262/ch11/11.8/11.8.3/shell.js
js/src/tests/test262/ch11/11.8/11.8.4/S11.8.4_A1.js
js/src/tests/test262/ch11/11.8/11.8.4/S11.8.4_A2.1_T1.js
js/src/tests/test262/ch11/11.8/11.8.4/S11.8.4_A2.1_T2.js
js/src/tests/test262/ch11/11.8/11.8.4/S11.8.4_A2.1_T3.js
js/src/tests/test262/ch11/11.8/11.8.4/S11.8.4_A2.2_T1.js
js/src/tests/test262/ch11/11.8/11.8.4/S11.8.4_A2.3_T1.js
js/src/tests/test262/ch11/11.8/11.8.4/S11.8.4_A2.4_T1.js
js/src/tests/test262/ch11/11.8/11.8.4/S11.8.4_A2.4_T2.js
js/src/tests/test262/ch11/11.8/11.8.4/S11.8.4_A2.4_T3.js
js/src/tests/test262/ch11/11.8/11.8.4/S11.8.4_A3.1_T1.1.js
js/src/tests/test262/ch11/11.8/11.8.4/S11.8.4_A3.1_T1.2.js
js/src/tests/test262/ch11/11.8/11.8.4/S11.8.4_A3.1_T1.3.js
js/src/tests/test262/ch11/11.8/11.8.4/S11.8.4_A3.1_T2.1.js
js/src/tests/test262/ch11/11.8/11.8.4/S11.8.4_A3.1_T2.2.js
js/src/tests/test262/ch11/11.8/11.8.4/S11.8.4_A3.1_T2.3.js
js/src/tests/test262/ch11/11.8/11.8.4/S11.8.4_A3.1_T2.4.js
js/src/tests/test262/ch11/11.8/11.8.4/S11.8.4_A3.1_T2.5.js
js/src/tests/test262/ch11/11.8/11.8.4/S11.8.4_A3.1_T2.6.js
js/src/tests/test262/ch11/11.8/11.8.4/S11.8.4_A3.1_T2.7.js
js/src/tests/test262/ch11/11.8/11.8.4/S11.8.4_A3.1_T2.8.js
js/src/tests/test262/ch11/11.8/11.8.4/S11.8.4_A3.1_T2.9.js
js/src/tests/test262/ch11/11.8/11.8.4/S11.8.4_A3.2_T1.1.js
js/src/tests/test262/ch11/11.8/11.8.4/S11.8.4_A3.2_T1.2.js
js/src/tests/test262/ch11/11.8/11.8.4/S11.8.4_A4.1.js
js/src/tests/test262/ch11/11.8/11.8.4/S11.8.4_A4.10.js
js/src/tests/test262/ch11/11.8/11.8.4/S11.8.4_A4.11.js
js/src/tests/test262/ch11/11.8/11.8.4/S11.8.4_A4.12_T1.js
js/src/tests/test262/ch11/11.8/11.8.4/S11.8.4_A4.12_T2.js
js/src/tests/test262/ch11/11.8/11.8.4/S11.8.4_A4.2.js
js/src/tests/test262/ch11/11.8/11.8.4/S11.8.4_A4.3.js
js/src/tests/test262/ch11/11.8/11.8.4/S11.8.4_A4.4.js
js/src/tests/test262/ch11/11.8/11.8.4/S11.8.4_A4.5.js
js/src/tests/test262/ch11/11.8/11.8.4/S11.8.4_A4.6.js
js/src/tests/test262/ch11/11.8/11.8.4/S11.8.4_A4.7.js
js/src/tests/test262/ch11/11.8/11.8.4/S11.8.4_A4.8.js
js/src/tests/test262/ch11/11.8/11.8.4/S11.8.4_A4.9.js
js/src/tests/test262/ch11/11.8/11.8.4/browser.js
js/src/tests/test262/ch11/11.8/11.8.4/shell.js
js/src/tests/test262/ch11/11.8/11.8.6/S11.8.6_A1.js
js/src/tests/test262/ch11/11.8/11.8.6/S11.8.6_A2.1_T1.js
js/src/tests/test262/ch11/11.8/11.8.6/S11.8.6_A2.1_T2.js
js/src/tests/test262/ch11/11.8/11.8.6/S11.8.6_A2.1_T3.js
js/src/tests/test262/ch11/11.8/11.8.6/S11.8.6_A2.4_T1.js
js/src/tests/test262/ch11/11.8/11.8.6/S11.8.6_A2.4_T2.js
js/src/tests/test262/ch11/11.8/11.8.6/S11.8.6_A2.4_T3.js
js/src/tests/test262/ch11/11.8/11.8.6/S11.8.6_A3.js
js/src/tests/test262/ch11/11.8/11.8.6/S11.8.6_A4_T1.js
js/src/tests/test262/ch11/11.8/11.8.6/S11.8.6_A4_T2.js
js/src/tests/test262/ch11/11.8/11.8.6/S11.8.6_A4_T3.js
js/src/tests/test262/ch11/11.8/11.8.6/S11.8.6_A5_T1.js
js/src/tests/test262/ch11/11.8/11.8.6/S11.8.6_A5_T2.js
js/src/tests/test262/ch11/11.8/11.8.6/S11.8.6_A6_T1.js
js/src/tests/test262/ch11/11.8/11.8.6/S11.8.6_A6_T2.js
js/src/tests/test262/ch11/11.8/11.8.6/S11.8.6_A6_T3.js
js/src/tests/test262/ch11/11.8/11.8.6/S11.8.6_A6_T4.js
js/src/tests/test262/ch11/11.8/11.8.6/S11.8.6_A7_T1.js
js/src/tests/test262/ch11/11.8/11.8.6/S11.8.6_A7_T2.js
js/src/tests/test262/ch11/11.8/11.8.6/S11.8.6_A7_T3.js
js/src/tests/test262/ch11/11.8/11.8.6/browser.js
js/src/tests/test262/ch11/11.8/11.8.6/shell.js
js/src/tests/test262/ch11/11.8/11.8.7/S11.8.7_A1.js
js/src/tests/test262/ch11/11.8/11.8.7/S11.8.7_A2.1_T1.js
js/src/tests/test262/ch11/11.8/11.8.7/S11.8.7_A2.1_T2.js
js/src/tests/test262/ch11/11.8/11.8.7/S11.8.7_A2.1_T3.js
js/src/tests/test262/ch11/11.8/11.8.7/S11.8.7_A2.4_T1.js
js/src/tests/test262/ch11/11.8/11.8.7/S11.8.7_A2.4_T2.js
js/src/tests/test262/ch11/11.8/11.8.7/S11.8.7_A2.4_T3.js
js/src/tests/test262/ch11/11.8/11.8.7/S11.8.7_A3.js
js/src/tests/test262/ch11/11.8/11.8.7/S11.8.7_A4.js
js/src/tests/test262/ch11/11.8/11.8.7/browser.js
js/src/tests/test262/ch11/11.8/11.8.7/shell.js
js/src/tests/test262/ch11/11.8/browser.js
js/src/tests/test262/ch11/11.8/shell.js
js/src/tests/test262/ch11/11.9/11.9.1/S11.9.1_A1.js
js/src/tests/test262/ch11/11.9/11.9.1/S11.9.1_A2.1_T1.js
js/src/tests/test262/ch11/11.9/11.9.1/S11.9.1_A2.1_T2.js
js/src/tests/test262/ch11/11.9/11.9.1/S11.9.1_A2.1_T3.js
js/src/tests/test262/ch11/11.9/11.9.1/S11.9.1_A2.4_T1.js
js/src/tests/test262/ch11/11.9/11.9.1/S11.9.1_A2.4_T2.js
js/src/tests/test262/ch11/11.9/11.9.1/S11.9.1_A2.4_T3.js
js/src/tests/test262/ch11/11.9/11.9.1/S11.9.1_A3.1.js
js/src/tests/test262/ch11/11.9/11.9.1/S11.9.1_A3.2.js
js/src/tests/test262/ch11/11.9/11.9.1/S11.9.1_A3.3.js
js/src/tests/test262/ch11/11.9/11.9.1/S11.9.1_A4.1_T1.js
js/src/tests/test262/ch11/11.9/11.9.1/S11.9.1_A4.1_T2.js
js/src/tests/test262/ch11/11.9/11.9.1/S11.9.1_A4.2.js
js/src/tests/test262/ch11/11.9/11.9.1/S11.9.1_A4.3.js
js/src/tests/test262/ch11/11.9/11.9.1/S11.9.1_A5.1.js
js/src/tests/test262/ch11/11.9/11.9.1/S11.9.1_A5.2.js
js/src/tests/test262/ch11/11.9/11.9.1/S11.9.1_A5.3.js
js/src/tests/test262/ch11/11.9/11.9.1/S11.9.1_A6.1.js
js/src/tests/test262/ch11/11.9/11.9.1/S11.9.1_A6.2_T1.js
js/src/tests/test262/ch11/11.9/11.9.1/S11.9.1_A6.2_T2.js
js/src/tests/test262/ch11/11.9/11.9.1/S11.9.1_A7.1.js
js/src/tests/test262/ch11/11.9/11.9.1/S11.9.1_A7.2.js
js/src/tests/test262/ch11/11.9/11.9.1/S11.9.1_A7.3.js
js/src/tests/test262/ch11/11.9/11.9.1/S11.9.1_A7.4.js
js/src/tests/test262/ch11/11.9/11.9.1/S11.9.1_A7.5.js
js/src/tests/test262/ch11/11.9/11.9.1/S11.9.1_A7.6.js
js/src/tests/test262/ch11/11.9/11.9.1/S11.9.1_A7.7.js
js/src/tests/test262/ch11/11.9/11.9.1/S11.9.1_A7.8.js
js/src/tests/test262/ch11/11.9/11.9.1/S11.9.1_A7.9.js
js/src/tests/test262/ch11/11.9/11.9.1/browser.js
js/src/tests/test262/ch11/11.9/11.9.1/shell.js
js/src/tests/test262/ch11/11.9/11.9.2/S11.9.2_A1.js
js/src/tests/test262/ch11/11.9/11.9.2/S11.9.2_A2.1_T1.js
js/src/tests/test262/ch11/11.9/11.9.2/S11.9.2_A2.1_T2.js
js/src/tests/test262/ch11/11.9/11.9.2/S11.9.2_A2.1_T3.js
js/src/tests/test262/ch11/11.9/11.9.2/S11.9.2_A2.4_T1.js
js/src/tests/test262/ch11/11.9/11.9.2/S11.9.2_A2.4_T2.js
js/src/tests/test262/ch11/11.9/11.9.2/S11.9.2_A2.4_T3.js
js/src/tests/test262/ch11/11.9/11.9.2/S11.9.2_A3.1.js
js/src/tests/test262/ch11/11.9/11.9.2/S11.9.2_A3.2.js
js/src/tests/test262/ch11/11.9/11.9.2/S11.9.2_A3.3.js
js/src/tests/test262/ch11/11.9/11.9.2/S11.9.2_A4.1_T1.js
js/src/tests/test262/ch11/11.9/11.9.2/S11.9.2_A4.1_T2.js
js/src/tests/test262/ch11/11.9/11.9.2/S11.9.2_A4.2.js
js/src/tests/test262/ch11/11.9/11.9.2/S11.9.2_A4.3.js
js/src/tests/test262/ch11/11.9/11.9.2/S11.9.2_A5.1.js
js/src/tests/test262/ch11/11.9/11.9.2/S11.9.2_A5.2.js
js/src/tests/test262/ch11/11.9/11.9.2/S11.9.2_A5.3.js
js/src/tests/test262/ch11/11.9/11.9.2/S11.9.2_A6.1.js
js/src/tests/test262/ch11/11.9/11.9.2/S11.9.2_A6.2_T1.js
js/src/tests/test262/ch11/11.9/11.9.2/S11.9.2_A6.2_T2.js
js/src/tests/test262/ch11/11.9/11.9.2/S11.9.2_A7.1.js
js/src/tests/test262/ch11/11.9/11.9.2/S11.9.2_A7.2.js
js/src/tests/test262/ch11/11.9/11.9.2/S11.9.2_A7.3.js
js/src/tests/test262/ch11/11.9/11.9.2/S11.9.2_A7.4.js
js/src/tests/test262/ch11/11.9/11.9.2/S11.9.2_A7.5.js
js/src/tests/test262/ch11/11.9/11.9.2/S11.9.2_A7.6.js
js/src/tests/test262/ch11/11.9/11.9.2/S11.9.2_A7.7.js
js/src/tests/test262/ch11/11.9/11.9.2/S11.9.2_A7.8.js
js/src/tests/test262/ch11/11.9/11.9.2/S11.9.2_A7.9.js
js/src/tests/test262/ch11/11.9/11.9.2/browser.js
js/src/tests/test262/ch11/11.9/11.9.2/shell.js
js/src/tests/test262/ch11/11.9/11.9.4/S11.9.4_A1.js
js/src/tests/test262/ch11/11.9/11.9.4/S11.9.4_A2.1_T1.js
js/src/tests/test262/ch11/11.9/11.9.4/S11.9.4_A2.1_T2.js
js/src/tests/test262/ch11/11.9/11.9.4/S11.9.4_A2.1_T3.js
js/src/tests/test262/ch11/11.9/11.9.4/S11.9.4_A2.4_T1.js
js/src/tests/test262/ch11/11.9/11.9.4/S11.9.4_A2.4_T2.js
js/src/tests/test262/ch11/11.9/11.9.4/S11.9.4_A2.4_T3.js
js/src/tests/test262/ch11/11.9/11.9.4/S11.9.4_A3.js
js/src/tests/test262/ch11/11.9/11.9.4/S11.9.4_A4.1_T1.js
js/src/tests/test262/ch11/11.9/11.9.4/S11.9.4_A4.1_T2.js
js/src/tests/test262/ch11/11.9/11.9.4/S11.9.4_A4.2.js
js/src/tests/test262/ch11/11.9/11.9.4/S11.9.4_A4.3.js
js/src/tests/test262/ch11/11.9/11.9.4/S11.9.4_A5.js
js/src/tests/test262/ch11/11.9/11.9.4/S11.9.4_A6.1.js
js/src/tests/test262/ch11/11.9/11.9.4/S11.9.4_A6.2.js
js/src/tests/test262/ch11/11.9/11.9.4/S11.9.4_A7.js
js/src/tests/test262/ch11/11.9/11.9.4/S11.9.4_A8_T1.js
js/src/tests/test262/ch11/11.9/11.9.4/S11.9.4_A8_T2.js
js/src/tests/test262/ch11/11.9/11.9.4/S11.9.4_A8_T3.js
js/src/tests/test262/ch11/11.9/11.9.4/S11.9.4_A8_T4.js
js/src/tests/test262/ch11/11.9/11.9.4/S11.9.4_A8_T5.js
js/src/tests/test262/ch11/11.9/11.9.4/browser.js
js/src/tests/test262/ch11/11.9/11.9.4/shell.js
js/src/tests/test262/ch11/11.9/11.9.5/S11.9.5_A1.js
js/src/tests/test262/ch11/11.9/11.9.5/S11.9.5_A2.1_T1.js
js/src/tests/test262/ch11/11.9/11.9.5/S11.9.5_A2.1_T2.js
js/src/tests/test262/ch11/11.9/11.9.5/S11.9.5_A2.1_T3.js
js/src/tests/test262/ch11/11.9/11.9.5/S11.9.5_A2.4_T1.js
js/src/tests/test262/ch11/11.9/11.9.5/S11.9.5_A2.4_T2.js
js/src/tests/test262/ch11/11.9/11.9.5/S11.9.5_A2.4_T3.js
js/src/tests/test262/ch11/11.9/11.9.5/S11.9.5_A3.js
js/src/tests/test262/ch11/11.9/11.9.5/S11.9.5_A4.1_T1.js
js/src/tests/test262/ch11/11.9/11.9.5/S11.9.5_A4.1_T2.js
js/src/tests/test262/ch11/11.9/11.9.5/S11.9.5_A4.2.js
js/src/tests/test262/ch11/11.9/11.9.5/S11.9.5_A4.3.js
js/src/tests/test262/ch11/11.9/11.9.5/S11.9.5_A5.js
js/src/tests/test262/ch11/11.9/11.9.5/S11.9.5_A6.1.js
js/src/tests/test262/ch11/11.9/11.9.5/S11.9.5_A6.2.js
js/src/tests/test262/ch11/11.9/11.9.5/S11.9.5_A7.js
js/src/tests/test262/ch11/11.9/11.9.5/S11.9.5_A8_T1.js
js/src/tests/test262/ch11/11.9/11.9.5/S11.9.5_A8_T2.js
js/src/tests/test262/ch11/11.9/11.9.5/S11.9.5_A8_T3.js
js/src/tests/test262/ch11/11.9/11.9.5/S11.9.5_A8_T4.js
js/src/tests/test262/ch11/11.9/11.9.5/S11.9.5_A8_T5.js
js/src/tests/test262/ch11/11.9/11.9.5/browser.js
js/src/tests/test262/ch11/11.9/11.9.5/shell.js
js/src/tests/test262/ch11/11.9/browser.js
js/src/tests/test262/ch11/11.9/shell.js
js/src/tests/test262/ch11/browser.js
js/src/tests/test262/ch11/shell.js
js/src/tests/test262/ch12/12.1/12.1-1.js
js/src/tests/test262/ch12/12.1/12.1-2.js
js/src/tests/test262/ch12/12.1/12.1-3.js
js/src/tests/test262/ch12/12.1/12.1-4.js
js/src/tests/test262/ch12/12.1/12.1-5.js
js/src/tests/test262/ch12/12.1/12.1-6.js
js/src/tests/test262/ch12/12.1/12.1-7.js
js/src/tests/test262/ch12/12.1/S12.1_A2.js
js/src/tests/test262/ch12/12.1/S12.1_A4_T1.js
js/src/tests/test262/ch12/12.1/S12.1_A4_T2.js
js/src/tests/test262/ch12/12.1/S12.1_A5.js
js/src/tests/test262/ch12/12.1/browser.js
js/src/tests/test262/ch12/12.1/shell.js
js/src/tests/test262/ch12/12.10/12.10-0-1.js
js/src/tests/test262/ch12/12.10/12.10-0-10.js
js/src/tests/test262/ch12/12.10/12.10-0-11.js
js/src/tests/test262/ch12/12.10/12.10-0-12.js
js/src/tests/test262/ch12/12.10/12.10-0-3.js
js/src/tests/test262/ch12/12.10/12.10-0-7.js
js/src/tests/test262/ch12/12.10/12.10-0-8.js
js/src/tests/test262/ch12/12.10/12.10-0-9.js
js/src/tests/test262/ch12/12.10/12.10-2-1.js
js/src/tests/test262/ch12/12.10/12.10-2-2.js
js/src/tests/test262/ch12/12.10/12.10-2-3.js
js/src/tests/test262/ch12/12.10/12.10-7-1.js
js/src/tests/test262/ch12/12.10/12.10.1/12.10.1-1-s.js
js/src/tests/test262/ch12/12.10/12.10.1/12.10.1-10-s.js
js/src/tests/test262/ch12/12.10/12.10.1/12.10.1-11-s.js
js/src/tests/test262/ch12/12.10/12.10.1/12.10.1-11gs.js
js/src/tests/test262/ch12/12.10/12.10.1/12.10.1-12-s.js
js/src/tests/test262/ch12/12.10/12.10.1/12.10.1-13-s.js
js/src/tests/test262/ch12/12.10/12.10.1/12.10.1-14-s.js
js/src/tests/test262/ch12/12.10/12.10.1/12.10.1-15-s.js
js/src/tests/test262/ch12/12.10/12.10.1/12.10.1-16-s.js
js/src/tests/test262/ch12/12.10/12.10.1/12.10.1-2-s.js
js/src/tests/test262/ch12/12.10/12.10.1/12.10.1-3-s.js
js/src/tests/test262/ch12/12.10/12.10.1/12.10.1-4-s.js
js/src/tests/test262/ch12/12.10/12.10.1/12.10.1-5-s.js
js/src/tests/test262/ch12/12.10/12.10.1/12.10.1-7-s.js
js/src/tests/test262/ch12/12.10/12.10.1/12.10.1-8-s.js
js/src/tests/test262/ch12/12.10/12.10.1/12.10.1-9-s.js
js/src/tests/test262/ch12/12.10/12.10.1/browser.js
js/src/tests/test262/ch12/12.10/12.10.1/shell.js
js/src/tests/test262/ch12/12.10/S12.10_A1.10_T1.js
js/src/tests/test262/ch12/12.10/S12.10_A1.10_T2.js
js/src/tests/test262/ch12/12.10/S12.10_A1.10_T3.js
js/src/tests/test262/ch12/12.10/S12.10_A1.10_T4.js
js/src/tests/test262/ch12/12.10/S12.10_A1.10_T5.js
js/src/tests/test262/ch12/12.10/S12.10_A1.11_T1.js
js/src/tests/test262/ch12/12.10/S12.10_A1.11_T2.js
js/src/tests/test262/ch12/12.10/S12.10_A1.11_T3.js
js/src/tests/test262/ch12/12.10/S12.10_A1.11_T4.js
js/src/tests/test262/ch12/12.10/S12.10_A1.11_T5.js
js/src/tests/test262/ch12/12.10/S12.10_A1.12_T1.js
js/src/tests/test262/ch12/12.10/S12.10_A1.12_T2.js
js/src/tests/test262/ch12/12.10/S12.10_A1.12_T3.js
js/src/tests/test262/ch12/12.10/S12.10_A1.12_T4.js
js/src/tests/test262/ch12/12.10/S12.10_A1.12_T5.js
js/src/tests/test262/ch12/12.10/S12.10_A1.1_T1.js
js/src/tests/test262/ch12/12.10/S12.10_A1.1_T2.js
js/src/tests/test262/ch12/12.10/S12.10_A1.1_T3.js
js/src/tests/test262/ch12/12.10/S12.10_A1.2_T1.js
js/src/tests/test262/ch12/12.10/S12.10_A1.2_T2.js
js/src/tests/test262/ch12/12.10/S12.10_A1.2_T3.js
js/src/tests/test262/ch12/12.10/S12.10_A1.2_T4.js
js/src/tests/test262/ch12/12.10/S12.10_A1.2_T5.js
js/src/tests/test262/ch12/12.10/S12.10_A1.3_T1.js
js/src/tests/test262/ch12/12.10/S12.10_A1.3_T2.js
js/src/tests/test262/ch12/12.10/S12.10_A1.3_T3.js
js/src/tests/test262/ch12/12.10/S12.10_A1.3_T4.js
js/src/tests/test262/ch12/12.10/S12.10_A1.3_T5.js
js/src/tests/test262/ch12/12.10/S12.10_A1.4_T1.js
js/src/tests/test262/ch12/12.10/S12.10_A1.4_T2.js
js/src/tests/test262/ch12/12.10/S12.10_A1.4_T3.js
js/src/tests/test262/ch12/12.10/S12.10_A1.4_T4.js
js/src/tests/test262/ch12/12.10/S12.10_A1.4_T5.js
js/src/tests/test262/ch12/12.10/S12.10_A1.5_T1.js
js/src/tests/test262/ch12/12.10/S12.10_A1.5_T2.js
js/src/tests/test262/ch12/12.10/S12.10_A1.5_T3.js
js/src/tests/test262/ch12/12.10/S12.10_A1.5_T4.js
js/src/tests/test262/ch12/12.10/S12.10_A1.5_T5.js
js/src/tests/test262/ch12/12.10/S12.10_A1.6_T1.js
js/src/tests/test262/ch12/12.10/S12.10_A1.6_T2.js
js/src/tests/test262/ch12/12.10/S12.10_A1.6_T3.js
js/src/tests/test262/ch12/12.10/S12.10_A1.7_T1.js
js/src/tests/test262/ch12/12.10/S12.10_A1.7_T2.js
js/src/tests/test262/ch12/12.10/S12.10_A1.7_T3.js
js/src/tests/test262/ch12/12.10/S12.10_A1.7_T4.js
js/src/tests/test262/ch12/12.10/S12.10_A1.7_T5.js
js/src/tests/test262/ch12/12.10/S12.10_A1.8_T1.js
js/src/tests/test262/ch12/12.10/S12.10_A1.8_T2.js
js/src/tests/test262/ch12/12.10/S12.10_A1.8_T3.js
js/src/tests/test262/ch12/12.10/S12.10_A1.8_T4.js
js/src/tests/test262/ch12/12.10/S12.10_A1.8_T5.js
js/src/tests/test262/ch12/12.10/S12.10_A1.9_T1.js
js/src/tests/test262/ch12/12.10/S12.10_A1.9_T2.js
js/src/tests/test262/ch12/12.10/S12.10_A1.9_T3.js
js/src/tests/test262/ch12/12.10/S12.10_A3.10_T1.js
js/src/tests/test262/ch12/12.10/S12.10_A3.10_T2.js
js/src/tests/test262/ch12/12.10/S12.10_A3.10_T3.js
js/src/tests/test262/ch12/12.10/S12.10_A3.10_T4.js
js/src/tests/test262/ch12/12.10/S12.10_A3.10_T5.js
js/src/tests/test262/ch12/12.10/S12.10_A3.11_T1.js
js/src/tests/test262/ch12/12.10/S12.10_A3.11_T2.js
js/src/tests/test262/ch12/12.10/S12.10_A3.11_T3.js
js/src/tests/test262/ch12/12.10/S12.10_A3.11_T4.js
js/src/tests/test262/ch12/12.10/S12.10_A3.11_T5.js
js/src/tests/test262/ch12/12.10/S12.10_A3.12_T1.js
js/src/tests/test262/ch12/12.10/S12.10_A3.12_T2.js
js/src/tests/test262/ch12/12.10/S12.10_A3.12_T3.js
js/src/tests/test262/ch12/12.10/S12.10_A3.12_T4.js
js/src/tests/test262/ch12/12.10/S12.10_A3.12_T5.js
js/src/tests/test262/ch12/12.10/S12.10_A3.1_T1.js
js/src/tests/test262/ch12/12.10/S12.10_A3.1_T2.js
js/src/tests/test262/ch12/12.10/S12.10_A3.1_T3.js
js/src/tests/test262/ch12/12.10/S12.10_A3.2_T1.js
js/src/tests/test262/ch12/12.10/S12.10_A3.2_T2.js
js/src/tests/test262/ch12/12.10/S12.10_A3.2_T3.js
js/src/tests/test262/ch12/12.10/S12.10_A3.2_T4.js
js/src/tests/test262/ch12/12.10/S12.10_A3.2_T5.js
js/src/tests/test262/ch12/12.10/S12.10_A3.3_T1.js
js/src/tests/test262/ch12/12.10/S12.10_A3.3_T2.js
js/src/tests/test262/ch12/12.10/S12.10_A3.3_T3.js
js/src/tests/test262/ch12/12.10/S12.10_A3.3_T4.js
js/src/tests/test262/ch12/12.10/S12.10_A3.4_T1.js
js/src/tests/test262/ch12/12.10/S12.10_A3.4_T2.js
js/src/tests/test262/ch12/12.10/S12.10_A3.4_T3.js
js/src/tests/test262/ch12/12.10/S12.10_A3.4_T4.js
js/src/tests/test262/ch12/12.10/S12.10_A3.4_T5.js
js/src/tests/test262/ch12/12.10/S12.10_A3.5_T1.js
js/src/tests/test262/ch12/12.10/S12.10_A3.5_T2.js
js/src/tests/test262/ch12/12.10/S12.10_A3.5_T3.js
js/src/tests/test262/ch12/12.10/S12.10_A3.5_T4.js
js/src/tests/test262/ch12/12.10/S12.10_A3.5_T5.js
js/src/tests/test262/ch12/12.10/S12.10_A3.6_T1.js
js/src/tests/test262/ch12/12.10/S12.10_A3.6_T2.js
js/src/tests/test262/ch12/12.10/S12.10_A3.6_T3.js
js/src/tests/test262/ch12/12.10/S12.10_A3.7_T1.js
js/src/tests/test262/ch12/12.10/S12.10_A3.7_T2.js
js/src/tests/test262/ch12/12.10/S12.10_A3.7_T3.js
js/src/tests/test262/ch12/12.10/S12.10_A3.7_T4.js
js/src/tests/test262/ch12/12.10/S12.10_A3.7_T5.js
js/src/tests/test262/ch12/12.10/S12.10_A3.8_T1.js
js/src/tests/test262/ch12/12.10/S12.10_A3.8_T2.js
js/src/tests/test262/ch12/12.10/S12.10_A3.8_T3.js
js/src/tests/test262/ch12/12.10/S12.10_A3.8_T4.js
js/src/tests/test262/ch12/12.10/S12.10_A3.8_T5.js
js/src/tests/test262/ch12/12.10/S12.10_A3.9_T1.js
js/src/tests/test262/ch12/12.10/S12.10_A3.9_T2.js
js/src/tests/test262/ch12/12.10/S12.10_A3.9_T3.js
js/src/tests/test262/ch12/12.10/S12.10_A4_T1.js
js/src/tests/test262/ch12/12.10/S12.10_A4_T2.js
js/src/tests/test262/ch12/12.10/S12.10_A4_T3.js
js/src/tests/test262/ch12/12.10/S12.10_A4_T4.js
js/src/tests/test262/ch12/12.10/S12.10_A4_T5.js
js/src/tests/test262/ch12/12.10/S12.10_A4_T6.js
js/src/tests/test262/ch12/12.10/S12.10_A5_T1.js
js/src/tests/test262/ch12/12.10/S12.10_A5_T2.js
js/src/tests/test262/ch12/12.10/S12.10_A5_T3.js
js/src/tests/test262/ch12/12.10/S12.10_A5_T4.js
js/src/tests/test262/ch12/12.10/S12.10_A5_T5.js
js/src/tests/test262/ch12/12.10/S12.10_A5_T6.js
js/src/tests/test262/ch12/12.10/browser.js
js/src/tests/test262/ch12/12.10/shell.js
js/src/tests/test262/ch12/12.11/S12.11_A1_T1.js
js/src/tests/test262/ch12/12.11/S12.11_A1_T2.js
js/src/tests/test262/ch12/12.11/S12.11_A1_T3.js
js/src/tests/test262/ch12/12.11/S12.11_A1_T4.js
js/src/tests/test262/ch12/12.11/S12.11_A2_T1.js
js/src/tests/test262/ch12/12.11/S12.11_A3_T1.js
js/src/tests/test262/ch12/12.11/S12.11_A3_T2.js
js/src/tests/test262/ch12/12.11/S12.11_A3_T3.js
js/src/tests/test262/ch12/12.11/S12.11_A3_T4.js
js/src/tests/test262/ch12/12.11/S12.11_A3_T5.js
js/src/tests/test262/ch12/12.11/S12.11_A4_T1.js
js/src/tests/test262/ch12/12.11/browser.js
js/src/tests/test262/ch12/12.11/shell.js
js/src/tests/test262/ch12/12.12/S12.12_A1_T1.js
js/src/tests/test262/ch12/12.12/browser.js
js/src/tests/test262/ch12/12.12/shell.js
js/src/tests/test262/ch12/12.13/S12.13_A1.js
js/src/tests/test262/ch12/12.13/S12.13_A2_T1.js
js/src/tests/test262/ch12/12.13/S12.13_A2_T2.js
js/src/tests/test262/ch12/12.13/S12.13_A2_T3.js
js/src/tests/test262/ch12/12.13/S12.13_A2_T4.js
js/src/tests/test262/ch12/12.13/S12.13_A2_T5.js
js/src/tests/test262/ch12/12.13/S12.13_A2_T6.js
js/src/tests/test262/ch12/12.13/S12.13_A2_T7.js
js/src/tests/test262/ch12/12.13/S12.13_A3_T1.js
js/src/tests/test262/ch12/12.13/S12.13_A3_T2.js
js/src/tests/test262/ch12/12.13/S12.13_A3_T3.js
js/src/tests/test262/ch12/12.13/S12.13_A3_T4.js
js/src/tests/test262/ch12/12.13/S12.13_A3_T5.js
js/src/tests/test262/ch12/12.13/S12.13_A3_T6.js
js/src/tests/test262/ch12/12.13/browser.js
js/src/tests/test262/ch12/12.13/shell.js
js/src/tests/test262/ch12/12.14/12.14-1.js
js/src/tests/test262/ch12/12.14/12.14-10.js
js/src/tests/test262/ch12/12.14/12.14-11.js
js/src/tests/test262/ch12/12.14/12.14-12.js
js/src/tests/test262/ch12/12.14/12.14-13.js
js/src/tests/test262/ch12/12.14/12.14-14.js
js/src/tests/test262/ch12/12.14/12.14-15.js
js/src/tests/test262/ch12/12.14/12.14-16.js
js/src/tests/test262/ch12/12.14/12.14-2.js
js/src/tests/test262/ch12/12.14/12.14-3.js
js/src/tests/test262/ch12/12.14/12.14-4.js
js/src/tests/test262/ch12/12.14/12.14-6.js
js/src/tests/test262/ch12/12.14/12.14-7.js
js/src/tests/test262/ch12/12.14/12.14-8.js
js/src/tests/test262/ch12/12.14/12.14-9.js
js/src/tests/test262/ch12/12.14/12.14.1/12.14.1-1-s.js
js/src/tests/test262/ch12/12.14/12.14.1/12.14.1-1gs.js
js/src/tests/test262/ch12/12.14/12.14.1/12.14.1-2-s.js
js/src/tests/test262/ch12/12.14/12.14.1/12.14.1-3-s.js
js/src/tests/test262/ch12/12.14/12.14.1/12.14.1-4-s.js
js/src/tests/test262/ch12/12.14/12.14.1/12.14.1-5-s.js
js/src/tests/test262/ch12/12.14/12.14.1/12.14.1-6-s.js
js/src/tests/test262/ch12/12.14/12.14.1/browser.js
js/src/tests/test262/ch12/12.14/12.14.1/shell.js
js/src/tests/test262/ch12/12.14/S12.14_A1.js
js/src/tests/test262/ch12/12.14/S12.14_A10_T1.js
js/src/tests/test262/ch12/12.14/S12.14_A10_T2.js
js/src/tests/test262/ch12/12.14/S12.14_A10_T3.js
js/src/tests/test262/ch12/12.14/S12.14_A10_T4.js
js/src/tests/test262/ch12/12.14/S12.14_A10_T5.js
js/src/tests/test262/ch12/12.14/S12.14_A11_T1.js
js/src/tests/test262/ch12/12.14/S12.14_A11_T2.js
js/src/tests/test262/ch12/12.14/S12.14_A11_T3.js
js/src/tests/test262/ch12/12.14/S12.14_A11_T4.js
js/src/tests/test262/ch12/12.14/S12.14_A12_T1.js
js/src/tests/test262/ch12/12.14/S12.14_A12_T2.js
js/src/tests/test262/ch12/12.14/S12.14_A12_T3.js
js/src/tests/test262/ch12/12.14/S12.14_A12_T4.js
js/src/tests/test262/ch12/12.14/S12.14_A13_T1.js
js/src/tests/test262/ch12/12.14/S12.14_A13_T2.js
js/src/tests/test262/ch12/12.14/S12.14_A13_T3.js
js/src/tests/test262/ch12/12.14/S12.14_A14.js
js/src/tests/test262/ch12/12.14/S12.14_A15.js
js/src/tests/test262/ch12/12.14/S12.14_A16_T1.js
js/src/tests/test262/ch12/12.14/S12.14_A16_T10.js
js/src/tests/test262/ch12/12.14/S12.14_A16_T11.js
js/src/tests/test262/ch12/12.14/S12.14_A16_T12.js
js/src/tests/test262/ch12/12.14/S12.14_A16_T13.js
js/src/tests/test262/ch12/12.14/S12.14_A16_T14.js
js/src/tests/test262/ch12/12.14/S12.14_A16_T15.js
js/src/tests/test262/ch12/12.14/S12.14_A16_T2.js
js/src/tests/test262/ch12/12.14/S12.14_A16_T3.js
js/src/tests/test262/ch12/12.14/S12.14_A16_T4.js
js/src/tests/test262/ch12/12.14/S12.14_A16_T5.js
js/src/tests/test262/ch12/12.14/S12.14_A16_T6.js
js/src/tests/test262/ch12/12.14/S12.14_A16_T7.js
js/src/tests/test262/ch12/12.14/S12.14_A16_T8.js
js/src/tests/test262/ch12/12.14/S12.14_A16_T9.js
js/src/tests/test262/ch12/12.14/S12.14_A17.js
js/src/tests/test262/ch12/12.14/S12.14_A18_T1.js
js/src/tests/test262/ch12/12.14/S12.14_A18_T2.js
js/src/tests/test262/ch12/12.14/S12.14_A18_T3.js
js/src/tests/test262/ch12/12.14/S12.14_A18_T4.js
js/src/tests/test262/ch12/12.14/S12.14_A18_T5.js
js/src/tests/test262/ch12/12.14/S12.14_A18_T6.js
js/src/tests/test262/ch12/12.14/S12.14_A18_T7.js
js/src/tests/test262/ch12/12.14/S12.14_A19_T1.js
js/src/tests/test262/ch12/12.14/S12.14_A19_T2.js
js/src/tests/test262/ch12/12.14/S12.14_A2.js
js/src/tests/test262/ch12/12.14/S12.14_A3.js
js/src/tests/test262/ch12/12.14/S12.14_A4.js
js/src/tests/test262/ch12/12.14/S12.14_A5.js
js/src/tests/test262/ch12/12.14/S12.14_A6.js
js/src/tests/test262/ch12/12.14/S12.14_A7_T1.js
js/src/tests/test262/ch12/12.14/S12.14_A7_T2.js
js/src/tests/test262/ch12/12.14/S12.14_A7_T3.js
js/src/tests/test262/ch12/12.14/S12.14_A8.js
js/src/tests/test262/ch12/12.14/S12.14_A9_T1.js
js/src/tests/test262/ch12/12.14/S12.14_A9_T2.js
js/src/tests/test262/ch12/12.14/S12.14_A9_T3.js
js/src/tests/test262/ch12/12.14/S12.14_A9_T4.js
js/src/tests/test262/ch12/12.14/S12.14_A9_T5.js
js/src/tests/test262/ch12/12.14/browser.js
js/src/tests/test262/ch12/12.14/shell.js
js/src/tests/test262/ch12/12.2/12.2.1/12.2.1-1-s.js
js/src/tests/test262/ch12/12.2/12.2.1/12.2.1-10-s.js
js/src/tests/test262/ch12/12.2/12.2.1/12.2.1-11.js
js/src/tests/test262/ch12/12.2/12.2.1/12.2.1-12-s.js
js/src/tests/test262/ch12/12.2/12.2.1/12.2.1-12.js
js/src/tests/test262/ch12/12.2/12.2.1/12.2.1-13-s.js
js/src/tests/test262/ch12/12.2/12.2.1/12.2.1-14-s.js
js/src/tests/test262/ch12/12.2/12.2.1/12.2.1-15-s.js
js/src/tests/test262/ch12/12.2/12.2.1/12.2.1-16-s.js
js/src/tests/test262/ch12/12.2/12.2.1/12.2.1-17-s.js
js/src/tests/test262/ch12/12.2/12.2.1/12.2.1-18-s.js
js/src/tests/test262/ch12/12.2/12.2.1/12.2.1-19-s.js
js/src/tests/test262/ch12/12.2/12.2.1/12.2.1-1gs.js
js/src/tests/test262/ch12/12.2/12.2.1/12.2.1-2-s.js
js/src/tests/test262/ch12/12.2/12.2.1/12.2.1-20-s.js
js/src/tests/test262/ch12/12.2/12.2.1/12.2.1-21-s.js
js/src/tests/test262/ch12/12.2/12.2.1/12.2.1-22-s.js
js/src/tests/test262/ch12/12.2/12.2.1/12.2.1-23-s.js
js/src/tests/test262/ch12/12.2/12.2.1/12.2.1-24-s.js
js/src/tests/test262/ch12/12.2/12.2.1/12.2.1-25-s.js
js/src/tests/test262/ch12/12.2/12.2.1/12.2.1-26-s.js
js/src/tests/test262/ch12/12.2/12.2.1/12.2.1-27-s.js
js/src/tests/test262/ch12/12.2/12.2.1/12.2.1-28-s.js
js/src/tests/test262/ch12/12.2/12.2.1/12.2.1-29-s.js
js/src/tests/test262/ch12/12.2/12.2.1/12.2.1-3-s.js
js/src/tests/test262/ch12/12.2/12.2.1/12.2.1-30-s.js
js/src/tests/test262/ch12/12.2/12.2.1/12.2.1-31-s.js
js/src/tests/test262/ch12/12.2/12.2.1/12.2.1-32-s.js
js/src/tests/test262/ch12/12.2/12.2.1/12.2.1-33-s.js
js/src/tests/test262/ch12/12.2/12.2.1/12.2.1-34-s.js
js/src/tests/test262/ch12/12.2/12.2.1/12.2.1-35-s.js
js/src/tests/test262/ch12/12.2/12.2.1/12.2.1-36-s.js
js/src/tests/test262/ch12/12.2/12.2.1/12.2.1-37-s.js
js/src/tests/test262/ch12/12.2/12.2.1/12.2.1-4-s.js
js/src/tests/test262/ch12/12.2/12.2.1/12.2.1-4gs.js
js/src/tests/test262/ch12/12.2/12.2.1/12.2.1-5-s.js
js/src/tests/test262/ch12/12.2/12.2.1/12.2.1-6-s.js
js/src/tests/test262/ch12/12.2/12.2.1/12.2.1-7-s.js
js/src/tests/test262/ch12/12.2/12.2.1/12.2.1-8-s.js
js/src/tests/test262/ch12/12.2/12.2.1/12.2.1-9-s.js
js/src/tests/test262/ch12/12.2/12.2.1/browser.js
js/src/tests/test262/ch12/12.2/12.2.1/shell.js
js/src/tests/test262/ch12/12.2/S12.2_A1.js
js/src/tests/test262/ch12/12.2/S12.2_A10.js
js/src/tests/test262/ch12/12.2/S12.2_A11.js
js/src/tests/test262/ch12/12.2/S12.2_A12.js
js/src/tests/test262/ch12/12.2/S12.2_A2.js
js/src/tests/test262/ch12/12.2/S12.2_A3.js
js/src/tests/test262/ch12/12.2/S12.2_A4.js
js/src/tests/test262/ch12/12.2/S12.2_A5.js
js/src/tests/test262/ch12/12.2/S12.2_A6_T1.js
js/src/tests/test262/ch12/12.2/S12.2_A6_T2.js
js/src/tests/test262/ch12/12.2/S12.2_A7.js
js/src/tests/test262/ch12/12.2/S12.2_A8_T1.js
js/src/tests/test262/ch12/12.2/S12.2_A8_T2.js
js/src/tests/test262/ch12/12.2/S12.2_A8_T3.js
js/src/tests/test262/ch12/12.2/S12.2_A8_T4.js
js/src/tests/test262/ch12/12.2/S12.2_A8_T5.js
js/src/tests/test262/ch12/12.2/S12.2_A8_T6.js
js/src/tests/test262/ch12/12.2/S12.2_A8_T7.js
js/src/tests/test262/ch12/12.2/S12.2_A8_T8.js
js/src/tests/test262/ch12/12.2/S12.2_A9.js
js/src/tests/test262/ch12/12.2/browser.js
js/src/tests/test262/ch12/12.2/shell.js
js/src/tests/test262/ch12/12.3/S12.3_A1.js
js/src/tests/test262/ch12/12.3/browser.js
js/src/tests/test262/ch12/12.3/shell.js
js/src/tests/test262/ch12/12.4/S12.4_A1.js
js/src/tests/test262/ch12/12.4/S12.4_A2_T1.js
js/src/tests/test262/ch12/12.4/S12.4_A2_T2.js
js/src/tests/test262/ch12/12.4/browser.js
js/src/tests/test262/ch12/12.4/shell.js
js/src/tests/test262/ch12/12.5/S12.5_A1.1_T1.js
js/src/tests/test262/ch12/12.5/S12.5_A1.1_T2.js
js/src/tests/test262/ch12/12.5/S12.5_A1.2_T1.js
js/src/tests/test262/ch12/12.5/S12.5_A1.2_T2.js
js/src/tests/test262/ch12/12.5/S12.5_A10_T1.js
js/src/tests/test262/ch12/12.5/S12.5_A10_T2.js
js/src/tests/test262/ch12/12.5/S12.5_A11.js
js/src/tests/test262/ch12/12.5/S12.5_A12_T1.js
js/src/tests/test262/ch12/12.5/S12.5_A12_T2.js
js/src/tests/test262/ch12/12.5/S12.5_A12_T3.js
js/src/tests/test262/ch12/12.5/S12.5_A12_T4.js
js/src/tests/test262/ch12/12.5/S12.5_A1_T1.js
js/src/tests/test262/ch12/12.5/S12.5_A1_T2.js
js/src/tests/test262/ch12/12.5/S12.5_A2.js
js/src/tests/test262/ch12/12.5/S12.5_A3.js
js/src/tests/test262/ch12/12.5/S12.5_A4.js
js/src/tests/test262/ch12/12.5/S12.5_A5.js
js/src/tests/test262/ch12/12.5/S12.5_A6_T1.js
js/src/tests/test262/ch12/12.5/S12.5_A6_T2.js
js/src/tests/test262/ch12/12.5/S12.5_A7.js
js/src/tests/test262/ch12/12.5/S12.5_A8.js
js/src/tests/test262/ch12/12.5/browser.js
js/src/tests/test262/ch12/12.5/shell.js
js/src/tests/test262/ch12/12.6/12.6.1/S12.6.1_A1.js
js/src/tests/test262/ch12/12.6/12.6.1/S12.6.1_A10.js
js/src/tests/test262/ch12/12.6/12.6.1/S12.6.1_A11.js
js/src/tests/test262/ch12/12.6/12.6.1/S12.6.1_A12.js
js/src/tests/test262/ch12/12.6/12.6.1/S12.6.1_A14_T1.js
js/src/tests/test262/ch12/12.6/12.6.1/S12.6.1_A14_T2.js
js/src/tests/test262/ch12/12.6/12.6.1/S12.6.1_A15.js
js/src/tests/test262/ch12/12.6/12.6.1/S12.6.1_A2.js
js/src/tests/test262/ch12/12.6/12.6.1/S12.6.1_A3.js
js/src/tests/test262/ch12/12.6/12.6.1/S12.6.1_A4_T1.js
js/src/tests/test262/ch12/12.6/12.6.1/S12.6.1_A4_T2.js
js/src/tests/test262/ch12/12.6/12.6.1/S12.6.1_A4_T3.js
js/src/tests/test262/ch12/12.6/12.6.1/S12.6.1_A4_T4.js
js/src/tests/test262/ch12/12.6/12.6.1/S12.6.1_A4_T5.js
js/src/tests/test262/ch12/12.6/12.6.1/S12.6.1_A5.js
js/src/tests/test262/ch12/12.6/12.6.1/S12.6.1_A6_T1.js
js/src/tests/test262/ch12/12.6/12.6.1/S12.6.1_A6_T2.js
js/src/tests/test262/ch12/12.6/12.6.1/S12.6.1_A6_T3.js
js/src/tests/test262/ch12/12.6/12.6.1/S12.6.1_A6_T4.js
js/src/tests/test262/ch12/12.6/12.6.1/S12.6.1_A6_T5.js
js/src/tests/test262/ch12/12.6/12.6.1/S12.6.1_A6_T6.js
js/src/tests/test262/ch12/12.6/12.6.1/S12.6.1_A7.js
js/src/tests/test262/ch12/12.6/12.6.1/S12.6.1_A8.js
js/src/tests/test262/ch12/12.6/12.6.1/S12.6.1_A9.js
js/src/tests/test262/ch12/12.6/12.6.1/browser.js
js/src/tests/test262/ch12/12.6/12.6.1/shell.js
js/src/tests/test262/ch12/12.6/12.6.2/S12.6.2_A1.js
js/src/tests/test262/ch12/12.6/12.6.2/S12.6.2_A10.js
js/src/tests/test262/ch12/12.6/12.6.2/S12.6.2_A11.js
js/src/tests/test262/ch12/12.6/12.6.2/S12.6.2_A14_T1.js
js/src/tests/test262/ch12/12.6/12.6.2/S12.6.2_A14_T2.js
js/src/tests/test262/ch12/12.6/12.6.2/S12.6.2_A15.js
js/src/tests/test262/ch12/12.6/12.6.2/S12.6.2_A2.js
js/src/tests/test262/ch12/12.6/12.6.2/S12.6.2_A3.js
js/src/tests/test262/ch12/12.6/12.6.2/S12.6.2_A4_T1.js
js/src/tests/test262/ch12/12.6/12.6.2/S12.6.2_A4_T2.js
js/src/tests/test262/ch12/12.6/12.6.2/S12.6.2_A4_T3.js
js/src/tests/test262/ch12/12.6/12.6.2/S12.6.2_A4_T4.js
js/src/tests/test262/ch12/12.6/12.6.2/S12.6.2_A4_T5.js
js/src/tests/test262/ch12/12.6/12.6.2/S12.6.2_A5.js
js/src/tests/test262/ch12/12.6/12.6.2/S12.6.2_A6_T1.js
js/src/tests/test262/ch12/12.6/12.6.2/S12.6.2_A6_T2.js
js/src/tests/test262/ch12/12.6/12.6.2/S12.6.2_A6_T3.js
js/src/tests/test262/ch12/12.6/12.6.2/S12.6.2_A6_T4.js
js/src/tests/test262/ch12/12.6/12.6.2/S12.6.2_A6_T5.js
js/src/tests/test262/ch12/12.6/12.6.2/S12.6.2_A6_T6.js
js/src/tests/test262/ch12/12.6/12.6.2/S12.6.2_A7.js
js/src/tests/test262/ch12/12.6/12.6.2/S12.6.2_A8.js
js/src/tests/test262/ch12/12.6/12.6.2/S12.6.2_A9.js
js/src/tests/test262/ch12/12.6/12.6.2/browser.js
js/src/tests/test262/ch12/12.6/12.6.2/shell.js
js/src/tests/test262/ch12/12.6/12.6.3/12.6.3_2-3-a-ii-1.js
js/src/tests/test262/ch12/12.6/12.6.3/12.6.3_2-3-a-ii-10.js
js/src/tests/test262/ch12/12.6/12.6.3/12.6.3_2-3-a-ii-11.js
js/src/tests/test262/ch12/12.6/12.6.3/12.6.3_2-3-a-ii-12.js
js/src/tests/test262/ch12/12.6/12.6.3/12.6.3_2-3-a-ii-13.js
js/src/tests/test262/ch12/12.6/12.6.3/12.6.3_2-3-a-ii-14.js
js/src/tests/test262/ch12/12.6/12.6.3/12.6.3_2-3-a-ii-15.js
js/src/tests/test262/ch12/12.6/12.6.3/12.6.3_2-3-a-ii-16.js
js/src/tests/test262/ch12/12.6/12.6.3/12.6.3_2-3-a-ii-17.js
js/src/tests/test262/ch12/12.6/12.6.3/12.6.3_2-3-a-ii-18.js
js/src/tests/test262/ch12/12.6/12.6.3/12.6.3_2-3-a-ii-19.js
js/src/tests/test262/ch12/12.6/12.6.3/12.6.3_2-3-a-ii-2.js
js/src/tests/test262/ch12/12.6/12.6.3/12.6.3_2-3-a-ii-20.js
js/src/tests/test262/ch12/12.6/12.6.3/12.6.3_2-3-a-ii-21.js
js/src/tests/test262/ch12/12.6/12.6.3/12.6.3_2-3-a-ii-3.js
js/src/tests/test262/ch12/12.6/12.6.3/12.6.3_2-3-a-ii-4.js
js/src/tests/test262/ch12/12.6/12.6.3/12.6.3_2-3-a-ii-5.js
js/src/tests/test262/ch12/12.6/12.6.3/12.6.3_2-3-a-ii-6.js
js/src/tests/test262/ch12/12.6/12.6.3/12.6.3_2-3-a-ii-7.js
js/src/tests/test262/ch12/12.6/12.6.3/12.6.3_2-3-a-ii-8.js
js/src/tests/test262/ch12/12.6/12.6.3/12.6.3_2-3-a-ii-9.js
js/src/tests/test262/ch12/12.6/12.6.3/S12.6.3_A1.js
js/src/tests/test262/ch12/12.6/12.6.3/S12.6.3_A10.1.js
js/src/tests/test262/ch12/12.6/12.6.3/S12.6.3_A10.js
js/src/tests/test262/ch12/12.6/12.6.3/S12.6.3_A11.1_T1.js
js/src/tests/test262/ch12/12.6/12.6.3/S12.6.3_A11.1_T2.js
js/src/tests/test262/ch12/12.6/12.6.3/S12.6.3_A11.1_T3.js
js/src/tests/test262/ch12/12.6/12.6.3/S12.6.3_A11_T1.js
js/src/tests/test262/ch12/12.6/12.6.3/S12.6.3_A11_T2.js
js/src/tests/test262/ch12/12.6/12.6.3/S12.6.3_A11_T3.js
js/src/tests/test262/ch12/12.6/12.6.3/S12.6.3_A12.1_T1.js
js/src/tests/test262/ch12/12.6/12.6.3/S12.6.3_A12.1_T2.js
js/src/tests/test262/ch12/12.6/12.6.3/S12.6.3_A12.1_T3.js
js/src/tests/test262/ch12/12.6/12.6.3/S12.6.3_A12_T1.js
js/src/tests/test262/ch12/12.6/12.6.3/S12.6.3_A12_T2.js
js/src/tests/test262/ch12/12.6/12.6.3/S12.6.3_A12_T3.js
js/src/tests/test262/ch12/12.6/12.6.3/S12.6.3_A13.js
js/src/tests/test262/ch12/12.6/12.6.3/S12.6.3_A14.js
js/src/tests/test262/ch12/12.6/12.6.3/S12.6.3_A15.js
js/src/tests/test262/ch12/12.6/12.6.3/S12.6.3_A2.1.js
js/src/tests/test262/ch12/12.6/12.6.3/S12.6.3_A2.2.js
js/src/tests/test262/ch12/12.6/12.6.3/S12.6.3_A2.js
js/src/tests/test262/ch12/12.6/12.6.3/S12.6.3_A3.js
js/src/tests/test262/ch12/12.6/12.6.3/S12.6.3_A4.1.js
js/src/tests/test262/ch12/12.6/12.6.3/S12.6.3_A4_T1.js
js/src/tests/test262/ch12/12.6/12.6.3/S12.6.3_A4_T2.js
js/src/tests/test262/ch12/12.6/12.6.3/S12.6.3_A5.js
js/src/tests/test262/ch12/12.6/12.6.3/S12.6.3_A6.js
js/src/tests/test262/ch12/12.6/12.6.3/S12.6.3_A7.1_T1.js
js/src/tests/test262/ch12/12.6/12.6.3/S12.6.3_A7.1_T2.js
js/src/tests/test262/ch12/12.6/12.6.3/S12.6.3_A7_T1.js
js/src/tests/test262/ch12/12.6/12.6.3/S12.6.3_A7_T2.js
js/src/tests/test262/ch12/12.6/12.6.3/S12.6.3_A8.1_T1.js
js/src/tests/test262/ch12/12.6/12.6.3/S12.6.3_A8.1_T2.js
js/src/tests/test262/ch12/12.6/12.6.3/S12.6.3_A8.1_T3.js
js/src/tests/test262/ch12/12.6/12.6.3/S12.6.3_A8_T1.js
js/src/tests/test262/ch12/12.6/12.6.3/S12.6.3_A8_T2.js
js/src/tests/test262/ch12/12.6/12.6.3/S12.6.3_A8_T3.js
js/src/tests/test262/ch12/12.6/12.6.3/S12.6.3_A9.1.js
js/src/tests/test262/ch12/12.6/12.6.3/S12.6.3_A9.js
js/src/tests/test262/ch12/12.6/12.6.3/browser.js
js/src/tests/test262/ch12/12.6/12.6.3/shell.js
js/src/tests/test262/ch12/12.6/12.6.4/12.6.4-1.js
js/src/tests/test262/ch12/12.6/12.6.4/12.6.4-2.js
js/src/tests/test262/ch12/12.6/12.6.4/S12.6.4_A1.js
js/src/tests/test262/ch12/12.6/12.6.4/S12.6.4_A14_T2.js
js/src/tests/test262/ch12/12.6/12.6.4/S12.6.4_A15.js
js/src/tests/test262/ch12/12.6/12.6.4/S12.6.4_A2.js
js/src/tests/test262/ch12/12.6/12.6.4/S12.6.4_A3.1.js
js/src/tests/test262/ch12/12.6/12.6.4/S12.6.4_A3.js
js/src/tests/test262/ch12/12.6/12.6.4/S12.6.4_A4.1.js
js/src/tests/test262/ch12/12.6/12.6.4/S12.6.4_A4.js
js/src/tests/test262/ch12/12.6/12.6.4/S12.6.4_A5.1.js
js/src/tests/test262/ch12/12.6/12.6.4/S12.6.4_A5.js
js/src/tests/test262/ch12/12.6/12.6.4/S12.6.4_A6.1.js
js/src/tests/test262/ch12/12.6/12.6.4/S12.6.4_A6.js
js/src/tests/test262/ch12/12.6/12.6.4/S12.6.4_A7_T1.js
js/src/tests/test262/ch12/12.6/12.6.4/S12.6.4_A7_T2.js
js/src/tests/test262/ch12/12.6/12.6.4/browser.js
js/src/tests/test262/ch12/12.6/12.6.4/shell.js
js/src/tests/test262/ch12/12.6/browser.js
js/src/tests/test262/ch12/12.6/shell.js
js/src/tests/test262/ch12/12.7/12.7-1.js
js/src/tests/test262/ch12/12.7/S12.7_A1_T1.js
js/src/tests/test262/ch12/12.7/S12.7_A1_T2.js
js/src/tests/test262/ch12/12.7/S12.7_A1_T3.js
js/src/tests/test262/ch12/12.7/S12.7_A1_T4.js
js/src/tests/test262/ch12/12.7/S12.7_A2.js
js/src/tests/test262/ch12/12.7/S12.7_A5_T1.js
js/src/tests/test262/ch12/12.7/S12.7_A5_T2.js
js/src/tests/test262/ch12/12.7/S12.7_A5_T3.js
js/src/tests/test262/ch12/12.7/S12.7_A6.js
js/src/tests/test262/ch12/12.7/S12.7_A7.js
js/src/tests/test262/ch12/12.7/S12.7_A8_T1.js
js/src/tests/test262/ch12/12.7/S12.7_A8_T2.js
js/src/tests/test262/ch12/12.7/S12.7_A9_T1.js
js/src/tests/test262/ch12/12.7/S12.7_A9_T2.js
js/src/tests/test262/ch12/12.7/browser.js
js/src/tests/test262/ch12/12.7/shell.js
js/src/tests/test262/ch12/12.8/12.8-1.js
js/src/tests/test262/ch12/12.8/S12.8_A1_T1.js
js/src/tests/test262/ch12/12.8/S12.8_A1_T2.js
js/src/tests/test262/ch12/12.8/S12.8_A1_T3.js
js/src/tests/test262/ch12/12.8/S12.8_A1_T4.js
js/src/tests/test262/ch12/12.8/S12.8_A2.js
js/src/tests/test262/ch12/12.8/S12.8_A3.js
js/src/tests/test262/ch12/12.8/S12.8_A4_T1.js
js/src/tests/test262/ch12/12.8/S12.8_A4_T2.js
js/src/tests/test262/ch12/12.8/S12.8_A4_T3.js
js/src/tests/test262/ch12/12.8/S12.8_A5_T1.js
js/src/tests/test262/ch12/12.8/S12.8_A5_T2.js
js/src/tests/test262/ch12/12.8/S12.8_A5_T3.js
js/src/tests/test262/ch12/12.8/S12.8_A6.js
js/src/tests/test262/ch12/12.8/S12.8_A7.js
js/src/tests/test262/ch12/12.8/S12.8_A8_T1.js
js/src/tests/test262/ch12/12.8/S12.8_A8_T2.js
js/src/tests/test262/ch12/12.8/S12.8_A9_T1.js
js/src/tests/test262/ch12/12.8/S12.8_A9_T2.js
js/src/tests/test262/ch12/12.8/browser.js
js/src/tests/test262/ch12/12.8/shell.js
js/src/tests/test262/ch12/12.9/12.9-1.js
js/src/tests/test262/ch12/12.9/S12.9_A1_T1.js
js/src/tests/test262/ch12/12.9/S12.9_A1_T10.js
js/src/tests/test262/ch12/12.9/S12.9_A1_T2.js
js/src/tests/test262/ch12/12.9/S12.9_A1_T3.js
js/src/tests/test262/ch12/12.9/S12.9_A1_T4.js
js/src/tests/test262/ch12/12.9/S12.9_A1_T5.js
js/src/tests/test262/ch12/12.9/S12.9_A1_T6.js
js/src/tests/test262/ch12/12.9/S12.9_A1_T7.js
js/src/tests/test262/ch12/12.9/S12.9_A1_T8.js
js/src/tests/test262/ch12/12.9/S12.9_A1_T9.js
js/src/tests/test262/ch12/12.9/S12.9_A2.js
js/src/tests/test262/ch12/12.9/S12.9_A3.js
js/src/tests/test262/ch12/12.9/S12.9_A4.js
js/src/tests/test262/ch12/12.9/S12.9_A5.js
js/src/tests/test262/ch12/12.9/browser.js
js/src/tests/test262/ch12/12.9/shell.js
js/src/tests/test262/ch12/browser.js
js/src/tests/test262/ch12/shell.js
js/src/tests/test262/ch13/13.0/13.0-1.js
js/src/tests/test262/ch13/13.0/13.0-10-s.js
js/src/tests/test262/ch13/13.0/13.0-11-s.js
js/src/tests/test262/ch13/13.0/13.0-12-s.js
js/src/tests/test262/ch13/13.0/13.0-13-s.js
js/src/tests/test262/ch13/13.0/13.0-14-s.js
js/src/tests/test262/ch13/13.0/13.0-15-s.js
js/src/tests/test262/ch13/13.0/13.0-16-s.js
js/src/tests/test262/ch13/13.0/13.0-17-s.js
js/src/tests/test262/ch13/13.0/13.0-2.js
js/src/tests/test262/ch13/13.0/13.0-3.js
js/src/tests/test262/ch13/13.0/13.0-4.js
js/src/tests/test262/ch13/13.0/13.0-7-s.js
js/src/tests/test262/ch13/13.0/13.0-8-s.js
js/src/tests/test262/ch13/13.0/13.0-9-s.js
js/src/tests/test262/ch13/13.0/13.0_4-17gs.js
js/src/tests/test262/ch13/13.0/13.0_4-5gs.js
js/src/tests/test262/ch13/13.0/S13_A1.js
js/src/tests/test262/ch13/13.0/S13_A10.js
js/src/tests/test262/ch13/13.0/S13_A11_T1.js
js/src/tests/test262/ch13/13.0/S13_A11_T2.js
js/src/tests/test262/ch13/13.0/S13_A11_T3.js
js/src/tests/test262/ch13/13.0/S13_A11_T4.js
js/src/tests/test262/ch13/13.0/S13_A12_T1.js
js/src/tests/test262/ch13/13.0/S13_A12_T2.js
js/src/tests/test262/ch13/13.0/S13_A13_T1.js
js/src/tests/test262/ch13/13.0/S13_A13_T2.js
js/src/tests/test262/ch13/13.0/S13_A13_T3.js
js/src/tests/test262/ch13/13.0/S13_A14.js
js/src/tests/test262/ch13/13.0/S13_A15_T1.js
js/src/tests/test262/ch13/13.0/S13_A15_T2.js
js/src/tests/test262/ch13/13.0/S13_A15_T3.js
js/src/tests/test262/ch13/13.0/S13_A15_T4.js
js/src/tests/test262/ch13/13.0/S13_A15_T5.js
js/src/tests/test262/ch13/13.0/S13_A16.js
js/src/tests/test262/ch13/13.0/S13_A17_T1.js
js/src/tests/test262/ch13/13.0/S13_A17_T2.js
js/src/tests/test262/ch13/13.0/S13_A18.js
js/src/tests/test262/ch13/13.0/S13_A19_T1.js
js/src/tests/test262/ch13/13.0/S13_A19_T2.js
js/src/tests/test262/ch13/13.0/S13_A2_T1.js
js/src/tests/test262/ch13/13.0/S13_A2_T2.js
js/src/tests/test262/ch13/13.0/S13_A2_T3.js
js/src/tests/test262/ch13/13.0/S13_A3_T1.js
js/src/tests/test262/ch13/13.0/S13_A3_T2.js
js/src/tests/test262/ch13/13.0/S13_A3_T3.js
js/src/tests/test262/ch13/13.0/S13_A4_T1.js
js/src/tests/test262/ch13/13.0/S13_A4_T2.js
js/src/tests/test262/ch13/13.0/S13_A4_T3.js
js/src/tests/test262/ch13/13.0/S13_A4_T4.js
js/src/tests/test262/ch13/13.0/S13_A6_T1.js
js/src/tests/test262/ch13/13.0/S13_A6_T2.js
js/src/tests/test262/ch13/13.0/S13_A7_T1.js
js/src/tests/test262/ch13/13.0/S13_A7_T2.js
js/src/tests/test262/ch13/13.0/S13_A7_T3.js
js/src/tests/test262/ch13/13.0/S13_A8_T1.js
js/src/tests/test262/ch13/13.0/S13_A8_T2.js
js/src/tests/test262/ch13/13.0/S13_A9.js
js/src/tests/test262/ch13/13.0/browser.js
js/src/tests/test262/ch13/13.0/shell.js
js/src/tests/test262/ch13/13.1/13.1-1-1.js
js/src/tests/test262/ch13/13.1/13.1-1-2.js
js/src/tests/test262/ch13/13.1/13.1-1-s.js
js/src/tests/test262/ch13/13.1/13.1-10-s.js
js/src/tests/test262/ch13/13.1/13.1-11-s.js
js/src/tests/test262/ch13/13.1/13.1-12-s.js
js/src/tests/test262/ch13/13.1/13.1-13-s.js
js/src/tests/test262/ch13/13.1/13.1-13gs.js
js/src/tests/test262/ch13/13.1/13.1-14-s.js
js/src/tests/test262/ch13/13.1/13.1-15-s.js
js/src/tests/test262/ch13/13.1/13.1-16-s.js
js/src/tests/test262/ch13/13.1/13.1-17-s.js
js/src/tests/test262/ch13/13.1/13.1-18-s.js
js/src/tests/test262/ch13/13.1/13.1-19-s.js
js/src/tests/test262/ch13/13.1/13.1-1gs.js
js/src/tests/test262/ch13/13.1/13.1-2-1.js
js/src/tests/test262/ch13/13.1/13.1-2-2.js
js/src/tests/test262/ch13/13.1/13.1-2-5.js
js/src/tests/test262/ch13/13.1/13.1-2-6.js
js/src/tests/test262/ch13/13.1/13.1-2-s.js
js/src/tests/test262/ch13/13.1/13.1-20-s.js
js/src/tests/test262/ch13/13.1/13.1-21-s.js
js/src/tests/test262/ch13/13.1/13.1-22-s.js
js/src/tests/test262/ch13/13.1/13.1-23-s.js
js/src/tests/test262/ch13/13.1/13.1-24-s.js
js/src/tests/test262/ch13/13.1/13.1-25-s.js
js/src/tests/test262/ch13/13.1/13.1-26-s.js
js/src/tests/test262/ch13/13.1/13.1-27-s.js
js/src/tests/test262/ch13/13.1/13.1-28-s.js
js/src/tests/test262/ch13/13.1/13.1-29-s.js
js/src/tests/test262/ch13/13.1/13.1-3-1.js
js/src/tests/test262/ch13/13.1/13.1-3-2.js
js/src/tests/test262/ch13/13.1/13.1-3-7.js
js/src/tests/test262/ch13/13.1/13.1-3-8.js
js/src/tests/test262/ch13/13.1/13.1-3-s.js
js/src/tests/test262/ch13/13.1/13.1-30-s.js
js/src/tests/test262/ch13/13.1/13.1-31-s.js
js/src/tests/test262/ch13/13.1/13.1-32-s.js
js/src/tests/test262/ch13/13.1/13.1-33-s.js
js/src/tests/test262/ch13/13.1/13.1-34-s.js
js/src/tests/test262/ch13/13.1/13.1-35-s.js
js/src/tests/test262/ch13/13.1/13.1-36-s.js
js/src/tests/test262/ch13/13.1/13.1-37-s.js
js/src/tests/test262/ch13/13.1/13.1-38-s.js
js/src/tests/test262/ch13/13.1/13.1-39-s.js
js/src/tests/test262/ch13/13.1/13.1-4-s.js
js/src/tests/test262/ch13/13.1/13.1-40-s.js
js/src/tests/test262/ch13/13.1/13.1-41-s.js
js/src/tests/test262/ch13/13.1/13.1-42-s.js
js/src/tests/test262/ch13/13.1/13.1-4gs.js
js/src/tests/test262/ch13/13.1/13.1-5-s.js
js/src/tests/test262/ch13/13.1/13.1-5gs.js
js/src/tests/test262/ch13/13.1/13.1-6-s.js
js/src/tests/test262/ch13/13.1/13.1-7-s.js
js/src/tests/test262/ch13/13.1/13.1-8-s.js
js/src/tests/test262/ch13/13.1/13.1-8gs.js
js/src/tests/test262/ch13/13.1/13.1-9-s.js
js/src/tests/test262/ch13/13.1/browser.js
js/src/tests/test262/ch13/13.1/shell.js
js/src/tests/test262/ch13/13.2/13.2-1-s.js
js/src/tests/test262/ch13/13.2/13.2-10-s.js
js/src/tests/test262/ch13/13.2/13.2-11-s.js
js/src/tests/test262/ch13/13.2/13.2-12-s.js
js/src/tests/test262/ch13/13.2/13.2-13-s.js
js/src/tests/test262/ch13/13.2/13.2-14-s.js
js/src/tests/test262/ch13/13.2/13.2-15-1.js
js/src/tests/test262/ch13/13.2/13.2-15-s.js
js/src/tests/test262/ch13/13.2/13.2-16-s.js
js/src/tests/test262/ch13/13.2/13.2-17-1.js
js/src/tests/test262/ch13/13.2/13.2-17-s.js
js/src/tests/test262/ch13/13.2/13.2-18-1.js
js/src/tests/test262/ch13/13.2/13.2-18-s.js
js/src/tests/test262/ch13/13.2/13.2-19-b-3gs.js
js/src/tests/test262/ch13/13.2/13.2-19-s.js
js/src/tests/test262/ch13/13.2/13.2-2-s.js
js/src/tests/test262/ch13/13.2/13.2-20-s.js
js/src/tests/test262/ch13/13.2/13.2-21-s.js
js/src/tests/test262/ch13/13.2/13.2-22-s.js
js/src/tests/test262/ch13/13.2/13.2-23-s.js
js/src/tests/test262/ch13/13.2/13.2-24-s.js
js/src/tests/test262/ch13/13.2/13.2-25-s.js
js/src/tests/test262/ch13/13.2/13.2-26-s.js
js/src/tests/test262/ch13/13.2/13.2-27-s.js
js/src/tests/test262/ch13/13.2/13.2-28-s.js
js/src/tests/test262/ch13/13.2/13.2-29-s.js
js/src/tests/test262/ch13/13.2/13.2-3-s.js
js/src/tests/test262/ch13/13.2/13.2-30-s.js
js/src/tests/test262/ch13/13.2/13.2-31-s.js
js/src/tests/test262/ch13/13.2/13.2-32-s.js
js/src/tests/test262/ch13/13.2/13.2-33-s.js
js/src/tests/test262/ch13/13.2/13.2-34-s.js
js/src/tests/test262/ch13/13.2/13.2-35-s.js
js/src/tests/test262/ch13/13.2/13.2-36-s.js
js/src/tests/test262/ch13/13.2/13.2-4-s.js
js/src/tests/test262/ch13/13.2/13.2-5-s.js
js/src/tests/test262/ch13/13.2/13.2-6-s.js
js/src/tests/test262/ch13/13.2/13.2-7-s.js
js/src/tests/test262/ch13/13.2/13.2-8-s.js
js/src/tests/test262/ch13/13.2/13.2-9-s.js
js/src/tests/test262/ch13/13.2/S13.2.1_A1_T1.js
js/src/tests/test262/ch13/13.2/S13.2.1_A4_T1.js
js/src/tests/test262/ch13/13.2/S13.2.1_A4_T2.js
js/src/tests/test262/ch13/13.2/S13.2.1_A4_T3.js
js/src/tests/test262/ch13/13.2/S13.2.1_A4_T4.js
js/src/tests/test262/ch13/13.2/S13.2.1_A5_T1.js
js/src/tests/test262/ch13/13.2/S13.2.1_A5_T2.js
js/src/tests/test262/ch13/13.2/S13.2.1_A6_T1.js
js/src/tests/test262/ch13/13.2/S13.2.1_A6_T2.js
js/src/tests/test262/ch13/13.2/S13.2.1_A7_T1.js
js/src/tests/test262/ch13/13.2/S13.2.1_A7_T2.js
js/src/tests/test262/ch13/13.2/S13.2.1_A7_T3.js
js/src/tests/test262/ch13/13.2/S13.2.1_A7_T4.js
js/src/tests/test262/ch13/13.2/S13.2.1_A8_T1.js
js/src/tests/test262/ch13/13.2/S13.2.1_A8_T2.js
js/src/tests/test262/ch13/13.2/S13.2.1_A9.1_T1.js
js/src/tests/test262/ch13/13.2/S13.2.1_A9.1_T2.js
js/src/tests/test262/ch13/13.2/S13.2.1_A9_T1.js
js/src/tests/test262/ch13/13.2/S13.2.1_A9_T2.js
js/src/tests/test262/ch13/13.2/S13.2.2_A10.js
js/src/tests/test262/ch13/13.2/S13.2.2_A11.js
js/src/tests/test262/ch13/13.2/S13.2.2_A12.js
js/src/tests/test262/ch13/13.2/S13.2.2_A13.js
js/src/tests/test262/ch13/13.2/S13.2.2_A14.js
js/src/tests/test262/ch13/13.2/S13.2.2_A15_T1.js
js/src/tests/test262/ch13/13.2/S13.2.2_A15_T2.js
js/src/tests/test262/ch13/13.2/S13.2.2_A15_T3.js
js/src/tests/test262/ch13/13.2/S13.2.2_A15_T4.js
js/src/tests/test262/ch13/13.2/S13.2.2_A16_T1.js
js/src/tests/test262/ch13/13.2/S13.2.2_A16_T2.js
js/src/tests/test262/ch13/13.2/S13.2.2_A16_T3.js
js/src/tests/test262/ch13/13.2/S13.2.2_A17_T2.js
js/src/tests/test262/ch13/13.2/S13.2.2_A17_T3.js
js/src/tests/test262/ch13/13.2/S13.2.2_A18_T1.js
js/src/tests/test262/ch13/13.2/S13.2.2_A18_T2.js
js/src/tests/test262/ch13/13.2/S13.2.2_A19_T1.js
js/src/tests/test262/ch13/13.2/S13.2.2_A19_T2.js
js/src/tests/test262/ch13/13.2/S13.2.2_A19_T3.js
js/src/tests/test262/ch13/13.2/S13.2.2_A19_T4.js
js/src/tests/test262/ch13/13.2/S13.2.2_A19_T5.js
js/src/tests/test262/ch13/13.2/S13.2.2_A19_T6.js
js/src/tests/test262/ch13/13.2/S13.2.2_A19_T7.js
js/src/tests/test262/ch13/13.2/S13.2.2_A19_T8.js
js/src/tests/test262/ch13/13.2/S13.2.2_A1_T1.js
js/src/tests/test262/ch13/13.2/S13.2.2_A1_T2.js
js/src/tests/test262/ch13/13.2/S13.2.2_A2.js
js/src/tests/test262/ch13/13.2/S13.2.2_A3_T1.js
js/src/tests/test262/ch13/13.2/S13.2.2_A3_T2.js
js/src/tests/test262/ch13/13.2/S13.2.2_A4_T1.js
js/src/tests/test262/ch13/13.2/S13.2.2_A4_T2.js
js/src/tests/test262/ch13/13.2/S13.2.2_A5_T1.js
js/src/tests/test262/ch13/13.2/S13.2.2_A5_T2.js
js/src/tests/test262/ch13/13.2/S13.2.2_A6_T1.js
js/src/tests/test262/ch13/13.2/S13.2.2_A6_T2.js
js/src/tests/test262/ch13/13.2/S13.2.2_A7_T1.js
js/src/tests/test262/ch13/13.2/S13.2.2_A7_T2.js
js/src/tests/test262/ch13/13.2/S13.2.2_A8_T1.js
js/src/tests/test262/ch13/13.2/S13.2.2_A8_T2.js
js/src/tests/test262/ch13/13.2/S13.2.2_A8_T3.js
js/src/tests/test262/ch13/13.2/S13.2.2_A9.js
js/src/tests/test262/ch13/13.2/S13.2.3_A1.js
js/src/tests/test262/ch13/13.2/S13.2_A1_T1.js
js/src/tests/test262/ch13/13.2/S13.2_A1_T2.js
js/src/tests/test262/ch13/13.2/S13.2_A2_T1.js
js/src/tests/test262/ch13/13.2/S13.2_A2_T2.js
js/src/tests/test262/ch13/13.2/S13.2_A3.js
js/src/tests/test262/ch13/13.2/S13.2_A4_T1.js
js/src/tests/test262/ch13/13.2/S13.2_A4_T2.js
js/src/tests/test262/ch13/13.2/S13.2_A5.js
js/src/tests/test262/ch13/13.2/S13.2_A6_T1.js
js/src/tests/test262/ch13/13.2/S13.2_A6_T2.js
js/src/tests/test262/ch13/13.2/S13.2_A7_T1.js
js/src/tests/test262/ch13/13.2/S13.2_A7_T2.js
js/src/tests/test262/ch13/13.2/S13.2_A8_T1.js
js/src/tests/test262/ch13/13.2/S13.2_A8_T2.js
js/src/tests/test262/ch13/13.2/browser.js
js/src/tests/test262/ch13/13.2/shell.js
js/src/tests/test262/ch13/browser.js
js/src/tests/test262/ch13/shell.js
js/src/tests/test262/ch14/14.0/S14_A1.js
js/src/tests/test262/ch14/14.0/S14_A2.js
js/src/tests/test262/ch14/14.0/S14_A3.js
js/src/tests/test262/ch14/14.0/S14_A5_T1.js
js/src/tests/test262/ch14/14.0/S14_A5_T2.js
js/src/tests/test262/ch14/14.0/browser.js
js/src/tests/test262/ch14/14.0/shell.js
js/src/tests/test262/ch14/14.1/14.1-1-s.js
js/src/tests/test262/ch14/14.1/14.1-10-s.js
js/src/tests/test262/ch14/14.1/14.1-11-s.js
js/src/tests/test262/ch14/14.1/14.1-12-s.js
js/src/tests/test262/ch14/14.1/14.1-13-s.js
js/src/tests/test262/ch14/14.1/14.1-14-s.js
js/src/tests/test262/ch14/14.1/14.1-15-s.js
js/src/tests/test262/ch14/14.1/14.1-16-s.js
js/src/tests/test262/ch14/14.1/14.1-17-s.js
js/src/tests/test262/ch14/14.1/14.1-2-s.js
js/src/tests/test262/ch14/14.1/14.1-3-s.js
js/src/tests/test262/ch14/14.1/14.1-4-s.js
js/src/tests/test262/ch14/14.1/14.1-4gs.js
js/src/tests/test262/ch14/14.1/14.1-5-s.js
js/src/tests/test262/ch14/14.1/14.1-5gs.js
js/src/tests/test262/ch14/14.1/14.1-6-s.js
js/src/tests/test262/ch14/14.1/14.1-7-s.js
js/src/tests/test262/ch14/14.1/14.1-8-s.js
js/src/tests/test262/ch14/14.1/14.1-9-s.js
js/src/tests/test262/ch14/14.1/browser.js
js/src/tests/test262/ch14/14.1/shell.js
js/src/tests/test262/ch14/browser.js
js/src/tests/test262/ch14/shell.js
js/src/tests/test262/intl402/browser.js
js/src/tests/test262/intl402/ch06/6.2/6.2.2_a.js
js/src/tests/test262/intl402/ch06/6.2/6.2.2_b.js
js/src/tests/test262/intl402/ch06/6.2/6.2.2_c.js
js/src/tests/test262/intl402/ch06/6.2/6.2.3.js
js/src/tests/test262/intl402/ch06/6.2/6.2.4.js
js/src/tests/test262/intl402/ch06/6.2/browser.js
js/src/tests/test262/intl402/ch06/6.2/shell.js
js/src/tests/test262/intl402/ch06/6.3/6.3.1_a.js
js/src/tests/test262/intl402/ch06/6.3/6.3.1_b.js
js/src/tests/test262/intl402/ch06/6.3/browser.js
js/src/tests/test262/intl402/ch06/6.3/shell.js
js/src/tests/test262/intl402/ch06/6.4/6.4_a.js
js/src/tests/test262/intl402/ch06/6.4/6.4_b.js
js/src/tests/test262/intl402/ch06/6.4/6.4_c.js
js/src/tests/test262/intl402/ch06/6.4/browser.js
js/src/tests/test262/intl402/ch06/6.4/shell.js
js/src/tests/test262/intl402/ch06/browser.js
js/src/tests/test262/intl402/ch06/shell.js
js/src/tests/test262/intl402/ch08/8.0/8.0.js
js/src/tests/test262/intl402/ch08/8.0/8.0_L15.js
js/src/tests/test262/intl402/ch08/8.0/browser.js
js/src/tests/test262/intl402/ch08/8.0/shell.js
js/src/tests/test262/intl402/ch08/browser.js
js/src/tests/test262/intl402/ch08/shell.js
js/src/tests/test262/intl402/ch09/9.1/9.1_a.js
js/src/tests/test262/intl402/ch09/9.1/9.1_b.js
js/src/tests/test262/intl402/ch09/9.1/browser.js
js/src/tests/test262/intl402/ch09/9.1/shell.js
js/src/tests/test262/intl402/ch09/9.2/9.2.1_1.js
js/src/tests/test262/intl402/ch09/9.2/9.2.1_2.js
js/src/tests/test262/intl402/ch09/9.2/9.2.1_3.js
js/src/tests/test262/intl402/ch09/9.2/9.2.1_4.js
js/src/tests/test262/intl402/ch09/9.2/9.2.1_8_c_ii.js
js/src/tests/test262/intl402/ch09/9.2/9.2.1_8_c_vi.js
js/src/tests/test262/intl402/ch09/9.2/9.2.2.js
js/src/tests/test262/intl402/ch09/9.2/9.2.3_5.js
js/src/tests/test262/intl402/ch09/9.2/9.2.5_11_g_ii_2.js
js/src/tests/test262/intl402/ch09/9.2/9.2.5_6.js
js/src/tests/test262/intl402/ch09/9.2/9.2.6_2.js
js/src/tests/test262/intl402/ch09/9.2/9.2.6_4.js
js/src/tests/test262/intl402/ch09/9.2/9.2.6_4_b.js
js/src/tests/test262/intl402/ch09/9.2/9.2.6_4_c.js
js/src/tests/test262/intl402/ch09/9.2/9.2.8_1_c.js
js/src/tests/test262/intl402/ch09/9.2/9.2.8_4.js
js/src/tests/test262/intl402/ch09/9.2/browser.js
js/src/tests/test262/intl402/ch09/9.2/shell.js
js/src/tests/test262/intl402/ch09/browser.js
js/src/tests/test262/intl402/ch09/shell.js
js/src/tests/test262/intl402/ch10/10.1/10.1.1_1.js
js/src/tests/test262/intl402/ch10/10.1/10.1.1_10.js
js/src/tests/test262/intl402/ch10/10.1/10.1.1_11.js
js/src/tests/test262/intl402/ch10/10.1/10.1.1_13.js
js/src/tests/test262/intl402/ch10/10.1/10.1.1_19_b.js
js/src/tests/test262/intl402/ch10/10.1/10.1.1_19_c.js
js/src/tests/test262/intl402/ch10/10.1/10.1.1_20.js
js/src/tests/test262/intl402/ch10/10.1/10.1.1_23.js
js/src/tests/test262/intl402/ch10/10.1/10.1.1_6.js
js/src/tests/test262/intl402/ch10/10.1/10.1.1_a.js
js/src/tests/test262/intl402/ch10/10.1/10.1.2.1_4.js
js/src/tests/test262/intl402/ch10/10.1/10.1.2_a.js
js/src/tests/test262/intl402/ch10/10.1/10.1.3.js
js/src/tests/test262/intl402/ch10/10.1/10.1_L15.js
js/src/tests/test262/intl402/ch10/10.1/browser.js
js/src/tests/test262/intl402/ch10/10.1/shell.js
js/src/tests/test262/intl402/ch10/10.2/10.2.1.js
js/src/tests/test262/intl402/ch10/10.2/10.2.2_L15.js
js/src/tests/test262/intl402/ch10/10.2/10.2.2_a.js
js/src/tests/test262/intl402/ch10/10.2/10.2.2_b.js
js/src/tests/test262/intl402/ch10/10.2/10.2.3_b.js
js/src/tests/test262/intl402/ch10/10.2/browser.js
js/src/tests/test262/intl402/ch10/10.2/shell.js
js/src/tests/test262/intl402/ch10/10.3/10.3.1.js
js/src/tests/test262/intl402/ch10/10.3/10.3.2_1_a_L15.js
js/src/tests/test262/intl402/ch10/10.3/10.3.2_1_c.js
js/src/tests/test262/intl402/ch10/10.3/10.3.2_CS_a.js
js/src/tests/test262/intl402/ch10/10.3/10.3.2_CS_b_NN.js
js/src/tests/test262/intl402/ch10/10.3/10.3.2_CS_c_NN.js
js/src/tests/test262/intl402/ch10/10.3/10.3.2_CS_d_NN.js
js/src/tests/test262/intl402/ch10/10.3/10.3.2_L15.js
js/src/tests/test262/intl402/ch10/10.3/10.3.3.js
js/src/tests/test262/intl402/ch10/10.3/10.3.3_L15.js
js/src/tests/test262/intl402/ch10/10.3/10.3_L15.js
js/src/tests/test262/intl402/ch10/10.3/10.3_a.js
js/src/tests/test262/intl402/ch10/10.3/10.3_b.js
js/src/tests/test262/intl402/ch10/10.3/browser.js
js/src/tests/test262/intl402/ch10/10.3/shell.js
js/src/tests/test262/intl402/ch10/10.4/10.4_a.js
js/src/tests/test262/intl402/ch10/10.4/browser.js
js/src/tests/test262/intl402/ch10/10.4/shell.js
js/src/tests/test262/intl402/ch10/browser.js
js/src/tests/test262/intl402/ch10/shell.js
js/src/tests/test262/intl402/ch11/11.1/11.1.1_1.js
js/src/tests/test262/intl402/ch11/11.1/11.1.1_15.js
js/src/tests/test262/intl402/ch11/11.1/11.1.1_17.js
js/src/tests/test262/intl402/ch11/11.1/11.1.1_19.js
js/src/tests/test262/intl402/ch11/11.1/11.1.1_20_c.js
js/src/tests/test262/intl402/ch11/11.1/11.1.1_21.js
js/src/tests/test262/intl402/ch11/11.1/11.1.1_32.js
js/src/tests/test262/intl402/ch11/11.1/11.1.1_34.js
js/src/tests/test262/intl402/ch11/11.1/11.1.1_6.js
js/src/tests/test262/intl402/ch11/11.1/11.1.1_7.js
js/src/tests/test262/intl402/ch11/11.1/11.1.1_a.js
js/src/tests/test262/intl402/ch11/11.1/11.1.2.1_4.js
js/src/tests/test262/intl402/ch11/11.1/11.1.2.js
js/src/tests/test262/intl402/ch11/11.1/11.1.3.js
js/src/tests/test262/intl402/ch11/11.1/11.1_L15.js
js/src/tests/test262/intl402/ch11/11.1/browser.js
js/src/tests/test262/intl402/ch11/11.1/shell.js
js/src/tests/test262/intl402/ch11/11.2/11.2.1.js
js/src/tests/test262/intl402/ch11/11.2/11.2.2_L15.js
js/src/tests/test262/intl402/ch11/11.2/11.2.2_a.js
js/src/tests/test262/intl402/ch11/11.2/11.2.2_b.js
js/src/tests/test262/intl402/ch11/11.2/11.2.3_b.js
js/src/tests/test262/intl402/ch11/11.2/browser.js
js/src/tests/test262/intl402/ch11/11.2/shell.js
js/src/tests/test262/intl402/ch11/11.3/11.3.1.js
js/src/tests/test262/intl402/ch11/11.3/11.3.2_1_a_L15.js
js/src/tests/test262/intl402/ch11/11.3/11.3.2_1_a_ii.js
js/src/tests/test262/intl402/ch11/11.3/11.3.2_1_c.js
js/src/tests/test262/intl402/ch11/11.3/11.3.2_FN_1.js
js/src/tests/test262/intl402/ch11/11.3/11.3.2_FN_2.js
js/src/tests/test262/intl402/ch11/11.3/11.3.2_FN_3_b.js
js/src/tests/test262/intl402/ch11/11.3/11.3.2_FN_3_e.js
js/src/tests/test262/intl402/ch11/11.3/11.3.2_L15.js
js/src/tests/test262/intl402/ch11/11.3/11.3.2_TRF.js
js/src/tests/test262/intl402/ch11/11.3/11.3.2_TRP.js
js/src/tests/test262/intl402/ch11/11.3/11.3.3.js
js/src/tests/test262/intl402/ch11/11.3/11.3.3_L15.js
js/src/tests/test262/intl402/ch11/11.3/11.3_L15.js
js/src/tests/test262/intl402/ch11/11.3/11.3_a.js
js/src/tests/test262/intl402/ch11/11.3/11.3_b.js
js/src/tests/test262/intl402/ch11/11.3/browser.js
js/src/tests/test262/intl402/ch11/11.3/shell.js
js/src/tests/test262/intl402/ch11/11.4/11.4_a.js
js/src/tests/test262/intl402/ch11/11.4/browser.js
js/src/tests/test262/intl402/ch11/11.4/shell.js
js/src/tests/test262/intl402/ch11/browser.js
js/src/tests/test262/intl402/ch11/shell.js
js/src/tests/test262/intl402/ch12/12.1/12.1.1_1.js
js/src/tests/test262/intl402/ch12/12.1/12.1.1_18.js
js/src/tests/test262/intl402/ch12/12.1/12.1.1_22.js
js/src/tests/test262/intl402/ch12/12.1/12.1.1_23.js
js/src/tests/test262/intl402/ch12/12.1/12.1.1_25.js
js/src/tests/test262/intl402/ch12/12.1/12.1.1_5.js
js/src/tests/test262/intl402/ch12/12.1/12.1.1_6.js
js/src/tests/test262/intl402/ch12/12.1/12.1.1_TDTO.js
js/src/tests/test262/intl402/ch12/12.1/12.1.1_a.js
js/src/tests/test262/intl402/ch12/12.1/12.1.2.1_4.js
js/src/tests/test262/intl402/ch12/12.1/12.1.2.js
js/src/tests/test262/intl402/ch12/12.1/12.1.3.js
js/src/tests/test262/intl402/ch12/12.1/12.1_L15.js
js/src/tests/test262/intl402/ch12/12.1/browser.js
js/src/tests/test262/intl402/ch12/12.1/shell.js
js/src/tests/test262/intl402/ch12/12.2/12.2.1.js
js/src/tests/test262/intl402/ch12/12.2/12.2.2_L15.js
js/src/tests/test262/intl402/ch12/12.2/12.2.2_a.js
js/src/tests/test262/intl402/ch12/12.2/12.2.2_b.js
js/src/tests/test262/intl402/ch12/12.2/12.2.3_b.js
js/src/tests/test262/intl402/ch12/12.2/12.2.3_c.js
js/src/tests/test262/intl402/ch12/12.2/browser.js
js/src/tests/test262/intl402/ch12/12.2/shell.js
js/src/tests/test262/intl402/ch12/12.3/12.3.1.js
js/src/tests/test262/intl402/ch12/12.3/12.3.2_1_a_L15.js
js/src/tests/test262/intl402/ch12/12.3/12.3.2_1_c.js
js/src/tests/test262/intl402/ch12/12.3/12.3.2_FDT_1.js
js/src/tests/test262/intl402/ch12/12.3/12.3.2_FDT_7_a_iv.js
js/src/tests/test262/intl402/ch12/12.3/12.3.2_L15.js
js/src/tests/test262/intl402/ch12/12.3/12.3.2_TLT_2.js
js/src/tests/test262/intl402/ch12/12.3/12.3.3.js
js/src/tests/test262/intl402/ch12/12.3/12.3.3_L15.js
js/src/tests/test262/intl402/ch12/12.3/12.3_L15.js
js/src/tests/test262/intl402/ch12/12.3/12.3_a.js
js/src/tests/test262/intl402/ch12/12.3/12.3_b.js
js/src/tests/test262/intl402/ch12/12.3/browser.js
js/src/tests/test262/intl402/ch12/12.3/shell.js
js/src/tests/test262/intl402/ch12/12.4/12.4_a.js
js/src/tests/test262/intl402/ch12/12.4/browser.js
js/src/tests/test262/intl402/ch12/12.4/shell.js
js/src/tests/test262/intl402/ch12/browser.js
js/src/tests/test262/intl402/ch12/shell.js
js/src/tests/test262/intl402/ch13/13.1/13.1.1_1.js
js/src/tests/test262/intl402/ch13/13.1/13.1.1_2.js
js/src/tests/test262/intl402/ch13/13.1/13.1.1_3_1.js
js/src/tests/test262/intl402/ch13/13.1/13.1.1_3_2.js
js/src/tests/test262/intl402/ch13/13.1/13.1.1_6_1.js
js/src/tests/test262/intl402/ch13/13.1/13.1.1_6_2.js
js/src/tests/test262/intl402/ch13/13.1/13.1.1_7.js
js/src/tests/test262/intl402/ch13/13.1/13.1.1_L15.js
js/src/tests/test262/intl402/ch13/13.1/browser.js
js/src/tests/test262/intl402/ch13/13.1/shell.js
js/src/tests/test262/intl402/ch13/13.2/13.2.1_1.js
js/src/tests/test262/intl402/ch13/13.2/13.2.1_4_1.js
js/src/tests/test262/intl402/ch13/13.2/13.2.1_4_2.js
js/src/tests/test262/intl402/ch13/13.2/13.2.1_5.js
js/src/tests/test262/intl402/ch13/13.2/13.2.1_L15.js
js/src/tests/test262/intl402/ch13/13.2/browser.js
js/src/tests/test262/intl402/ch13/13.2/shell.js
js/src/tests/test262/intl402/ch13/13.3/13.3.0_1.js
js/src/tests/test262/intl402/ch13/13.3/13.3.0_2.js
js/src/tests/test262/intl402/ch13/13.3/13.3.0_6_1.js
js/src/tests/test262/intl402/ch13/13.3/13.3.0_6_2.js
js/src/tests/test262/intl402/ch13/13.3/13.3.0_7.js
js/src/tests/test262/intl402/ch13/13.3/13.3.1_L15.js
js/src/tests/test262/intl402/ch13/13.3/13.3.2_L15.js
js/src/tests/test262/intl402/ch13/13.3/13.3.3_L15.js
js/src/tests/test262/intl402/ch13/13.3/browser.js
js/src/tests/test262/intl402/ch13/13.3/shell.js
js/src/tests/test262/intl402/ch13/browser.js
js/src/tests/test262/intl402/ch13/shell.js
js/src/tests/test262/intl402/shell.js
js/src/tests/test262/shell.js
js/src/tests/update-test262.sh
js/src/tests/user.js
js/src/v8/base.js
js/src/v8/crypto.js
js/src/v8/deltablue.js
js/src/v8/earley-boyer.js
js/src/v8/navier-stokes.js
js/src/v8/raytrace.js
js/src/v8/regexp.js
js/src/v8/richards.js
js/src/v8/run-crypto.js
js/src/v8/run-deltablue.js
js/src/v8/run-earley-boyer.js
js/src/v8/run-navier-stokes.js
js/src/v8/run-raytrace.js
js/src/v8/run-regexp.js
js/src/v8/run-richards.js
js/src/v8/run-splay.js
js/src/v8/run.js
js/src/v8/splay.js
js/src/vm/ArgumentsObject-inl.h
js/src/vm/ArgumentsObject.cpp
js/src/vm/ArgumentsObject.h
js/src/vm/ArrayBufferObject-inl.h
js/src/vm/ArrayBufferObject.cpp
js/src/vm/ArrayBufferObject.h
js/src/vm/ArrayObject-inl.h
js/src/vm/ArrayObject.h
js/src/vm/BooleanObject-inl.h
js/src/vm/BooleanObject.h
js/src/vm/CallNonGenericMethod.cpp
js/src/vm/CaseFolding.txt
js/src/vm/CharacterEncoding.cpp
js/src/vm/CodeCoverage.cpp
js/src/vm/CodeCoverage.h
js/src/vm/CommonPropertyNames.h
js/src/vm/Compression.cpp
js/src/vm/Compression.h
js/src/vm/DateObject.h
js/src/vm/DateTime.cpp
js/src/vm/DateTime.h
js/src/vm/Debugger-inl.h
js/src/vm/Debugger.cpp
js/src/vm/Debugger.h
js/src/vm/DebuggerMemory.cpp
js/src/vm/DebuggerMemory.h
js/src/vm/ErrorObject-inl.h
js/src/vm/ErrorObject.cpp
js/src/vm/ErrorObject.h
js/src/vm/ForOfIterator.cpp
js/src/vm/GeneratorObject.cpp
js/src/vm/GeneratorObject.h
js/src/vm/GlobalObject.cpp
js/src/vm/GlobalObject.h
js/src/vm/HelperThreads.cpp
js/src/vm/HelperThreads.h
js/src/vm/Id.cpp
js/src/vm/Initialization.cpp
js/src/vm/Interpreter-inl.h
js/src/vm/Interpreter.cpp
js/src/vm/Interpreter.h
js/src/vm/JSONParser.cpp
js/src/vm/JSONParser.h
js/src/vm/Keywords.h
js/src/vm/MallocProvider.h
js/src/vm/MatchPairs.h
js/src/vm/MemoryMetrics.cpp
js/src/vm/Monitor.cpp
js/src/vm/Monitor.h
js/src/vm/NativeObject-inl.h
js/src/vm/NativeObject.cpp
js/src/vm/NativeObject.h
js/src/vm/NumberObject-inl.h
js/src/vm/NumberObject.h
js/src/vm/ObjectGroup-inl.h
js/src/vm/ObjectGroup.cpp
js/src/vm/ObjectGroup.h
js/src/vm/Opcodes.h
js/src/vm/PIC.cpp
js/src/vm/PIC.h
js/src/vm/PosixNSPR.cpp
js/src/vm/PosixNSPR.h
js/src/vm/Printer.cpp
js/src/vm/Printer.h
js/src/vm/Probes-inl.h
js/src/vm/Probes.cpp
js/src/vm/Probes.h
js/src/vm/PropDesc.h
js/src/vm/ProxyObject.cpp
js/src/vm/ProxyObject.h
js/src/vm/ReceiverGuard.cpp
js/src/vm/ReceiverGuard.h
js/src/vm/RegExpObject.cpp
js/src/vm/RegExpObject.h
js/src/vm/RegExpStatics.cpp
js/src/vm/RegExpStatics.h
js/src/vm/RegExpStaticsObject.h
js/src/vm/Runtime-inl.h
js/src/vm/Runtime.cpp
js/src/vm/Runtime.h
js/src/vm/SPSProfiler.cpp
js/src/vm/SPSProfiler.h
js/src/vm/SavedFrame.h
js/src/vm/SavedStacks-inl.h
js/src/vm/SavedStacks.cpp
js/src/vm/SavedStacks.h
js/src/vm/ScopeObject-inl.h
js/src/vm/ScopeObject.cpp
js/src/vm/ScopeObject.h
js/src/vm/SelfHosting.cpp
js/src/vm/SelfHosting.h
js/src/vm/Shape-inl.h
js/src/vm/Shape.cpp
js/src/vm/Shape.h
js/src/vm/SharedArrayObject.cpp
js/src/vm/SharedArrayObject.h
js/src/vm/SharedMem.h
js/src/vm/Stack-inl.h
js/src/vm/Stack.cpp
js/src/vm/Stack.h
js/src/vm/StopIterationObject.h
js/src/vm/Stopwatch.cpp
js/src/vm/Stopwatch.h
js/src/vm/String-inl.h
js/src/vm/String.cpp
js/src/vm/String.h
js/src/vm/StringBuffer.cpp
js/src/vm/StringBuffer.h
js/src/vm/StringObject-inl.h
js/src/vm/StringObject.h
js/src/vm/StructuredClone.cpp
js/src/vm/Symbol.cpp
js/src/vm/Symbol.h
js/src/vm/TaggedProto.cpp
js/src/vm/TaggedProto.h
js/src/vm/Time.cpp
js/src/vm/Time.h
js/src/vm/TraceLogging.cpp
js/src/vm/TraceLogging.h
js/src/vm/TraceLoggingGraph.cpp
js/src/vm/TraceLoggingGraph.h
js/src/vm/TraceLoggingTypes.cpp
js/src/vm/TraceLoggingTypes.h
js/src/vm/TypeInference-inl.h
js/src/vm/TypeInference.cpp
js/src/vm/TypeInference.h
js/src/vm/TypedArrayCommon.h
js/src/vm/TypedArrayObject.cpp
js/src/vm/TypedArrayObject.h
js/src/vm/UbiNode.cpp
js/src/vm/UbiNodeCensus.cpp
js/src/vm/UnboxedObject-inl.h
js/src/vm/UnboxedObject.cpp
js/src/vm/UnboxedObject.h
js/src/vm/Unicode.cpp
js/src/vm/Unicode.h
js/src/vm/UnicodeData.txt
js/src/vm/Value.cpp
js/src/vm/WeakMapPtr.cpp
js/src/vm/WrapperObject.h
js/src/vm/Xdr.cpp
js/src/vm/Xdr.h
js/src/vm/make_opcode_doc.py
js/src/vm/make_unicode.py
js/src/vtune/README
js/src/vtune/VTuneWrapper.h
js/src/vtune/ittnotify_config.h
js/src/vtune/ittnotify_types.h
js/src/vtune/jitprofiling.c
js/src/vtune/jitprofiling.h
js/xpconnect/crashtests/117307-1.html
js/xpconnect/crashtests/193710.html
js/xpconnect/crashtests/290162-1.html
js/xpconnect/crashtests/326615-1.html
js/xpconnect/crashtests/328553-1.html
js/xpconnect/crashtests/346258-1.html
js/xpconnect/crashtests/346512-1-frame1.xhtml
js/xpconnect/crashtests/346512-1-frame2.xhtml
js/xpconnect/crashtests/346512-1.xhtml
js/xpconnect/crashtests/382133-1.html
js/xpconnect/crashtests/386680-1.html
js/xpconnect/crashtests/394810-1.html
js/xpconnect/crashtests/400349-1.html
js/xpconnect/crashtests/403356-1.html
js/xpconnect/crashtests/418139-1.svg
js/xpconnect/crashtests/420513-1.html
js/xpconnect/crashtests/453935-1.html
js/xpconnect/crashtests/462926.html
js/xpconnect/crashtests/467693-1.html
js/xpconnect/crashtests/468552-1.html
js/xpconnect/crashtests/471366-1.html
js/xpconnect/crashtests/475185-1.html
js/xpconnect/crashtests/475291-1.html
js/xpconnect/crashtests/503286-1.html
js/xpconnect/crashtests/504000-1.html
js/xpconnect/crashtests/509075-1.html
js/xpconnect/crashtests/512815-1.html
js/xpconnect/crashtests/515726-1.html
js/xpconnect/crashtests/545291-1.html
js/xpconnect/crashtests/558979.html
js/xpconnect/crashtests/582649.html
js/xpconnect/crashtests/601284-1.html
js/xpconnect/crashtests/603146-1.html
js/xpconnect/crashtests/603858-1.html
js/xpconnect/crashtests/608963.html
js/xpconnect/crashtests/616930-1.html
js/xpconnect/crashtests/639737-1.html
js/xpconnect/crashtests/648206-1.html
js/xpconnect/crashtests/705875.html
js/xpconnect/crashtests/720305-1.html
js/xpconnect/crashtests/723465.html
js/xpconnect/crashtests/732870.html
js/xpconnect/crashtests/751995.html
js/xpconnect/crashtests/752038-iframe.html
js/xpconnect/crashtests/752038.html
js/xpconnect/crashtests/753162.html
js/xpconnect/crashtests/754311-iframe.html
js/xpconnect/crashtests/754311.html
js/xpconnect/crashtests/761831.html
js/xpconnect/crashtests/786142-iframe.html
js/xpconnect/crashtests/786142.html
js/xpconnect/crashtests/797583.html
js/xpconnect/crashtests/806751.html
js/xpconnect/crashtests/833856.html
js/xpconnect/crashtests/851418.html
js/xpconnect/crashtests/854139.html
js/xpconnect/crashtests/854604.html
js/xpconnect/crashtests/898939.html
js/xpconnect/crashtests/905523.html
js/xpconnect/crashtests/938297.html
js/xpconnect/crashtests/crashtests.list
js/xpconnect/idl/moz.build
js/xpconnect/idl/mozIJSSubScriptLoader.idl
js/xpconnect/idl/nsIAddonInterposition.idl
js/xpconnect/idl/nsIRemoteTagService.idl
js/xpconnect/idl/nsIScriptError.idl
js/xpconnect/idl/nsIXPCScriptable.idl
js/xpconnect/idl/nsIXPConnect.idl
js/xpconnect/idl/xpcIJSGetFactory.idl
js/xpconnect/idl/xpcIJSModuleLoader.idl
js/xpconnect/idl/xpcIJSWeakReference.idl
js/xpconnect/idl/xpccomponents.idl
js/xpconnect/idl/xpcexception.idl
js/xpconnect/idl/xpcjsid.idl
js/xpconnect/loader/ISO8601DateUtils.jsm
js/xpconnect/loader/XPCOMUtils.jsm
js/xpconnect/loader/moz.build
js/xpconnect/loader/mozJSComponentLoader.cpp
js/xpconnect/loader/mozJSComponentLoader.h
js/xpconnect/loader/mozJSLoaderUtils.cpp
js/xpconnect/loader/mozJSLoaderUtils.h
js/xpconnect/loader/mozJSSubScriptLoader.cpp
js/xpconnect/loader/mozJSSubScriptLoader.h
js/xpconnect/moz.build
js/xpconnect/public/moz.build
js/xpconnect/public/nsAXPCNativeCallContext.h
js/xpconnect/public/nsTArrayHelpers.h
js/xpconnect/public/xpc_map_end.h
js/xpconnect/shell/Makefile.in
js/xpconnect/shell/moz.build
js/xpconnect/shell/xpcshell.cpp
js/xpconnect/shell/xpcshell.exe.manifest
js/xpconnect/shell/xpcshell.rc
js/xpconnect/shell/xpcshellMacUtils.h
js/xpconnect/shell/xpcshellMacUtils.mm
js/xpconnect/src/BackstagePass.h
js/xpconnect/src/ExportHelpers.cpp
js/xpconnect/src/README
js/xpconnect/src/Sandbox.cpp
js/xpconnect/src/SandboxPrivate.h
js/xpconnect/src/XPCCallContext.cpp
js/xpconnect/src/XPCComponents.cpp
js/xpconnect/src/XPCContext.cpp
js/xpconnect/src/XPCConvert.cpp
js/xpconnect/src/XPCDebug.cpp
js/xpconnect/src/XPCException.cpp
js/xpconnect/src/XPCForwards.h
js/xpconnect/src/XPCInlines.h
js/xpconnect/src/XPCJSContextStack.cpp
js/xpconnect/src/XPCJSID.cpp
js/xpconnect/src/XPCJSMemoryReporter.h
js/xpconnect/src/XPCJSRuntime.cpp
js/xpconnect/src/XPCJSWeakReference.cpp
js/xpconnect/src/XPCJSWeakReference.h
js/xpconnect/src/XPCLocale.cpp
js/xpconnect/src/XPCLog.cpp
js/xpconnect/src/XPCLog.h
js/xpconnect/src/XPCMaps.cpp
js/xpconnect/src/XPCMaps.h
js/xpconnect/src/XPCModule.cpp
js/xpconnect/src/XPCModule.h
js/xpconnect/src/XPCRuntimeService.cpp
js/xpconnect/src/XPCShellImpl.cpp
js/xpconnect/src/XPCString.cpp
js/xpconnect/src/XPCThrower.cpp
js/xpconnect/src/XPCVariant.cpp
js/xpconnect/src/XPCWrappedJS.cpp
js/xpconnect/src/XPCWrappedJSClass.cpp
js/xpconnect/src/XPCWrappedNative.cpp
js/xpconnect/src/XPCWrappedNativeInfo.cpp
js/xpconnect/src/XPCWrappedNativeJSOps.cpp
js/xpconnect/src/XPCWrappedNativeProto.cpp
js/xpconnect/src/XPCWrappedNativeScope.cpp
js/xpconnect/src/XPCWrapper.cpp
js/xpconnect/src/XPCWrapper.h
js/xpconnect/src/jsshell.msg
js/xpconnect/src/moz.build
js/xpconnect/src/nsScriptError.cpp
js/xpconnect/src/nsScriptErrorWithStack.cpp
js/xpconnect/src/nsXPConnect.cpp
js/xpconnect/src/qsObjectHelper.h
js/xpconnect/src/xpc.msg
js/xpconnect/src/xpcObjectHelper.h
js/xpconnect/src/xpcprivate.h
js/xpconnect/src/xpcpublic.h
js/xpconnect/tests/browser/browser.ini
js/xpconnect/tests/browser/browser_dead_object.js
js/xpconnect/tests/browser/moz.build
js/xpconnect/tests/chrome/bug503926.xul
js/xpconnect/tests/chrome/chrome.ini
js/xpconnect/tests/chrome/file_bug1050049.xml
js/xpconnect/tests/chrome/file_bug618176.xul
js/xpconnect/tests/chrome/file_bug996069.html
js/xpconnect/tests/chrome/file_discardSystemSource.html
js/xpconnect/tests/chrome/file_evalInSandbox.html
js/xpconnect/tests/chrome/file_expandosharing.jsm
js/xpconnect/tests/chrome/mochitest.ini
js/xpconnect/tests/chrome/moz.build
js/xpconnect/tests/chrome/outoflinexulscript.js
js/xpconnect/tests/chrome/subscript.js
js/xpconnect/tests/chrome/test_APIExposer.xul
js/xpconnect/tests/chrome/test_bug1041626.xul
js/xpconnect/tests/chrome/test_bug1042436.xul
js/xpconnect/tests/chrome/test_bug1050049.html
js/xpconnect/tests/chrome/test_bug1065185.html
js/xpconnect/tests/chrome/test_bug1074863.html
js/xpconnect/tests/chrome/test_bug1092477.xul
js/xpconnect/tests/chrome/test_bug1124898.html
js/xpconnect/tests/chrome/test_bug1126911.html
js/xpconnect/tests/chrome/test_bug361111.xul
js/xpconnect/tests/chrome/test_bug448587.xul
js/xpconnect/tests/chrome/test_bug484459.xul
js/xpconnect/tests/chrome/test_bug500931.xul
js/xpconnect/tests/chrome/test_bug503926.xul
js/xpconnect/tests/chrome/test_bug533596.xul
js/xpconnect/tests/chrome/test_bug571849.xul
js/xpconnect/tests/chrome/test_bug596580.xul
js/xpconnect/tests/chrome/test_bug601803.xul
js/xpconnect/tests/chrome/test_bug610390.xul
js/xpconnect/tests/chrome/test_bug614757.xul
js/xpconnect/tests/chrome/test_bug616992.xul
js/xpconnect/tests/chrome/test_bug618176.xul
js/xpconnect/tests/chrome/test_bug654370.xul
js/xpconnect/tests/chrome/test_bug658560.xul
js/xpconnect/tests/chrome/test_bug658909.xul
js/xpconnect/tests/chrome/test_bug664689.xul
js/xpconnect/tests/chrome/test_bug679861.xul
js/xpconnect/tests/chrome/test_bug706301.xul
js/xpconnect/tests/chrome/test_bug720619.xul
js/xpconnect/tests/chrome/test_bug726949.xul
js/xpconnect/tests/chrome/test_bug732665.xul
js/xpconnect/tests/chrome/test_bug732665_meta.js
js/xpconnect/tests/chrome/test_bug738244.xul
js/xpconnect/tests/chrome/test_bug743843.xul
js/xpconnect/tests/chrome/test_bug760076.xul
js/xpconnect/tests/chrome/test_bug760131.html
js/xpconnect/tests/chrome/test_bug763343.xul
js/xpconnect/tests/chrome/test_bug771429.xul
js/xpconnect/tests/chrome/test_bug773962.xul
js/xpconnect/tests/chrome/test_bug792280.xul
js/xpconnect/tests/chrome/test_bug793433.xul
js/xpconnect/tests/chrome/test_bug795275.xul
js/xpconnect/tests/chrome/test_bug799348.xul
js/xpconnect/tests/chrome/test_bug801241.xul
js/xpconnect/tests/chrome/test_bug812415.xul
js/xpconnect/tests/chrome/test_bug853283.xul
js/xpconnect/tests/chrome/test_bug853571.xul
js/xpconnect/tests/chrome/test_bug858101.xul
js/xpconnect/tests/chrome/test_bug860494.xul
js/xpconnect/tests/chrome/test_bug865948.xul
js/xpconnect/tests/chrome/test_bug866823.xul
js/xpconnect/tests/chrome/test_bug895340.xul
js/xpconnect/tests/chrome/test_bug932906.xul
js/xpconnect/tests/chrome/test_bug996069.xul
js/xpconnect/tests/chrome/test_chrometoSource.xul
js/xpconnect/tests/chrome/test_cloneInto.xul
js/xpconnect/tests/chrome/test_cows.xul
js/xpconnect/tests/chrome/test_discardSystemSource.xul
js/xpconnect/tests/chrome/test_documentdomain.xul
js/xpconnect/tests/chrome/test_doublewrappedcompartments.xul
js/xpconnect/tests/chrome/test_evalInSandbox.xul
js/xpconnect/tests/chrome/test_evalInWindow.xul
js/xpconnect/tests/chrome/test_exnstack.xul
js/xpconnect/tests/chrome/test_expandosharing.xul
js/xpconnect/tests/chrome/test_exposeInDerived.xul
js/xpconnect/tests/chrome/test_getweakmapkeys.xul
js/xpconnect/tests/chrome/test_localstorage_with_nsEp.xul
js/xpconnect/tests/chrome/test_matches.xul
js/xpconnect/tests/chrome/test_nodelists.xul
js/xpconnect/tests/chrome/test_nsScriptErrorWithStack.html
js/xpconnect/tests/chrome/test_onGarbageCollection.html
js/xpconnect/tests/chrome/test_paris_weakmap_keys.xul
js/xpconnect/tests/chrome/test_precisegc.xul
js/xpconnect/tests/chrome/test_sandboxImport.xul
js/xpconnect/tests/chrome/test_scriptSettings.xul
js/xpconnect/tests/chrome/test_watchpoints.xul
js/xpconnect/tests/chrome/test_weakmap_keys_preserved.xul
js/xpconnect/tests/chrome/test_weakmap_keys_preserved2.xul
js/xpconnect/tests/chrome/test_weakmaps.xul
js/xpconnect/tests/chrome/test_weakref.xul
js/xpconnect/tests/chrome/test_windowProxyDeadWrapper.html
js/xpconnect/tests/chrome/test_wrappers-2.xul
js/xpconnect/tests/chrome/test_wrappers.xul
js/xpconnect/tests/chrome/test_xrayToJS.xul
js/xpconnect/tests/chrome/utf8_subscript.js
js/xpconnect/tests/chrome/worker_discardSystemSource.js
js/xpconnect/tests/components/js/xpctest.manifest
js/xpconnect/tests/components/js/xpctest_attributes.js
js/xpconnect/tests/components/js/xpctest_bug809674.js
js/xpconnect/tests/components/js/xpctest_interfaces.js
js/xpconnect/tests/components/js/xpctest_params.js
js/xpconnect/tests/components/js/xpctest_returncode_child.js
js/xpconnect/tests/components/native/moz.build
js/xpconnect/tests/components/native/xpctest.manifest
js/xpconnect/tests/components/native/xpctest_attributes.cpp
js/xpconnect/tests/components/native/xpctest_module.cpp
js/xpconnect/tests/components/native/xpctest_params.cpp
js/xpconnect/tests/components/native/xpctest_private.h
js/xpconnect/tests/components/native/xpctest_returncode.cpp
js/xpconnect/tests/idl/moz.build
js/xpconnect/tests/idl/xpctest_attributes.idl
js/xpconnect/tests/idl/xpctest_bug809674.idl
js/xpconnect/tests/idl/xpctest_interfaces.idl
js/xpconnect/tests/idl/xpctest_params.idl
js/xpconnect/tests/idl/xpctest_returncode.idl
js/xpconnect/tests/mochitest/bug500931_helper.html
js/xpconnect/tests/mochitest/bug504877_helper.html
js/xpconnect/tests/mochitest/bug571849_helper.html
js/xpconnect/tests/mochitest/bug589028_helper.html
js/xpconnect/tests/mochitest/bug92773_helper.html
js/xpconnect/tests/mochitest/chrome_wrappers_helper.html
js/xpconnect/tests/mochitest/file1_bug629227.html
js/xpconnect/tests/mochitest/file2_bug629227.html
js/xpconnect/tests/mochitest/file_bug505915.html
js/xpconnect/tests/mochitest/file_bug650273.html
js/xpconnect/tests/mochitest/file_bug658560.html
js/xpconnect/tests/mochitest/file_bug706301.html
js/xpconnect/tests/mochitest/file_bug720619.html
js/xpconnect/tests/mochitest/file_bug738244.html
js/xpconnect/tests/mochitest/file_bug760131.html
js/xpconnect/tests/mochitest/file_bug781476.html
js/xpconnect/tests/mochitest/file_bug789713.html
js/xpconnect/tests/mochitest/file_bug795275.html
js/xpconnect/tests/mochitest/file_bug795275.xml
js/xpconnect/tests/mochitest/file_bug799348.html
js/xpconnect/tests/mochitest/file_bug802557.html
js/xpconnect/tests/mochitest/file_bug860494.html
js/xpconnect/tests/mochitest/file_crossOriginObjects.html
js/xpconnect/tests/mochitest/file_crossOriginObjects_documentDomain.html
js/xpconnect/tests/mochitest/file_crosscompartment_weakmap.html
js/xpconnect/tests/mochitest/file_documentdomain.html
js/xpconnect/tests/mochitest/file_doublewrappedcompartments.html
js/xpconnect/tests/mochitest/file_empty.html
js/xpconnect/tests/mochitest/file_evalInSandbox.html
js/xpconnect/tests/mochitest/file_exnstack.html
js/xpconnect/tests/mochitest/file_expandosharing.html
js/xpconnect/tests/mochitest/file_matches.html
js/xpconnect/tests/mochitest/file_nodelists.html
js/xpconnect/tests/mochitest/file_wrappers-2.html
js/xpconnect/tests/mochitest/inner.html
js/xpconnect/tests/mochitest/mochitest.ini
js/xpconnect/tests/mochitest/moz.build
js/xpconnect/tests/mochitest/test1_bug629331.html
js/xpconnect/tests/mochitest/test2_bug629331.html
js/xpconnect/tests/mochitest/test_bug1005806.html
js/xpconnect/tests/mochitest/test_bug1021258.html
js/xpconnect/tests/mochitest/test_bug1094930.html
js/xpconnect/tests/mochitest/test_bug1158558.html
js/xpconnect/tests/mochitest/test_bug384632.html
js/xpconnect/tests/mochitest/test_bug390488.html
js/xpconnect/tests/mochitest/test_bug393269.html
js/xpconnect/tests/mochitest/test_bug396851.html
js/xpconnect/tests/mochitest/test_bug428021.html
js/xpconnect/tests/mochitest/test_bug446584.html
js/xpconnect/tests/mochitest/test_bug462428.html
js/xpconnect/tests/mochitest/test_bug478438.html
js/xpconnect/tests/mochitest/test_bug484107.html
js/xpconnect/tests/mochitest/test_bug500691.html
js/xpconnect/tests/mochitest/test_bug504877.html
js/xpconnect/tests/mochitest/test_bug505915.html
js/xpconnect/tests/mochitest/test_bug560351.html
js/xpconnect/tests/mochitest/test_bug585745.html
js/xpconnect/tests/mochitest/test_bug589028.html
js/xpconnect/tests/mochitest/test_bug601299.html
js/xpconnect/tests/mochitest/test_bug605167.html
js/xpconnect/tests/mochitest/test_bug618017.html
js/xpconnect/tests/mochitest/test_bug623437.html
js/xpconnect/tests/mochitest/test_bug628410.html
js/xpconnect/tests/mochitest/test_bug628794.html
js/xpconnect/tests/mochitest/test_bug629227.html
js/xpconnect/tests/mochitest/test_bug629331.html
js/xpconnect/tests/mochitest/test_bug636097.html
js/xpconnect/tests/mochitest/test_bug650273.html
js/xpconnect/tests/mochitest/test_bug655297-1.html
js/xpconnect/tests/mochitest/test_bug655297-2.html
js/xpconnect/tests/mochitest/test_bug661980.html
js/xpconnect/tests/mochitest/test_bug691059.html
js/xpconnect/tests/mochitest/test_bug720619.html
js/xpconnect/tests/mochitest/test_bug731471.html
js/xpconnect/tests/mochitest/test_bug764389.html
js/xpconnect/tests/mochitest/test_bug772288.html
js/xpconnect/tests/mochitest/test_bug781476.html
js/xpconnect/tests/mochitest/test_bug789713.html
js/xpconnect/tests/mochitest/test_bug790732.html
js/xpconnect/tests/mochitest/test_bug793969.html
js/xpconnect/tests/mochitest/test_bug800864.html
js/xpconnect/tests/mochitest/test_bug802557.html
js/xpconnect/tests/mochitest/test_bug803730.html
js/xpconnect/tests/mochitest/test_bug809547.html
js/xpconnect/tests/mochitest/test_bug829872.html
js/xpconnect/tests/mochitest/test_bug862380.html
js/xpconnect/tests/mochitest/test_bug865260.html
js/xpconnect/tests/mochitest/test_bug870423.html
js/xpconnect/tests/mochitest/test_bug871887.html
js/xpconnect/tests/mochitest/test_bug912322.html
js/xpconnect/tests/mochitest/test_bug916945.html
js/xpconnect/tests/mochitest/test_bug92773.html
js/xpconnect/tests/mochitest/test_bug940783.html
js/xpconnect/tests/mochitest/test_bug960820.html
js/xpconnect/tests/mochitest/test_bug965082.html
js/xpconnect/tests/mochitest/test_bug986542.html
js/xpconnect/tests/mochitest/test_bug993423.html
js/xpconnect/tests/mochitest/test_crossOriginObjects.html
js/xpconnect/tests/mochitest/test_crosscompartment_weakmap.html
js/xpconnect/tests/mochitest/test_frameWrapping.html
js/xpconnect/tests/mochitest/test_getWebIDLCaller.html
js/xpconnect/tests/mochitest/test_nac.xhtml
js/xpconnect/tests/mochitest/test_sameOriginPolicy.html
js/xpconnect/tests/mochitest/test_sandbox_fetch.html
js/xpconnect/tests/moz.build
js/xpconnect/tests/unit/CatRegistrationComponents.manifest
js/xpconnect/tests/unit/bogus_element_type.jsm
js/xpconnect/tests/unit/bogus_exports_type.jsm
js/xpconnect/tests/unit/bug451678_subscript.js
js/xpconnect/tests/unit/component-blob.js
js/xpconnect/tests/unit/component-blob.manifest
js/xpconnect/tests/unit/component-file.js
js/xpconnect/tests/unit/component-file.manifest
js/xpconnect/tests/unit/component_import.js
js/xpconnect/tests/unit/component_import.manifest
js/xpconnect/tests/unit/head_ongc.js
js/xpconnect/tests/unit/head_watchdog.js
js/xpconnect/tests/unit/importer.jsm
js/xpconnect/tests/unit/recursive_importA.jsm
js/xpconnect/tests/unit/recursive_importB.jsm
js/xpconnect/tests/unit/syntax_error.jsm
js/xpconnect/tests/unit/test_URLSearchParams.js
js/xpconnect/tests/unit/test_allowWaivers.js
js/xpconnect/tests/unit/test_allowedDomains.js
js/xpconnect/tests/unit/test_allowedDomainsXHR.js
js/xpconnect/tests/unit/test_attributes.js
js/xpconnect/tests/unit/test_blob.js
js/xpconnect/tests/unit/test_blob2.js
js/xpconnect/tests/unit/test_bogus_files.js
js/xpconnect/tests/unit/test_bug1001094.js
js/xpconnect/tests/unit/test_bug1021312.js
js/xpconnect/tests/unit/test_bug1033253.js
js/xpconnect/tests/unit/test_bug1033920.js
js/xpconnect/tests/unit/test_bug1033927.js
js/xpconnect/tests/unit/test_bug1034262.js
js/xpconnect/tests/unit/test_bug1081990.js
js/xpconnect/tests/unit/test_bug1082450.js
js/xpconnect/tests/unit/test_bug1110546.js
js/xpconnect/tests/unit/test_bug1131707.js
js/xpconnect/tests/unit/test_bug1150106.js
js/xpconnect/tests/unit/test_bug1150771.js
js/xpconnect/tests/unit/test_bug1151385.js
js/xpconnect/tests/unit/test_bug1170311.js
js/xpconnect/tests/unit/test_bug408412.js
js/xpconnect/tests/unit/test_bug451678.js
js/xpconnect/tests/unit/test_bug604362.js
js/xpconnect/tests/unit/test_bug641378.js
js/xpconnect/tests/unit/test_bug677864.js
js/xpconnect/tests/unit/test_bug711404.js
js/xpconnect/tests/unit/test_bug742444.js
js/xpconnect/tests/unit/test_bug778409.js
js/xpconnect/tests/unit/test_bug780370.js
js/xpconnect/tests/unit/test_bug809652.js
js/xpconnect/tests/unit/test_bug809674.js
js/xpconnect/tests/unit/test_bug813901.js
js/xpconnect/tests/unit/test_bug845201.js
js/xpconnect/tests/unit/test_bug845862.js
js/xpconnect/tests/unit/test_bug849730.js
js/xpconnect/tests/unit/test_bug851895.js
js/xpconnect/tests/unit/test_bug853709.js
js/xpconnect/tests/unit/test_bug854558.js
js/xpconnect/tests/unit/test_bug856067.js
js/xpconnect/tests/unit/test_bug867486.js
js/xpconnect/tests/unit/test_bug868675.js
js/xpconnect/tests/unit/test_bug872772.js
js/xpconnect/tests/unit/test_bug885800.js
js/xpconnect/tests/unit/test_bug930091.js
js/xpconnect/tests/unit/test_bug961054.js
js/xpconnect/tests/unit/test_bug976151.js
js/xpconnect/tests/unit/test_bug_442086.js
js/xpconnect/tests/unit/test_callFunctionWithAsyncStack.js
js/xpconnect/tests/unit/test_components.js
js/xpconnect/tests/unit/test_crypto.js
js/xpconnect/tests/unit/test_css.js
js/xpconnect/tests/unit/test_deepFreezeClone.js
js/xpconnect/tests/unit/test_exportFunction.js
js/xpconnect/tests/unit/test_file.js
js/xpconnect/tests/unit/test_file2.js
js/xpconnect/tests/unit/test_fileReader.js
js/xpconnect/tests/unit/test_getObjectPrincipal.js
js/xpconnect/tests/unit/test_import.js
js/xpconnect/tests/unit/test_import_fail.js
js/xpconnect/tests/unit/test_interposition.js
js/xpconnect/tests/unit/test_isModuleLoaded.js
js/xpconnect/tests/unit/test_isProxy.js
js/xpconnect/tests/unit/test_js_weak_references.js
js/xpconnect/tests/unit/test_localeCompare.js
js/xpconnect/tests/unit/test_nuke_sandbox.js
js/xpconnect/tests/unit/test_onGarbageCollection-01.js
js/xpconnect/tests/unit/test_onGarbageCollection-02.js
js/xpconnect/tests/unit/test_onGarbageCollection-03.js
js/xpconnect/tests/unit/test_onGarbageCollection-04.js
js/xpconnect/tests/unit/test_onGarbageCollection-05.js
js/xpconnect/tests/unit/test_params.js
js/xpconnect/tests/unit/test_promise.js
js/xpconnect/tests/unit/test_recursive_import.js
js/xpconnect/tests/unit/test_reflect_parse.js
js/xpconnect/tests/unit/test_returncode.js
js/xpconnect/tests/unit/test_rtcIdentityProvider.js
js/xpconnect/tests/unit/test_sandbox_atob.js
js/xpconnect/tests/unit/test_sandbox_metadata.js
js/xpconnect/tests/unit/test_sandbox_name.js
js/xpconnect/tests/unit/test_tearoffs.js
js/xpconnect/tests/unit/test_textDecoder.js
js/xpconnect/tests/unit/test_unload.js
js/xpconnect/tests/unit/test_url.js
js/xpconnect/tests/unit/test_want_components.js
js/xpconnect/tests/unit/test_watchdog_default.js
js/xpconnect/tests/unit/test_watchdog_disable.js
js/xpconnect/tests/unit/test_watchdog_enable.js
js/xpconnect/tests/unit/test_watchdog_hibernate.js
js/xpconnect/tests/unit/test_watchdog_toggle.js
js/xpconnect/tests/unit/test_weak_keys.js
js/xpconnect/tests/unit/test_writeToGlobalPrototype.js
js/xpconnect/tests/unit/test_xpcomutils.js
js/xpconnect/tests/unit/test_xpcwn_tamperproof.js
js/xpconnect/tests/unit/test_xray_SavedFrame-02.js
js/xpconnect/tests/unit/test_xray_SavedFrame.js
js/xpconnect/tests/unit/test_xrayed_iterator.js
js/xpconnect/tests/unit/xpcshell.ini
js/xpconnect/tests/xpcshell.ini
js/xpconnect/wrappers/AccessCheck.cpp
js/xpconnect/wrappers/AccessCheck.h
js/xpconnect/wrappers/AddonWrapper.cpp
js/xpconnect/wrappers/AddonWrapper.h
js/xpconnect/wrappers/ChromeObjectWrapper.cpp
js/xpconnect/wrappers/ChromeObjectWrapper.h
js/xpconnect/wrappers/FilteringWrapper.cpp
js/xpconnect/wrappers/FilteringWrapper.h
js/xpconnect/wrappers/WaiveXrayWrapper.cpp
js/xpconnect/wrappers/WaiveXrayWrapper.h
js/xpconnect/wrappers/WrapperFactory.cpp
js/xpconnect/wrappers/WrapperFactory.h
js/xpconnect/wrappers/XrayWrapper.cpp
js/xpconnect/wrappers/XrayWrapper.h
js/xpconnect/wrappers/moz.build
mach
memory/build/Makefile.in
memory/build/jemalloc_config.cpp
memory/build/malloc_decls.h
memory/build/moz.build
memory/build/mozjemalloc_compat.c
memory/build/mozmemory.h
memory/build/mozmemory_wrap.c
memory/build/mozmemory_wrap.h
memory/build/replace_malloc.c
memory/build/replace_malloc.h
memory/build/replace_malloc_bridge.h
memory/fallible/fallible.cpp
memory/fallible/fallible.h
memory/fallible/moz.build
memory/jemalloc/README.mozilla
memory/jemalloc/helper/git
memory/jemalloc/moz.build
memory/jemalloc/src/COPYING
memory/jemalloc/src/ChangeLog
memory/jemalloc/src/INSTALL
memory/jemalloc/src/Makefile.in
memory/jemalloc/src/README
memory/jemalloc/src/VERSION
memory/jemalloc/src/autogen.sh
memory/jemalloc/src/bin/jemalloc-config.in
memory/jemalloc/src/bin/jemalloc.sh.in
memory/jemalloc/src/bin/jeprof.in
memory/jemalloc/src/config.guess
memory/jemalloc/src/config.stamp.in
memory/jemalloc/src/config.sub
memory/jemalloc/src/configure
memory/jemalloc/src/configure.ac
memory/jemalloc/src/coverage.sh
memory/jemalloc/src/doc/html.xsl.in
memory/jemalloc/src/doc/jemalloc.xml.in
memory/jemalloc/src/doc/manpages.xsl.in
memory/jemalloc/src/doc/stylesheet.xsl
memory/jemalloc/src/include/jemalloc/internal/arena.h
memory/jemalloc/src/include/jemalloc/internal/atomic.h
memory/jemalloc/src/include/jemalloc/internal/base.h
memory/jemalloc/src/include/jemalloc/internal/bitmap.h
memory/jemalloc/src/include/jemalloc/internal/chunk.h
memory/jemalloc/src/include/jemalloc/internal/chunk_dss.h
memory/jemalloc/src/include/jemalloc/internal/chunk_mmap.h
memory/jemalloc/src/include/jemalloc/internal/ckh.h
memory/jemalloc/src/include/jemalloc/internal/ctl.h
memory/jemalloc/src/include/jemalloc/internal/extent.h
memory/jemalloc/src/include/jemalloc/internal/hash.h
memory/jemalloc/src/include/jemalloc/internal/huge.h
memory/jemalloc/src/include/jemalloc/internal/jemalloc_internal.h.in
memory/jemalloc/src/include/jemalloc/internal/jemalloc_internal_decls.h
memory/jemalloc/src/include/jemalloc/internal/jemalloc_internal_defs.h.in
memory/jemalloc/src/include/jemalloc/internal/jemalloc_internal_macros.h
memory/jemalloc/src/include/jemalloc/internal/mb.h
memory/jemalloc/src/include/jemalloc/internal/mutex.h
memory/jemalloc/src/include/jemalloc/internal/pages.h
memory/jemalloc/src/include/jemalloc/internal/private_namespace.sh
memory/jemalloc/src/include/jemalloc/internal/private_symbols.txt
memory/jemalloc/src/include/jemalloc/internal/private_unnamespace.sh
memory/jemalloc/src/include/jemalloc/internal/prng.h
memory/jemalloc/src/include/jemalloc/internal/prof.h
memory/jemalloc/src/include/jemalloc/internal/public_namespace.sh
memory/jemalloc/src/include/jemalloc/internal/public_unnamespace.sh
memory/jemalloc/src/include/jemalloc/internal/ql.h
memory/jemalloc/src/include/jemalloc/internal/qr.h
memory/jemalloc/src/include/jemalloc/internal/quarantine.h
memory/jemalloc/src/include/jemalloc/internal/rb.h
memory/jemalloc/src/include/jemalloc/internal/rtree.h
memory/jemalloc/src/include/jemalloc/internal/size_classes.sh
memory/jemalloc/src/include/jemalloc/internal/stats.h
memory/jemalloc/src/include/jemalloc/internal/tcache.h
memory/jemalloc/src/include/jemalloc/internal/tsd.h
memory/jemalloc/src/include/jemalloc/internal/util.h
memory/jemalloc/src/include/jemalloc/internal/valgrind.h
memory/jemalloc/src/include/jemalloc/jemalloc.sh
memory/jemalloc/src/include/jemalloc/jemalloc_defs.h.in
memory/jemalloc/src/include/jemalloc/jemalloc_macros.h.in
memory/jemalloc/src/include/jemalloc/jemalloc_mangle.sh
memory/jemalloc/src/include/jemalloc/jemalloc_protos.h.in
memory/jemalloc/src/include/jemalloc/jemalloc_rename.sh
memory/jemalloc/src/include/jemalloc/jemalloc_typedefs.h.in
memory/jemalloc/src/include/msvc_compat/C99/stdbool.h
memory/jemalloc/src/include/msvc_compat/C99/stdint.h
memory/jemalloc/src/include/msvc_compat/strings.h
memory/jemalloc/src/include/msvc_compat/windows_extra.h
memory/jemalloc/src/install-sh
memory/jemalloc/src/jemalloc.pc.in
memory/jemalloc/src/src/arena.c
memory/jemalloc/src/src/atomic.c
memory/jemalloc/src/src/base.c
memory/jemalloc/src/src/bitmap.c
memory/jemalloc/src/src/chunk.c
memory/jemalloc/src/src/chunk_dss.c
memory/jemalloc/src/src/chunk_mmap.c
memory/jemalloc/src/src/ckh.c
memory/jemalloc/src/src/ctl.c
memory/jemalloc/src/src/extent.c
memory/jemalloc/src/src/hash.c
memory/jemalloc/src/src/huge.c
memory/jemalloc/src/src/jemalloc.c
memory/jemalloc/src/src/mb.c
memory/jemalloc/src/src/mutex.c
memory/jemalloc/src/src/pages.c
memory/jemalloc/src/src/prof.c
memory/jemalloc/src/src/quarantine.c
memory/jemalloc/src/src/rtree.c
memory/jemalloc/src/src/stats.c
memory/jemalloc/src/src/tcache.c
memory/jemalloc/src/src/tsd.c
memory/jemalloc/src/src/util.c
memory/jemalloc/src/src/valgrind.c
memory/jemalloc/src/src/zone.c
memory/jemalloc/src/test/include/test/SFMT-alti.h
memory/jemalloc/src/test/include/test/SFMT-params.h
memory/jemalloc/src/test/include/test/SFMT-params11213.h
memory/jemalloc/src/test/include/test/SFMT-params1279.h
memory/jemalloc/src/test/include/test/SFMT-params132049.h
memory/jemalloc/src/test/include/test/SFMT-params19937.h
memory/jemalloc/src/test/include/test/SFMT-params216091.h
memory/jemalloc/src/test/include/test/SFMT-params2281.h
memory/jemalloc/src/test/include/test/SFMT-params4253.h
memory/jemalloc/src/test/include/test/SFMT-params44497.h
memory/jemalloc/src/test/include/test/SFMT-params607.h
memory/jemalloc/src/test/include/test/SFMT-params86243.h
memory/jemalloc/src/test/include/test/SFMT-sse2.h
memory/jemalloc/src/test/include/test/SFMT.h
memory/jemalloc/src/test/include/test/btalloc.h
memory/jemalloc/src/test/include/test/jemalloc_test.h.in
memory/jemalloc/src/test/include/test/jemalloc_test_defs.h.in
memory/jemalloc/src/test/include/test/math.h
memory/jemalloc/src/test/include/test/mq.h
memory/jemalloc/src/test/include/test/mtx.h
memory/jemalloc/src/test/include/test/test.h
memory/jemalloc/src/test/include/test/thd.h
memory/jemalloc/src/test/include/test/timer.h
memory/jemalloc/src/test/integration/MALLOCX_ARENA.c
memory/jemalloc/src/test/integration/aligned_alloc.c
memory/jemalloc/src/test/integration/allocated.c
memory/jemalloc/src/test/integration/chunk.c
memory/jemalloc/src/test/integration/mallocx.c
memory/jemalloc/src/test/integration/overflow.c
memory/jemalloc/src/test/integration/posix_memalign.c
memory/jemalloc/src/test/integration/rallocx.c
memory/jemalloc/src/test/integration/sdallocx.c
memory/jemalloc/src/test/integration/thread_arena.c
memory/jemalloc/src/test/integration/thread_tcache_enabled.c
memory/jemalloc/src/test/integration/xallocx.c
memory/jemalloc/src/test/src/SFMT.c
memory/jemalloc/src/test/src/btalloc.c
memory/jemalloc/src/test/src/btalloc_0.c
memory/jemalloc/src/test/src/btalloc_1.c
memory/jemalloc/src/test/src/math.c
memory/jemalloc/src/test/src/mq.c
memory/jemalloc/src/test/src/mtx.c
memory/jemalloc/src/test/src/test.c
memory/jemalloc/src/test/src/thd.c
memory/jemalloc/src/test/src/timer.c
memory/jemalloc/src/test/stress/microbench.c
memory/jemalloc/src/test/test.sh.in
memory/jemalloc/src/test/unit/SFMT.c
memory/jemalloc/src/test/unit/atomic.c
memory/jemalloc/src/test/unit/bitmap.c
memory/jemalloc/src/test/unit/ckh.c
memory/jemalloc/src/test/unit/hash.c
memory/jemalloc/src/test/unit/junk.c
memory/jemalloc/src/test/unit/junk_alloc.c
memory/jemalloc/src/test/unit/junk_free.c
memory/jemalloc/src/test/unit/lg_chunk.c
memory/jemalloc/src/test/unit/mallctl.c
memory/jemalloc/src/test/unit/math.c
memory/jemalloc/src/test/unit/mq.c
memory/jemalloc/src/test/unit/mtx.c
memory/jemalloc/src/test/unit/prof_accum.c
memory/jemalloc/src/test/unit/prof_active.c
memory/jemalloc/src/test/unit/prof_gdump.c
memory/jemalloc/src/test/unit/prof_idump.c
memory/jemalloc/src/test/unit/prof_reset.c
memory/jemalloc/src/test/unit/prof_thread_name.c
memory/jemalloc/src/test/unit/ql.c
memory/jemalloc/src/test/unit/qr.c
memory/jemalloc/src/test/unit/quarantine.c
memory/jemalloc/src/test/unit/rb.c
memory/jemalloc/src/test/unit/rtree.c
memory/jemalloc/src/test/unit/size_classes.c
memory/jemalloc/src/test/unit/stats.c
memory/jemalloc/src/test/unit/tsd.c
memory/jemalloc/src/test/unit/util.c
memory/jemalloc/src/test/unit/zero.c
memory/jemalloc/update.sh
memory/jemalloc/upstream.info
memory/moz.build
memory/mozalloc/moz.build
memory/mozalloc/mozalloc.cpp
memory/mozalloc/mozalloc.h
memory/mozalloc/mozalloc_abort.cpp
memory/mozalloc/mozalloc_abort.h
memory/mozalloc/mozalloc_oom.cpp
memory/mozalloc/mozalloc_oom.h
memory/mozalloc/msvc_raise_wrappers.cpp
memory/mozalloc/msvc_raise_wrappers.h
memory/mozalloc/staticruntime/moz.build
memory/mozalloc/throw_gcc.h
memory/mozalloc/throw_msvc.h
memory/mozjemalloc/Makefile.in
memory/mozjemalloc/jemalloc.c
memory/mozjemalloc/jemalloc_types.h
memory/mozjemalloc/linkedlist.h
memory/mozjemalloc/moz.build
memory/mozjemalloc/osx_zone_types.h
memory/mozjemalloc/ql.h
memory/mozjemalloc/qr.h
memory/mozjemalloc/rb.h
memory/replace/dmd/DMD.cpp
memory/replace/dmd/DMD.h
memory/replace/dmd/README
memory/replace/dmd/block_analyzer.py
memory/replace/dmd/dmd.py
memory/replace/dmd/moz.build
memory/replace/dmd/test/SmokeDMD.cpp
memory/replace/dmd/test/basic-scan-32-expected.txt
memory/replace/dmd/test/basic-scan-64-expected.txt
memory/replace/dmd/test/full-empty-cumulative-expected.txt
memory/replace/dmd/test/full-empty-dark-matter-expected.txt
memory/replace/dmd/test/full-empty-live-expected.txt
memory/replace/dmd/test/full-sampled-live-expected.txt
memory/replace/dmd/test/full-unsampled1-dark-matter-expected.txt
memory/replace/dmd/test/full-unsampled1-live-expected.txt
memory/replace/dmd/test/full-unsampled2-cumulative-expected.txt
memory/replace/dmd/test/full-unsampled2-dark-matter-expected.txt
memory/replace/dmd/test/moz.build
memory/replace/dmd/test/scan-test.py
memory/replace/dmd/test/script-diff-dark-matter-expected.txt
memory/replace/dmd/test/script-diff-dark-matter1.json
memory/replace/dmd/test/script-diff-dark-matter2.json
memory/replace/dmd/test/script-diff-live-expected.txt
memory/replace/dmd/test/script-diff-live1.json
memory/replace/dmd/test/script-diff-live2.json
memory/replace/dmd/test/script-ignore-alloc-fns-expected.txt
memory/replace/dmd/test/script-ignore-alloc-fns.json
memory/replace/dmd/test/script-max-frames-1-expected.txt
memory/replace/dmd/test/script-max-frames-3-expected.txt
memory/replace/dmd/test/script-max-frames-8-expected.txt
memory/replace/dmd/test/script-max-frames.json
memory/replace/dmd/test/script-sort-by-num-blocks-expected.txt
memory/replace/dmd/test/script-sort-by-req-expected.txt
memory/replace/dmd/test/script-sort-by-slop-expected.txt
memory/replace/dmd/test/script-sort-by-usable-expected.txt
memory/replace/dmd/test/script-sort-by.json.gz
memory/replace/dmd/test/test_dmd.js
memory/replace/dmd/test/xpcshell.ini
memory/replace/dummy/dummy_replace_malloc.c
memory/replace/dummy/moz.build
memory/replace/jemalloc/Makefile.in
memory/replace/jemalloc/moz.build
memory/replace/jemalloc/pthread_atfork.c
memory/replace/logalloc/FdPrintf.cpp
memory/replace/logalloc/FdPrintf.h
memory/replace/logalloc/LogAlloc.cpp
memory/replace/logalloc/Makefile.in
memory/replace/logalloc/README
memory/replace/logalloc/moz.build
memory/replace/logalloc/replay/Makefile.in
memory/replace/logalloc/replay/Replay.cpp
memory/replace/logalloc/replay/logalloc_munge.py
memory/replace/logalloc/replay/moz.build
memory/replace/logalloc/replay/replay.log
memory/replace/moz.build
memory/replace/replace/ReplaceMalloc.cpp
memory/replace/replace/moz.build
memory/volatile/VolatileBuffer.h
memory/volatile/VolatileBufferAshmem.cpp
memory/volatile/VolatileBufferFallback.cpp
memory/volatile/VolatileBufferOSX.cpp
memory/volatile/VolatileBufferWindows.cpp
memory/volatile/moz.build
memory/volatile/tests/TestVolatileBuffer.cpp
memory/volatile/tests/moz.build
mfbt/Alignment.h
mfbt/AllocPolicy.h
mfbt/AlreadyAddRefed.h
mfbt/Array.h
mfbt/ArrayUtils.h
mfbt/Assertions.h
mfbt/Atomics.h
mfbt/Attributes.h
mfbt/BinarySearch.h
mfbt/BloomFilter.h
mfbt/Casting.h
mfbt/ChaosMode.cpp
mfbt/ChaosMode.h
mfbt/Char16.h
mfbt/CheckedInt.h
mfbt/Compiler.h
mfbt/Compression.cpp
mfbt/Compression.h
mfbt/DebugOnly.h
mfbt/Endian.h
mfbt/EnumSet.h
mfbt/EnumeratedArray.h
mfbt/EnumeratedRange.h
mfbt/FastBernoulliTrial.h
mfbt/FloatingPoint.cpp
mfbt/FloatingPoint.h
mfbt/Function.h
mfbt/GuardObjects.h
mfbt/HashFunctions.cpp
mfbt/HashFunctions.h
mfbt/IndexSequence.h
mfbt/IntegerPrintfMacros.h
mfbt/IntegerRange.h
mfbt/IntegerTypeTraits.h
mfbt/JSONWriter.cpp
mfbt/JSONWriter.h
mfbt/Likely.h
mfbt/LinkedList.h
mfbt/LinuxSignal.h
mfbt/MacroArgs.h
mfbt/MacroForEach.h
mfbt/MathAlgorithms.h
mfbt/Maybe.h
mfbt/MaybeOneOf.h
mfbt/MemoryChecking.h
mfbt/MemoryReporting.h
mfbt/Move.h
mfbt/NullPtr.h
mfbt/NumericLimits.h
mfbt/Opaque.h
mfbt/Pair.h
mfbt/PodOperations.h
mfbt/Poison.cpp
mfbt/Poison.h
mfbt/Range.h
mfbt/RangedArray.h
mfbt/RangedPtr.h
mfbt/ReentrancyGuard.h
mfbt/RefCountType.h
mfbt/RefCounted.h
mfbt/RefPtr.h
mfbt/ReverseIterator.h
mfbt/RollingMean.h
mfbt/SHA1.cpp
mfbt/SHA1.h
mfbt/STYLE
mfbt/ScopeExit.h
mfbt/Scoped.h
mfbt/SegmentedVector.h
mfbt/SizePrintfMacros.h
mfbt/Snprintf.h
mfbt/SplayTree.h
mfbt/TaggedAnonymousMemory.cpp
mfbt/TaggedAnonymousMemory.h
mfbt/TemplateLib.h
mfbt/ThreadLocal.h
mfbt/ToString.h
mfbt/Tuple.h
mfbt/TypeTraits.h
mfbt/TypedEnumBits.h
mfbt/Types.h
mfbt/UniquePtr.h
mfbt/UniquePtrExtensions.h
mfbt/Variant.h
mfbt/Vector.h
mfbt/WeakPtr.h
mfbt/WindowsVersion.h
mfbt/XorShift128PlusRNG.h
mfbt/decimal/Decimal.cpp
mfbt/decimal/Decimal.h
mfbt/decimal/LICENSE-APPLE
mfbt/decimal/LICENSE-LGPL-2
mfbt/decimal/LICENSE-LGPL-2.1
mfbt/decimal/comparison-with-nan.patch
mfbt/decimal/fix-wshadow-warnings.patch
mfbt/decimal/floor-ceiling.patch
mfbt/decimal/mfbt-abi-markers.patch
mfbt/decimal/moz-decimal-utils.h
mfbt/decimal/to-moz-dependencies.patch
mfbt/decimal/update.sh
mfbt/decimal/zero-serialization.patch
mfbt/double-conversion/LICENSE
mfbt/double-conversion/README
mfbt/double-conversion/ToPrecision-exponential.patch
mfbt/double-conversion/add-mfbt-api-markers.patch
mfbt/double-conversion/bignum-dtoa.cc
mfbt/double-conversion/bignum-dtoa.h
mfbt/double-conversion/bignum.cc
mfbt/double-conversion/bignum.h
mfbt/double-conversion/cached-powers.cc
mfbt/double-conversion/cached-powers.h
mfbt/double-conversion/diy-fp.cc
mfbt/double-conversion/diy-fp.h
mfbt/double-conversion/double-conversion.cc
mfbt/double-conversion/double-conversion.h
mfbt/double-conversion/fast-dtoa.cc
mfbt/double-conversion/fast-dtoa.h
mfbt/double-conversion/fixed-dtoa.cc
mfbt/double-conversion/fixed-dtoa.h
mfbt/double-conversion/ieee.h
mfbt/double-conversion/strtod.cc
mfbt/double-conversion/strtod.h
mfbt/double-conversion/update.sh
mfbt/double-conversion/use-StandardInteger.patch
mfbt/double-conversion/use-mozilla-assertions.patch
mfbt/double-conversion/use-static_assert.patch
mfbt/double-conversion/utils.h
mfbt/lz4.c
mfbt/lz4.h
mfbt/moz.build
mfbt/objs.mozbuild
mfbt/staticruntime/moz.build
mfbt/tests/TestArrayUtils.cpp
mfbt/tests/TestAtomics.cpp
mfbt/tests/TestBinarySearch.cpp
mfbt/tests/TestBloomFilter.cpp
mfbt/tests/TestCasting.cpp
mfbt/tests/TestCeilingFloor.cpp
mfbt/tests/TestCheckedInt.cpp
mfbt/tests/TestCountPopulation.cpp
mfbt/tests/TestCountZeroes.cpp
mfbt/tests/TestEndian.cpp
mfbt/tests/TestEnumSet.cpp
mfbt/tests/TestFastBernoulliTrial.cpp
mfbt/tests/TestFloatingPoint.cpp
mfbt/tests/TestFunction.cpp
mfbt/tests/TestIntegerPrintfMacros.cpp
mfbt/tests/TestIntegerRange.cpp
mfbt/tests/TestJSONWriter.cpp
mfbt/tests/TestLinkedList.cpp
mfbt/tests/TestMacroArgs.cpp
mfbt/tests/TestMacroForEach.cpp
mfbt/tests/TestMathAlgorithms.cpp
mfbt/tests/TestMaybe.cpp
mfbt/tests/TestPair.cpp
mfbt/tests/TestPoisonArea.cpp
mfbt/tests/TestRefPtr.cpp
mfbt/tests/TestRollingMean.cpp
mfbt/tests/TestSHA1.cpp
mfbt/tests/TestScopeExit.cpp
mfbt/tests/TestSegmentedVector.cpp
mfbt/tests/TestSplayTree.cpp
mfbt/tests/TestTemplateLib.cpp
mfbt/tests/TestTuple.cpp
mfbt/tests/TestTypeTraits.cpp
mfbt/tests/TestTypedEnum.cpp
mfbt/tests/TestUniquePtr.cpp
mfbt/tests/TestVariant.cpp
mfbt/tests/TestVector.cpp
mfbt/tests/TestWeakPtr.cpp
mfbt/tests/TestXorShift128PlusRNG.cpp
mfbt/tests/moz.build
mfbt/unused.cpp
mfbt/unused.h
moz.build
mozglue/android/APKOpen.cpp
mozglue/android/APKOpen.h
mozglue/android/Makefile.in
mozglue/android/NSSBridge.cpp
mozglue/android/NSSBridge.h
mozglue/android/NativeCrypto.cpp
mozglue/android/NativeCrypto.h
mozglue/android/SQLiteBridge.cpp
mozglue/android/SQLiteBridge.h
mozglue/android/jni-stubs.inc
mozglue/android/moz.build
mozglue/android/nsGeckoUtils.cpp
mozglue/android/pbkdf2_sha256.c
mozglue/android/pbkdf2_sha256.h
mozglue/build/AsanOptions.cpp
mozglue/build/BionicGlue.cpp
mozglue/build/Makefile.in
mozglue/build/Nuwa.cpp
mozglue/build/Nuwa.h
mozglue/build/SSE.cpp
mozglue/build/SSE.h
mozglue/build/WindowsDllBlocklist.cpp
mozglue/build/WindowsDllBlocklist.h
mozglue/build/arm-eabi-filter
mozglue/build/arm.cpp
mozglue/build/arm.h
mozglue/build/cpuacct.c
mozglue/build/cpuacct.h
mozglue/build/dummy.cpp
mozglue/build/moz.build
mozglue/build/mozglue.def.in
mozglue/build/replace_malloc.mk
mozglue/crt/Makefile.in
mozglue/crt/fixcrt.py
mozglue/crt/moz.build
mozglue/linker/BaseElf.cpp
mozglue/linker/BaseElf.h
mozglue/linker/CustomElf.cpp
mozglue/linker/CustomElf.h
mozglue/linker/ElfLoader.cpp
mozglue/linker/ElfLoader.h
mozglue/linker/Elfxx.h
mozglue/linker/Logging.h
mozglue/linker/Mappable.cpp
mozglue/linker/Mappable.h
mozglue/linker/SeekableZStream.cpp
mozglue/linker/SeekableZStream.h
mozglue/linker/Utils.h
mozglue/linker/Zip.cpp
mozglue/linker/Zip.h
mozglue/linker/dladdr.h
mozglue/linker/moz.build
mozglue/linker/szip.cpp
mozglue/linker/tests/Makefile.in
mozglue/linker/tests/TestZip.cpp
mozglue/linker/tests/moz.build
mozglue/linker/tests/no_central_dir.zip
mozglue/linker/tests/test.zip
mozglue/misc/StackWalk.cpp
mozglue/misc/StackWalk.h
mozglue/misc/TimeStamp.cpp
mozglue/misc/TimeStamp.h
mozglue/misc/TimeStamp_darwin.cpp
mozglue/misc/TimeStamp_posix.cpp
mozglue/misc/TimeStamp_windows.cpp
mozglue/misc/TimeStamp_windows.h
mozglue/misc/moz.build
mozglue/moz.build
mozglue/tests/ShowSSEConfig.cpp
mozglue/tests/moz.build
mozilla-config.h.in
nsprpub/.cvsignore
nsprpub/104FX-README
nsprpub/LICENSE
nsprpub/Makefile.in
nsprpub/TAG-INFO
nsprpub/admin/explode.pl
nsprpub/admin/makeTargetDirs.sh
nsprpub/admin/symlinks.sh
nsprpub/automation/release/nspr-release-helper.py
nsprpub/build/autoconf/README
nsprpub/build/autoconf/config.guess
nsprpub/build/autoconf/config.sub
nsprpub/build/autoconf/install-sh
nsprpub/build/autoconf/patches/config.sub.patch
nsprpub/build/cygwin-wrapper
nsprpub/build/win32/pgomerge.py
nsprpub/config/.cvsignore
nsprpub/config/Makefile.in
nsprpub/config/autoconf.mk.in
nsprpub/config/config.mk
nsprpub/config/gcc_hidden.h
nsprpub/config/libc_r.h
nsprpub/config/make-system-wrappers.pl
nsprpub/config/nfspwd.pl
nsprpub/config/now.c
nsprpub/config/nsinstall.c
nsprpub/config/nspr-config.in
nsprpub/config/nspr.m4
nsprpub/config/nspr.pc.in
nsprpub/config/nsprincl.mk.in
nsprpub/config/nsprincl.sh.in
nsprpub/config/pathsub.h
nsprpub/config/prdepend.h
nsprpub/config/rules.mk
nsprpub/config/system-headers
nsprpub/configure
nsprpub/configure.in
nsprpub/lib/.cvsignore
nsprpub/lib/Makefile.in
nsprpub/lib/ds/.cvsignore
nsprpub/lib/ds/Makefile.in
nsprpub/lib/ds/plarena.c
nsprpub/lib/ds/plarena.h
nsprpub/lib/ds/plarenas.h
nsprpub/lib/ds/plds.def
nsprpub/lib/ds/plds.rc
nsprpub/lib/ds/plhash.c
nsprpub/lib/ds/plhash.h
nsprpub/lib/ds/plvrsion.c
nsprpub/lib/libc/.cvsignore
nsprpub/lib/libc/Makefile.in
nsprpub/lib/libc/README
nsprpub/lib/libc/include/.cvsignore
nsprpub/lib/libc/include/Makefile.in
nsprpub/lib/libc/include/README
nsprpub/lib/libc/include/plbase64.h
nsprpub/lib/libc/include/plerror.h
nsprpub/lib/libc/include/plgetopt.h
nsprpub/lib/libc/include/plstr.h
nsprpub/lib/libc/include/plvmx.h
nsprpub/lib/libc/src/.cvsignore
nsprpub/lib/libc/src/Makefile.in
nsprpub/lib/libc/src/README
nsprpub/lib/libc/src/base64.c
nsprpub/lib/libc/src/plc.def
nsprpub/lib/libc/src/plc.rc
nsprpub/lib/libc/src/plerror.c
nsprpub/lib/libc/src/plgetopt.c
nsprpub/lib/libc/src/plvmx.c
nsprpub/lib/libc/src/plvrsion.c
nsprpub/lib/libc/src/strcase.c
nsprpub/lib/libc/src/strcat.c
nsprpub/lib/libc/src/strchr.c
nsprpub/lib/libc/src/strcmp.c
nsprpub/lib/libc/src/strcpy.c
nsprpub/lib/libc/src/strdup.c
nsprpub/lib/libc/src/strlen.c
nsprpub/lib/libc/src/strpbrk.c
nsprpub/lib/libc/src/strstr.c
nsprpub/lib/libc/src/strtok.c
nsprpub/lib/libc/src/vmx_haschr.S
nsprpub/lib/libc/src/vmx_memchr.S
nsprpub/lib/libc/src/vmx_strchr.S
nsprpub/lib/prstreams/.cvsignore
nsprpub/lib/prstreams/Makefile.in
nsprpub/lib/prstreams/plvrsion.c
nsprpub/lib/prstreams/prstrms.cpp
nsprpub/lib/prstreams/prstrms.h
nsprpub/lib/prstreams/prstrms.rc
nsprpub/lib/prstreams/tests/testprstrm/.cvsignore
nsprpub/lib/prstreams/tests/testprstrm/Makefile.in
nsprpub/lib/prstreams/tests/testprstrm/testprstrm.cpp
nsprpub/lib/tests/.cvsignore
nsprpub/lib/tests/Makefile.in
nsprpub/lib/tests/arena.c
nsprpub/lib/tests/base64t.c
nsprpub/lib/tests/getopt.c
nsprpub/lib/tests/string.c
nsprpub/pkg/Makefile.in
nsprpub/pkg/linux/Makefile.in
nsprpub/pkg/linux/sun-nspr.spec
nsprpub/pkg/solaris/Makefile-devl.com
nsprpub/pkg/solaris/Makefile-devl.targ
nsprpub/pkg/solaris/Makefile.com
nsprpub/pkg/solaris/Makefile.in
nsprpub/pkg/solaris/Makefile.targ
nsprpub/pkg/solaris/SUNWpr/Makefile.in
nsprpub/pkg/solaris/SUNWpr/depend
nsprpub/pkg/solaris/SUNWpr/pkginfo.tmpl
nsprpub/pkg/solaris/SUNWpr/prototype_com
nsprpub/pkg/solaris/SUNWpr/prototype_i386
nsprpub/pkg/solaris/SUNWpr/prototype_sparc
nsprpub/pkg/solaris/SUNWprd/Makefile.in
nsprpub/pkg/solaris/SUNWprd/depend
nsprpub/pkg/solaris/SUNWprd/pkginfo.tmpl
nsprpub/pkg/solaris/SUNWprd/prototype
nsprpub/pkg/solaris/bld_awk_pkginfo.ksh
nsprpub/pkg/solaris/common_files/copyright
nsprpub/pkg/solaris/proto64.mk
nsprpub/pr/.cvsignore
nsprpub/pr/Makefile.in
nsprpub/pr/include/.cvsignore
nsprpub/pr/include/Makefile.in
nsprpub/pr/include/gencfg.c
nsprpub/pr/include/md/.cvsignore
nsprpub/pr/include/md/Makefile.in
nsprpub/pr/include/md/_aix.h
nsprpub/pr/include/md/_aix32.cfg
nsprpub/pr/include/md/_aix64.cfg
nsprpub/pr/include/md/_beos.cfg
nsprpub/pr/include/md/_beos.h
nsprpub/pr/include/md/_bsdi.cfg
nsprpub/pr/include/md/_bsdi.h
nsprpub/pr/include/md/_darwin.cfg
nsprpub/pr/include/md/_darwin.h
nsprpub/pr/include/md/_dgux.cfg
nsprpub/pr/include/md/_dgux.h
nsprpub/pr/include/md/_freebsd.cfg
nsprpub/pr/include/md/_freebsd.h
nsprpub/pr/include/md/_hpux.h
nsprpub/pr/include/md/_hpux32.cfg
nsprpub/pr/include/md/_hpux64.cfg
nsprpub/pr/include/md/_irix.h
nsprpub/pr/include/md/_irix32.cfg
nsprpub/pr/include/md/_irix64.cfg
nsprpub/pr/include/md/_linux.cfg
nsprpub/pr/include/md/_linux.h
nsprpub/pr/include/md/_netbsd.cfg
nsprpub/pr/include/md/_netbsd.h
nsprpub/pr/include/md/_nspr_pthread.h
nsprpub/pr/include/md/_nto.cfg
nsprpub/pr/include/md/_nto.h
nsprpub/pr/include/md/_openbsd.cfg
nsprpub/pr/include/md/_openbsd.h
nsprpub/pr/include/md/_os2.cfg
nsprpub/pr/include/md/_os2.h
nsprpub/pr/include/md/_os2_errors.h
nsprpub/pr/include/md/_osf1.cfg
nsprpub/pr/include/md/_osf1.h
nsprpub/pr/include/md/_pcos.h
nsprpub/pr/include/md/_pth.h
nsprpub/pr/include/md/_qnx.cfg
nsprpub/pr/include/md/_qnx.h
nsprpub/pr/include/md/_riscos.cfg
nsprpub/pr/include/md/_riscos.h
nsprpub/pr/include/md/_scoos.cfg
nsprpub/pr/include/md/_scoos.h
nsprpub/pr/include/md/_solaris.cfg
nsprpub/pr/include/md/_solaris.h
nsprpub/pr/include/md/_symbian.cfg
nsprpub/pr/include/md/_symbian.h
nsprpub/pr/include/md/_unix_errors.h
nsprpub/pr/include/md/_unixos.h
nsprpub/pr/include/md/_unixware.cfg
nsprpub/pr/include/md/_unixware.h
nsprpub/pr/include/md/_unixware7.cfg
nsprpub/pr/include/md/_win32_errors.h
nsprpub/pr/include/md/_win95.cfg
nsprpub/pr/include/md/_win95.h
nsprpub/pr/include/md/_winnt.cfg
nsprpub/pr/include/md/_winnt.h
nsprpub/pr/include/md/prosdep.h
nsprpub/pr/include/nspr.h
nsprpub/pr/include/obsolete/.cvsignore
nsprpub/pr/include/obsolete/Makefile.in
nsprpub/pr/include/obsolete/pralarm.h
nsprpub/pr/include/obsolete/probslet.h
nsprpub/pr/include/obsolete/protypes.h
nsprpub/pr/include/obsolete/prsem.h
nsprpub/pr/include/pratom.h
nsprpub/pr/include/prbit.h
nsprpub/pr/include/prclist.h
nsprpub/pr/include/prcmon.h
nsprpub/pr/include/prcountr.h
nsprpub/pr/include/prcvar.h
nsprpub/pr/include/prdtoa.h
nsprpub/pr/include/prenv.h
nsprpub/pr/include/prerr.h
nsprpub/pr/include/prerror.h
nsprpub/pr/include/prinet.h
nsprpub/pr/include/prinit.h
nsprpub/pr/include/prinrval.h
nsprpub/pr/include/prio.h
nsprpub/pr/include/pripcsem.h
nsprpub/pr/include/private/.cvsignore
nsprpub/pr/include/private/Makefile.in
nsprpub/pr/include/private/pprio.h
nsprpub/pr/include/private/pprmwait.h
nsprpub/pr/include/private/pprthred.h
nsprpub/pr/include/private/primpl.h
nsprpub/pr/include/private/prpriv.h
nsprpub/pr/include/prlink.h
nsprpub/pr/include/prlock.h
nsprpub/pr/include/prlog.h
nsprpub/pr/include/prlong.h
nsprpub/pr/include/prmem.h
nsprpub/pr/include/prmon.h
nsprpub/pr/include/prmwait.h
nsprpub/pr/include/prnetdb.h
nsprpub/pr/include/prolock.h
nsprpub/pr/include/prpdce.h
nsprpub/pr/include/prprf.h
nsprpub/pr/include/prproces.h
nsprpub/pr/include/prrng.h
nsprpub/pr/include/prrwlock.h
nsprpub/pr/include/prshm.h
nsprpub/pr/include/prshma.h
nsprpub/pr/include/prsystem.h
nsprpub/pr/include/prthread.h
nsprpub/pr/include/prtime.h
nsprpub/pr/include/prtpool.h
nsprpub/pr/include/prtrace.h
nsprpub/pr/include/prtypes.h
nsprpub/pr/include/prvrsion.h
nsprpub/pr/include/prwin16.h
nsprpub/pr/src/.cvsignore
nsprpub/pr/src/Makefile.in
nsprpub/pr/src/bthreads/.cvsignore
nsprpub/pr/src/bthreads/Makefile.in
nsprpub/pr/src/bthreads/bsrcs.mk
nsprpub/pr/src/bthreads/btcvar.c
nsprpub/pr/src/bthreads/btlocks.c
nsprpub/pr/src/bthreads/btmisc.c
nsprpub/pr/src/bthreads/btmon.c
nsprpub/pr/src/bthreads/btsem.c
nsprpub/pr/src/bthreads/btthread.c
nsprpub/pr/src/bthreads/objs.mk
nsprpub/pr/src/cplus/.cvsignore
nsprpub/pr/src/cplus/Makefile.in
nsprpub/pr/src/cplus/rcascii.h
nsprpub/pr/src/cplus/rcbase.cpp
nsprpub/pr/src/cplus/rcbase.h
nsprpub/pr/src/cplus/rccv.cpp
nsprpub/pr/src/cplus/rccv.h
nsprpub/pr/src/cplus/rcfileio.cpp
nsprpub/pr/src/cplus/rcfileio.h
nsprpub/pr/src/cplus/rcinrval.cpp
nsprpub/pr/src/cplus/rcinrval.h
nsprpub/pr/src/cplus/rcio.cpp
nsprpub/pr/src/cplus/rcio.h
nsprpub/pr/src/cplus/rclock.cpp
nsprpub/pr/src/cplus/rclock.h
nsprpub/pr/src/cplus/rcmon.h
nsprpub/pr/src/cplus/rcnetdb.cpp
nsprpub/pr/src/cplus/rcnetdb.h
nsprpub/pr/src/cplus/rcnetio.cpp
nsprpub/pr/src/cplus/rcnetio.h
nsprpub/pr/src/cplus/rcthread.cpp
nsprpub/pr/src/cplus/rcthread.h
nsprpub/pr/src/cplus/rctime.cpp
nsprpub/pr/src/cplus/rctime.h
nsprpub/pr/src/cplus/tests/.cvsignore
nsprpub/pr/src/cplus/tests/Makefile.in
nsprpub/pr/src/cplus/tests/fileio.cpp
nsprpub/pr/src/cplus/tests/interval.cpp
nsprpub/pr/src/cplus/tests/ranfile.cpp
nsprpub/pr/src/cplus/tests/switch.cpp
nsprpub/pr/src/cplus/tests/thread.cpp
nsprpub/pr/src/cplus/tests/time.cpp
nsprpub/pr/src/cplus/tests/tpd.cpp
nsprpub/pr/src/io/.cvsignore
nsprpub/pr/src/io/Makefile.in
nsprpub/pr/src/io/prdir.c
nsprpub/pr/src/io/prfdcach.c
nsprpub/pr/src/io/prfile.c
nsprpub/pr/src/io/prio.c
nsprpub/pr/src/io/priometh.c
nsprpub/pr/src/io/pripv6.c
nsprpub/pr/src/io/prlayer.c
nsprpub/pr/src/io/prlog.c
nsprpub/pr/src/io/prmapopt.c
nsprpub/pr/src/io/prmmap.c
nsprpub/pr/src/io/prmwait.c
nsprpub/pr/src/io/prpolevt.c
nsprpub/pr/src/io/prprf.c
nsprpub/pr/src/io/prscanf.c
nsprpub/pr/src/io/prsocket.c
nsprpub/pr/src/io/prstdio.c
nsprpub/pr/src/linking/.cvsignore
nsprpub/pr/src/linking/Makefile.in
nsprpub/pr/src/linking/prlink.c
nsprpub/pr/src/malloc/.cvsignore
nsprpub/pr/src/malloc/Makefile.in
nsprpub/pr/src/malloc/prmalloc.c
nsprpub/pr/src/malloc/prmem.c
nsprpub/pr/src/md/.cvsignore
nsprpub/pr/src/md/Makefile.in
nsprpub/pr/src/md/beos/.cvsignore
nsprpub/pr/src/md/beos/Makefile.in
nsprpub/pr/src/md/beos/bcpu.c
nsprpub/pr/src/md/beos/beos.c
nsprpub/pr/src/md/beos/beos_errors.c
nsprpub/pr/src/md/beos/bfile.c
nsprpub/pr/src/md/beos/bmemory.c
nsprpub/pr/src/md/beos/bmisc.c
nsprpub/pr/src/md/beos/bmmap.c
nsprpub/pr/src/md/beos/bnet.c
nsprpub/pr/src/md/beos/bproc.c
nsprpub/pr/src/md/beos/brng.c
nsprpub/pr/src/md/beos/bseg.c
nsprpub/pr/src/md/beos/bsrcs.mk
nsprpub/pr/src/md/beos/btime.c
nsprpub/pr/src/md/beos/objs.mk
nsprpub/pr/src/md/os2/.cvsignore
nsprpub/pr/src/md/os2/Makefile.in
nsprpub/pr/src/md/os2/objs.mk
nsprpub/pr/src/md/os2/os2_errors.c
nsprpub/pr/src/md/os2/os2cv.c
nsprpub/pr/src/md/os2/os2emx.s
nsprpub/pr/src/md/os2/os2gc.c
nsprpub/pr/src/md/os2/os2inrval.c
nsprpub/pr/src/md/os2/os2io.c
nsprpub/pr/src/md/os2/os2misc.c
nsprpub/pr/src/md/os2/os2poll.c
nsprpub/pr/src/md/os2/os2rng.c
nsprpub/pr/src/md/os2/os2sem.c
nsprpub/pr/src/md/os2/os2sock.c
nsprpub/pr/src/md/os2/os2thred.c
nsprpub/pr/src/md/os2/os2vaclegacy.s
nsprpub/pr/src/md/prosdep.c
nsprpub/pr/src/md/unix/.cvsignore
nsprpub/pr/src/md/unix/Makefile.in
nsprpub/pr/src/md/unix/aix.c
nsprpub/pr/src/md/unix/aixwrap.c
nsprpub/pr/src/md/unix/bsdi.c
nsprpub/pr/src/md/unix/darwin.c
nsprpub/pr/src/md/unix/dgux.c
nsprpub/pr/src/md/unix/freebsd.c
nsprpub/pr/src/md/unix/hpux.c
nsprpub/pr/src/md/unix/irix.c
nsprpub/pr/src/md/unix/linux.c
nsprpub/pr/src/md/unix/netbsd.c
nsprpub/pr/src/md/unix/nto.c
nsprpub/pr/src/md/unix/objs.mk
nsprpub/pr/src/md/unix/openbsd.c
nsprpub/pr/src/md/unix/os_AIX.s
nsprpub/pr/src/md/unix/os_BSD_386_2.s
nsprpub/pr/src/md/unix/os_Darwin.s
nsprpub/pr/src/md/unix/os_Darwin_ppc.s
nsprpub/pr/src/md/unix/os_Darwin_x86.s
nsprpub/pr/src/md/unix/os_Darwin_x86_64.s
nsprpub/pr/src/md/unix/os_HPUX.s
nsprpub/pr/src/md/unix/os_HPUX_ia64.s
nsprpub/pr/src/md/unix/os_Irix.s
nsprpub/pr/src/md/unix/os_Linux_ia64.s
nsprpub/pr/src/md/unix/os_Linux_ppc.s
nsprpub/pr/src/md/unix/os_Linux_x86.s
nsprpub/pr/src/md/unix/os_Linux_x86_64.s
nsprpub/pr/src/md/unix/os_SunOS_sparcv9.s
nsprpub/pr/src/md/unix/os_SunOS_ultrasparc.s
nsprpub/pr/src/md/unix/os_SunOS_x86.s
nsprpub/pr/src/md/unix/os_SunOS_x86_64.s
nsprpub/pr/src/md/unix/osf1.c
nsprpub/pr/src/md/unix/pthreads_user.c
nsprpub/pr/src/md/unix/qnx.c
nsprpub/pr/src/md/unix/riscos.c
nsprpub/pr/src/md/unix/scoos.c
nsprpub/pr/src/md/unix/solaris.c
nsprpub/pr/src/md/unix/symbian.c
nsprpub/pr/src/md/unix/unix.c
nsprpub/pr/src/md/unix/unix_errors.c
nsprpub/pr/src/md/unix/unixware.c
nsprpub/pr/src/md/unix/uxpoll.c
nsprpub/pr/src/md/unix/uxproces.c
nsprpub/pr/src/md/unix/uxrng.c
nsprpub/pr/src/md/unix/uxshm.c
nsprpub/pr/src/md/unix/uxwrap.c
nsprpub/pr/src/md/windows/.cvsignore
nsprpub/pr/src/md/windows/Makefile.in
nsprpub/pr/src/md/windows/ntdllmn.c
nsprpub/pr/src/md/windows/ntgc.c
nsprpub/pr/src/md/windows/ntinrval.c
nsprpub/pr/src/md/windows/ntio.c
nsprpub/pr/src/md/windows/ntmisc.c
nsprpub/pr/src/md/windows/ntsec.c
nsprpub/pr/src/md/windows/ntsem.c
nsprpub/pr/src/md/windows/ntthread.c
nsprpub/pr/src/md/windows/objs.mk
nsprpub/pr/src/md/windows/w32ipcsem.c
nsprpub/pr/src/md/windows/w32poll.c
nsprpub/pr/src/md/windows/w32rng.c
nsprpub/pr/src/md/windows/w32shm.c
nsprpub/pr/src/md/windows/w95cv.c
nsprpub/pr/src/md/windows/w95dllmain.c
nsprpub/pr/src/md/windows/w95io.c
nsprpub/pr/src/md/windows/w95sock.c
nsprpub/pr/src/md/windows/w95thred.c
nsprpub/pr/src/md/windows/win32_errors.c
nsprpub/pr/src/memory/.cvsignore
nsprpub/pr/src/memory/Makefile.in
nsprpub/pr/src/memory/prseg.c
nsprpub/pr/src/memory/prshm.c
nsprpub/pr/src/memory/prshma.c
nsprpub/pr/src/misc/.cvsignore
nsprpub/pr/src/misc/Makefile.in
nsprpub/pr/src/misc/compile-et.pl
nsprpub/pr/src/misc/dtoa.c
nsprpub/pr/src/misc/pralarm.c
nsprpub/pr/src/misc/pratom.c
nsprpub/pr/src/misc/praton.c
nsprpub/pr/src/misc/prcountr.c
nsprpub/pr/src/misc/prdtoa.c
nsprpub/pr/src/misc/prenv.c
nsprpub/pr/src/misc/prerr.c
nsprpub/pr/src/misc/prerr.et
nsprpub/pr/src/misc/prerr.properties
nsprpub/pr/src/misc/prerror.c
nsprpub/pr/src/misc/prerrortable.c
nsprpub/pr/src/misc/prinit.c
nsprpub/pr/src/misc/prinrval.c
nsprpub/pr/src/misc/pripc.c
nsprpub/pr/src/misc/pripcsem.c
nsprpub/pr/src/misc/prlog2.c
nsprpub/pr/src/misc/prlong.c
nsprpub/pr/src/misc/prnetdb.c
nsprpub/pr/src/misc/prolock.c
nsprpub/pr/src/misc/prrng.c
nsprpub/pr/src/misc/prsystem.c
nsprpub/pr/src/misc/prthinfo.c
nsprpub/pr/src/misc/prtime.c
nsprpub/pr/src/misc/prtpool.c
nsprpub/pr/src/misc/prtrace.c
nsprpub/pr/src/nspr.def
nsprpub/pr/src/nspr.rc
nsprpub/pr/src/os2extra.def
nsprpub/pr/src/prvrsion.c
nsprpub/pr/src/pthreads/.cvsignore
nsprpub/pr/src/pthreads/Makefile.in
nsprpub/pr/src/pthreads/ptio.c
nsprpub/pr/src/pthreads/ptmisc.c
nsprpub/pr/src/pthreads/ptsynch.c
nsprpub/pr/src/pthreads/ptthread.c
nsprpub/pr/src/threads/.cvsignore
nsprpub/pr/src/threads/Makefile.in
nsprpub/pr/src/threads/combined/.cvsignore
nsprpub/pr/src/threads/combined/Makefile.in
nsprpub/pr/src/threads/combined/README
nsprpub/pr/src/threads/combined/prucpu.c
nsprpub/pr/src/threads/combined/prucv.c
nsprpub/pr/src/threads/combined/prulock.c
nsprpub/pr/src/threads/combined/prustack.c
nsprpub/pr/src/threads/combined/pruthr.c
nsprpub/pr/src/threads/prcmon.c
nsprpub/pr/src/threads/prcthr.c
nsprpub/pr/src/threads/prdump.c
nsprpub/pr/src/threads/prmon.c
nsprpub/pr/src/threads/prrwlock.c
nsprpub/pr/src/threads/prsem.c
nsprpub/pr/src/threads/prtpd.c
nsprpub/pr/tests/.cvsignore
nsprpub/pr/tests/Makefile.in
nsprpub/pr/tests/README.TXT
nsprpub/pr/tests/accept.c
nsprpub/pr/tests/acceptread.c
nsprpub/pr/tests/acceptreademu.c
nsprpub/pr/tests/addrstr.c
nsprpub/pr/tests/affinity.c
nsprpub/pr/tests/alarm.c
nsprpub/pr/tests/anonfm.c
nsprpub/pr/tests/append.c
nsprpub/pr/tests/atomic.c
nsprpub/pr/tests/attach.c
nsprpub/pr/tests/bigfile.c
nsprpub/pr/tests/bigfile2.c
nsprpub/pr/tests/bigfile3.c
nsprpub/pr/tests/bug1test.c
nsprpub/pr/tests/cleanup.c
nsprpub/pr/tests/cltsrv.c
nsprpub/pr/tests/concur.c
nsprpub/pr/tests/cvar.c
nsprpub/pr/tests/cvar2.c
nsprpub/pr/tests/dbmalloc.c
nsprpub/pr/tests/dbmalloc1.c
nsprpub/pr/tests/dceemu.c
nsprpub/pr/tests/depend.c
nsprpub/pr/tests/dll/.cvsignore
nsprpub/pr/tests/dll/Makefile.in
nsprpub/pr/tests/dll/my.def
nsprpub/pr/tests/dll/mygetval.c
nsprpub/pr/tests/dll/mysetval.c
nsprpub/pr/tests/dlltest.c
nsprpub/pr/tests/dtoa.c
nsprpub/pr/tests/env.c
nsprpub/pr/tests/errcodes.c
nsprpub/pr/tests/errset.c
nsprpub/pr/tests/exit.c
nsprpub/pr/tests/fdcach.c
nsprpub/pr/tests/fileio.c
nsprpub/pr/tests/foreign.c
nsprpub/pr/tests/forktest.c
nsprpub/pr/tests/formattm.c
nsprpub/pr/tests/freeif.c
nsprpub/pr/tests/fsync.c
nsprpub/pr/tests/getai.c
nsprpub/pr/tests/gethost.c
nsprpub/pr/tests/getproto.c
nsprpub/pr/tests/i2l.c
nsprpub/pr/tests/initclk.c
nsprpub/pr/tests/inrval.c
nsprpub/pr/tests/instrumt.c
nsprpub/pr/tests/intrio.c
nsprpub/pr/tests/intrupt.c
nsprpub/pr/tests/io_timeout.c
nsprpub/pr/tests/io_timeoutk.c
nsprpub/pr/tests/io_timeoutu.c
nsprpub/pr/tests/ioconthr.c
nsprpub/pr/tests/ipv6.c
nsprpub/pr/tests/join.c
nsprpub/pr/tests/joinkk.c
nsprpub/pr/tests/joinku.c
nsprpub/pr/tests/joinuk.c
nsprpub/pr/tests/joinuu.c
nsprpub/pr/tests/layer.c
nsprpub/pr/tests/lazyinit.c
nsprpub/pr/tests/libfilename.c
nsprpub/pr/tests/lltest.c
nsprpub/pr/tests/lock.c
nsprpub/pr/tests/lockfile.c
nsprpub/pr/tests/logfile.c
nsprpub/pr/tests/logger.c
nsprpub/pr/tests/makedir.c
nsprpub/pr/tests/many_cv.c
nsprpub/pr/tests/mbcs.c
nsprpub/pr/tests/monref.c
nsprpub/pr/tests/multiacc.c
nsprpub/pr/tests/multiwait.c
nsprpub/pr/tests/nameshm1.c
nsprpub/pr/tests/nbconn.c
nsprpub/pr/tests/nblayer.c
nsprpub/pr/tests/nonblock.c
nsprpub/pr/tests/ntioto.c
nsprpub/pr/tests/ntoh.c
nsprpub/pr/tests/obsints.c
nsprpub/pr/tests/op_2long.c
nsprpub/pr/tests/op_excl.c
nsprpub/pr/tests/op_filnf.c
nsprpub/pr/tests/op_filok.c
nsprpub/pr/tests/op_noacc.c
nsprpub/pr/tests/op_nofil.c
nsprpub/pr/tests/openfile.c
nsprpub/pr/tests/parent.c
nsprpub/pr/tests/parsetm.c
nsprpub/pr/tests/peek.c
nsprpub/pr/tests/perf.c
nsprpub/pr/tests/pipeping.c
nsprpub/pr/tests/pipeping2.c
nsprpub/pr/tests/pipepong.c
nsprpub/pr/tests/pipepong2.c
nsprpub/pr/tests/pipeself.c
nsprpub/pr/tests/poll_er.c
nsprpub/pr/tests/poll_nm.c
nsprpub/pr/tests/poll_to.c
nsprpub/pr/tests/pollable.c
nsprpub/pr/tests/prfdbl.c
nsprpub/pr/tests/prftest.c
nsprpub/pr/tests/prftest1.c
nsprpub/pr/tests/prftest2.c
nsprpub/pr/tests/prfz.c
nsprpub/pr/tests/primblok.c
nsprpub/pr/tests/priotest.c
nsprpub/pr/tests/provider.c
nsprpub/pr/tests/prpoll.c
nsprpub/pr/tests/prpollml.c
nsprpub/pr/tests/prselect.c
nsprpub/pr/tests/prttools.h
nsprpub/pr/tests/pushtop.c
nsprpub/pr/tests/randseed.c
nsprpub/pr/tests/ranfile.c
nsprpub/pr/tests/reinit.c
nsprpub/pr/tests/rmdir.c
nsprpub/pr/tests/runtests.pl
nsprpub/pr/tests/runtests.sh
nsprpub/pr/tests/runy2ktests.ksh
nsprpub/pr/tests/rwlockrank.c
nsprpub/pr/tests/rwlocktest.c
nsprpub/pr/tests/sel_spd.c
nsprpub/pr/tests/selct_er.c
nsprpub/pr/tests/selct_nm.c
nsprpub/pr/tests/selct_to.c
nsprpub/pr/tests/select2.c
nsprpub/pr/tests/selintr.c
nsprpub/pr/tests/sem.c
nsprpub/pr/tests/sema.c
nsprpub/pr/tests/semaerr.c
nsprpub/pr/tests/semaerr1.c
nsprpub/pr/tests/semaping.c
nsprpub/pr/tests/semapong.c
nsprpub/pr/tests/sendzlf.c
nsprpub/pr/tests/server_test.c
nsprpub/pr/tests/servr_kk.c
nsprpub/pr/tests/servr_ku.c
nsprpub/pr/tests/servr_uk.c
nsprpub/pr/tests/servr_uu.c
nsprpub/pr/tests/short_thread.c
nsprpub/pr/tests/sigpipe.c
nsprpub/pr/tests/sleep.c
nsprpub/pr/tests/socket.c
nsprpub/pr/tests/sockopt.c
nsprpub/pr/tests/sockping.c
nsprpub/pr/tests/sockpong.c
nsprpub/pr/tests/sprintf.c
nsprpub/pr/tests/sproc_ch.c
nsprpub/pr/tests/sproc_p.c
nsprpub/pr/tests/stack.c
nsprpub/pr/tests/stat.c
nsprpub/pr/tests/stdio.c
nsprpub/pr/tests/str2addr.c
nsprpub/pr/tests/strod.c
nsprpub/pr/tests/suspend.c
nsprpub/pr/tests/switch.c
nsprpub/pr/tests/system.c
nsprpub/pr/tests/testbit.c
nsprpub/pr/tests/testfile.c
nsprpub/pr/tests/threads.c
nsprpub/pr/tests/thrpool_client.c
nsprpub/pr/tests/thrpool_server.c
nsprpub/pr/tests/thruput.c
nsprpub/pr/tests/time.c
nsprpub/pr/tests/timemac.c
nsprpub/pr/tests/timetest.c
nsprpub/pr/tests/tmoacc.c
nsprpub/pr/tests/tmocon.c
nsprpub/pr/tests/tpd.c
nsprpub/pr/tests/udpsrv.c
nsprpub/pr/tests/ut_ttools.h
nsprpub/pr/tests/vercheck.c
nsprpub/pr/tests/version.c
nsprpub/pr/tests/writev.c
nsprpub/pr/tests/xnotify.c
nsprpub/pr/tests/y2k.c
nsprpub/pr/tests/y2ktmo.c
nsprpub/pr/tests/yield.c
nsprpub/pr/tests/zerolen.c
nsprpub/tools/.cvsignore
nsprpub/tools/Makefile.in
nsprpub/tools/httpget.c
nsprpub/tools/tail.c
python/PyECC/MANIFEST.in
python/PyECC/README.md
python/PyECC/ecc/Key.py
python/PyECC/ecc/Rabbit.py
python/PyECC/ecc/SecurityViolationException.py
python/PyECC/ecc/__init__.py
python/PyECC/ecc/curves.py
python/PyECC/ecc/eccrypt.py
python/PyECC/ecc/ecdsa.py
python/PyECC/ecc/elliptic.py
python/PyECC/ecc/encoding.py
python/PyECC/ecc/performance.py
python/PyECC/ecc/primes.py
python/PyECC/ecc/shacrypt.py
python/PyECC/setup.py
python/README
python/bitstring/PKG-INFO
python/bitstring/README.txt
python/bitstring/bitstring.py
python/bitstring/doc/bitstring_manual.pdf
python/bitstring/release_notes.txt
python/bitstring/setup.py
python/bitstring/test/smalltestfile
python/bitstring/test/test.m1v
python/bitstring/test/test_bitarray.py
python/bitstring/test/test_bits.py
python/bitstring/test/test_bitstore.py
python/bitstring/test/test_bitstream.py
python/bitstring/test/test_bitstring.py
python/bitstring/test/test_constbitstream.py
python/blessings/LICENSE
python/blessings/MANIFEST.in
python/blessings/PKG-INFO
python/blessings/README.rst
python/blessings/blessings/__init__.py
python/blessings/blessings/tests.py
python/blessings/setup.cfg
python/blessings/setup.py
python/blessings/tox.ini
python/compare-locales/compare_locales/__init__.py
python/compare-locales/compare_locales/checks.py
python/compare-locales/compare_locales/commands.py
python/compare-locales/compare_locales/compare.py
python/compare-locales/compare_locales/parser.py
python/compare-locales/compare_locales/paths.py
python/compare-locales/compare_locales/tests/__init__.py
python/compare-locales/compare_locales/tests/data/bug121341.properties
python/compare-locales/compare_locales/tests/data/test.properties
python/compare-locales/compare_locales/tests/data/triple-license.dtd
python/compare-locales/compare_locales/tests/test_checks.py
python/compare-locales/compare_locales/tests/test_dtd.py
python/compare-locales/compare_locales/tests/test_ini.py
python/compare-locales/compare_locales/tests/test_merge.py
python/compare-locales/compare_locales/tests/test_properties.py
python/compare-locales/compare_locales/tests/test_util.py
python/compare-locales/compare_locales/tests/test_webapps.py
python/compare-locales/compare_locales/util.py
python/compare-locales/compare_locales/webapps.py
python/compare-locales/docs/glossary.rst
python/compare-locales/docs/index.rst
python/compare-locales/mach_commands.py
python/compare-locales/moz.build
python/configobj/PKG-INFO
python/configobj/configobj.py
python/configobj/setup.py
python/configobj/validate.py
python/eme/gen-eme-voucher.py
python/futures/CHANGES
python/futures/LICENSE
python/futures/MANIFEST.in
python/futures/PKG-INFO
python/futures/concurrent/__init__.py
python/futures/concurrent/futures/__init__.py
python/futures/concurrent/futures/_base.py
python/futures/concurrent/futures/process.py
python/futures/concurrent/futures/thread.py
python/futures/crawl.py
python/futures/docs/Makefile
python/futures/docs/conf.py
python/futures/docs/index.rst
python/futures/docs/make.bat
python/futures/futures.egg-info/PKG-INFO
python/futures/futures.egg-info/SOURCES.txt
python/futures/futures.egg-info/dependency_links.txt
python/futures/futures.egg-info/not-zip-safe
python/futures/futures.egg-info/pbr.json
python/futures/futures.egg-info/top_level.txt
python/futures/primes.py
python/futures/setup.cfg
python/futures/setup.py
python/futures/test_futures.py
python/futures/tox.ini
python/jsmin/jsmin/__init__.py
python/jsmin/jsmin/test.py
python/jsmin/setup.cfg
python/jsmin/setup.py
python/lldbutils/README.txt
python/lldbutils/lldbutils/__init__.py
python/lldbutils/lldbutils/content.py
python/lldbutils/lldbutils/general.py
python/lldbutils/lldbutils/gfx.py
python/lldbutils/lldbutils/layout.py
python/lldbutils/lldbutils/utils.py
python/mach/README.rst
python/mach/bash-completion.sh
python/mach/docs/commands.rst
python/mach/docs/driver.rst
python/mach/docs/index.rst
python/mach/docs/logging.rst
python/mach/mach/__init__.py
python/mach/mach/base.py
python/mach/mach/commands/__init__.py
python/mach/mach/commands/commandinfo.py
python/mach/mach/commands/settings.py
python/mach/mach/config.py
python/mach/mach/decorators.py
python/mach/mach/dispatcher.py
python/mach/mach/logging.py
python/mach/mach/main.py
python/mach/mach/mixin/__init__.py
python/mach/mach/mixin/logging.py
python/mach/mach/mixin/process.py
python/mach/mach/registrar.py
python/mach/mach/terminal.py
python/mach/mach/test/__init__.py
python/mach/mach/test/common.py
python/mach/mach/test/providers/__init__.py
python/mach/mach/test/providers/basic.py
python/mach/mach/test/providers/conditions.py
python/mach/mach/test/providers/conditions_invalid.py
python/mach/mach/test/providers/throw.py
python/mach/mach/test/providers/throw2.py
python/mach/mach/test/test_conditions.py
python/mach/mach/test/test_config.py
python/mach/mach/test/test_entry_point.py
python/mach/mach/test/test_error_output.py
python/mach/mach/test/test_logger.py
python/mach/setup.py
python/mach_commands.py
python/mock-1.0.0/LICENSE.txt
python/mock-1.0.0/MANIFEST.in
python/mock-1.0.0/PKG-INFO
python/mock-1.0.0/README.txt
python/mock-1.0.0/docs/changelog.txt
python/mock-1.0.0/docs/compare.txt
python/mock-1.0.0/docs/conf.py
python/mock-1.0.0/docs/examples.txt
python/mock-1.0.0/docs/getting-started.txt
python/mock-1.0.0/docs/helpers.txt
python/mock-1.0.0/docs/index.txt
python/mock-1.0.0/docs/magicmock.txt
python/mock-1.0.0/docs/mock.txt
python/mock-1.0.0/docs/patch.txt
python/mock-1.0.0/docs/sentinel.txt
python/mock-1.0.0/html/.doctrees/changelog.doctree
python/mock-1.0.0/html/.doctrees/compare.doctree
python/mock-1.0.0/html/.doctrees/examples.doctree
python/mock-1.0.0/html/.doctrees/getting-started.doctree
python/mock-1.0.0/html/.doctrees/index.doctree
python/mock-1.0.0/html/.doctrees/magicmock.doctree
python/mock-1.0.0/html/.doctrees/mock.doctree
python/mock-1.0.0/html/.doctrees/mocksignature.doctree
python/mock-1.0.0/html/.doctrees/patch.doctree
python/mock-1.0.0/html/.doctrees/sentinel.doctree
python/mock-1.0.0/html/_sources/changelog.txt
python/mock-1.0.0/html/_sources/compare.txt
python/mock-1.0.0/html/_sources/examples.txt
python/mock-1.0.0/html/_sources/getting-started.txt
python/mock-1.0.0/html/_sources/index.txt
python/mock-1.0.0/html/_sources/magicmock.txt
python/mock-1.0.0/html/_sources/mock.txt
python/mock-1.0.0/html/_sources/mocksignature.txt
python/mock-1.0.0/html/_sources/patch.txt
python/mock-1.0.0/html/_sources/sentinel.txt
python/mock-1.0.0/html/_static/adctheme.css
python/mock-1.0.0/html/_static/basic.css
python/mock-1.0.0/html/_static/breadcrumb_background.png
python/mock-1.0.0/html/_static/default.css
python/mock-1.0.0/html/_static/doctools.js
python/mock-1.0.0/html/_static/documentation.png
python/mock-1.0.0/html/_static/file.png
python/mock-1.0.0/html/_static/header_sm_mid.png
python/mock-1.0.0/html/_static/jquery.js
python/mock-1.0.0/html/_static/minus.png
python/mock-1.0.0/html/_static/mobile.css
python/mock-1.0.0/html/_static/plus.png
python/mock-1.0.0/html/_static/pygments.css
python/mock-1.0.0/html/_static/scrn1.png
python/mock-1.0.0/html/_static/scrn2.png
python/mock-1.0.0/html/_static/searchfield_leftcap.png
python/mock-1.0.0/html/_static/searchfield_repeat.png
python/mock-1.0.0/html/_static/searchfield_rightcap.png
python/mock-1.0.0/html/_static/searchtools.js
python/mock-1.0.0/html/_static/sidebar.js
python/mock-1.0.0/html/_static/title_background.png
python/mock-1.0.0/html/_static/toc.js
python/mock-1.0.0/html/_static/triangle_closed.png
python/mock-1.0.0/html/_static/triangle_left.png
python/mock-1.0.0/html/_static/triangle_open.png
python/mock-1.0.0/html/_static/underscore.js
python/mock-1.0.0/html/changelog.html
python/mock-1.0.0/html/compare.html
python/mock-1.0.0/html/examples.html
python/mock-1.0.0/html/genindex.html
python/mock-1.0.0/html/getting-started.html
python/mock-1.0.0/html/index.html
python/mock-1.0.0/html/magicmock.html
python/mock-1.0.0/html/mock.html
python/mock-1.0.0/html/mocksignature.html
python/mock-1.0.0/html/objects.inv
python/mock-1.0.0/html/output.txt
python/mock-1.0.0/html/patch.html
python/mock-1.0.0/html/search.html
python/mock-1.0.0/html/searchindex.js
python/mock-1.0.0/html/sentinel.html
python/mock-1.0.0/mock.egg-info/PKG-INFO
python/mock-1.0.0/mock.egg-info/SOURCES.txt
python/mock-1.0.0/mock.egg-info/dependency_links.txt
python/mock-1.0.0/mock.egg-info/top_level.txt
python/mock-1.0.0/mock.py
python/mock-1.0.0/setup.cfg
python/mock-1.0.0/setup.py
python/mock-1.0.0/tests/__init__.py
python/mock-1.0.0/tests/_testwith.py
python/mock-1.0.0/tests/support.py
python/mock-1.0.0/tests/support_with.py
python/mock-1.0.0/tests/testcallable.py
python/mock-1.0.0/tests/testhelpers.py
python/mock-1.0.0/tests/testmagicmethods.py
python/mock-1.0.0/tests/testmock.py
python/mock-1.0.0/tests/testpatch.py
python/mock-1.0.0/tests/testsentinel.py
python/mock-1.0.0/tests/testwith.py
python/mock-1.0.0/tox.ini
python/moz.build
python/mozboot/README.rst
python/mozboot/bin/bootstrap.py
python/mozboot/mozboot/__init__.py
python/mozboot/mozboot/android.py
python/mozboot/mozboot/archlinux.py
python/mozboot/mozboot/base.py
python/mozboot/mozboot/bootstrap.py
python/mozboot/mozboot/centos.py
python/mozboot/mozboot/debian.py
python/mozboot/mozboot/fedora.py
python/mozboot/mozboot/freebsd.py
python/mozboot/mozboot/gentoo.py
python/mozboot/mozboot/mach_commands.py
python/mozboot/mozboot/openbsd.py
python/mozboot/mozboot/osx.py
python/mozboot/setup.py
python/mozbuild/TODO
python/mozbuild/dumbmake/__init__.py
python/mozbuild/dumbmake/dumbmake.py
python/mozbuild/dumbmake/test/__init__.py
python/mozbuild/dumbmake/test/test_dumbmake.py
python/mozbuild/mozbuild/__init__.py
python/mozbuild/mozbuild/action/__init__.py
python/mozbuild/mozbuild/action/buildlist.py
python/mozbuild/mozbuild/action/cl.py
python/mozbuild/mozbuild/action/convert_def_file.py
python/mozbuild/mozbuild/action/explode_aar.py
python/mozbuild/mozbuild/action/file_generate.py
python/mozbuild/mozbuild/action/generate_browsersearch.py
python/mozbuild/mozbuild/action/generate_suggestedsites.py
python/mozbuild/mozbuild/action/jar_maker.py
python/mozbuild/mozbuild/action/make_dmg.py
python/mozbuild/mozbuild/action/package_geckolibs_aar.py
python/mozbuild/mozbuild/action/preprocessor.py
python/mozbuild/mozbuild/action/process_install_manifest.py
python/mozbuild/mozbuild/action/test_archive.py
python/mozbuild/mozbuild/action/webidl.py
python/mozbuild/mozbuild/action/xpccheck.py
python/mozbuild/mozbuild/action/xpidl-process.py
python/mozbuild/mozbuild/action/zip.py
python/mozbuild/mozbuild/android_version_code.py
python/mozbuild/mozbuild/artifacts.py
python/mozbuild/mozbuild/backend/__init__.py
python/mozbuild/mozbuild/backend/android_eclipse.py
python/mozbuild/mozbuild/backend/base.py
python/mozbuild/mozbuild/backend/common.py
python/mozbuild/mozbuild/backend/configenvironment.py
python/mozbuild/mozbuild/backend/cpp_eclipse.py
python/mozbuild/mozbuild/backend/fastermake.py
python/mozbuild/mozbuild/backend/mach_commands.py
python/mozbuild/mozbuild/backend/recursivemake.py
python/mozbuild/mozbuild/backend/templates/android_eclipse/.classpath
python/mozbuild/mozbuild/backend/templates/android_eclipse/.externalToolBuilders/com.android.ide.eclipse.adt.ApkBuilder.launch
python/mozbuild/mozbuild/backend/templates/android_eclipse/.externalToolBuilders/com.android.ide.eclipse.adt.PreCompilerBuilder.launch
python/mozbuild/mozbuild/backend/templates/android_eclipse/.externalToolBuilders/com.android.ide.eclipse.adt.ResourceManagerBuilder.launch
python/mozbuild/mozbuild/backend/templates/android_eclipse/.externalToolBuilders/org.eclipse.jdt.core.javabuilder.launch
python/mozbuild/mozbuild/backend/templates/android_eclipse/AndroidManifest.xml
python/mozbuild/mozbuild/backend/templates/android_eclipse/gen/tmp
python/mozbuild/mozbuild/backend/templates/android_eclipse/lint.xml
python/mozbuild/mozbuild/backend/templates/android_eclipse/project.properties
python/mozbuild/mozbuild/backend/templates/android_eclipse_empty_resource_directory/.not_an_android_resource
python/mozbuild/mozbuild/backend/visualstudio.py
python/mozbuild/mozbuild/base.py
python/mozbuild/mozbuild/codecoverage/__init__.py
python/mozbuild/mozbuild/codecoverage/packager.py
python/mozbuild/mozbuild/compilation/__init__.py
python/mozbuild/mozbuild/compilation/codecomplete.py
python/mozbuild/mozbuild/compilation/database.py
python/mozbuild/mozbuild/compilation/util.py
python/mozbuild/mozbuild/compilation/warnings.py
python/mozbuild/mozbuild/config_status.py
python/mozbuild/mozbuild/configure/__init__.py
python/mozbuild/mozbuild/configure/check_debug_ranges.py
python/mozbuild/mozbuild/configure/libstdcxx.py
python/mozbuild/mozbuild/controller/__init__.py
python/mozbuild/mozbuild/controller/building.py
python/mozbuild/mozbuild/controller/clobber.py
python/mozbuild/mozbuild/doctor.py
python/mozbuild/mozbuild/dotproperties.py
python/mozbuild/mozbuild/frontend/__init__.py
python/mozbuild/mozbuild/frontend/context.py
python/mozbuild/mozbuild/frontend/data.py
python/mozbuild/mozbuild/frontend/emitter.py
python/mozbuild/mozbuild/frontend/gyp_reader.py
python/mozbuild/mozbuild/frontend/mach_commands.py
python/mozbuild/mozbuild/frontend/reader.py
python/mozbuild/mozbuild/frontend/sandbox.py
python/mozbuild/mozbuild/html_build_viewer.py
python/mozbuild/mozbuild/jar.py
python/mozbuild/mozbuild/locale/en-US/LC_MESSAGES/mozbuild.mo
python/mozbuild/mozbuild/locale/en-US/LC_MESSAGES/mozbuild.po
python/mozbuild/mozbuild/mach_commands.py
python/mozbuild/mozbuild/makeutil.py
python/mozbuild/mozbuild/milestone.py
python/mozbuild/mozbuild/mozconfig.py
python/mozbuild/mozbuild/mozconfig_loader
python/mozbuild/mozbuild/mozinfo.py
python/mozbuild/mozbuild/preprocessor.py
python/mozbuild/mozbuild/pythonutil.py
python/mozbuild/mozbuild/resources/html-build-viewer/index.html
python/mozbuild/mozbuild/shellutil.py
python/mozbuild/mozbuild/sphinx.py
python/mozbuild/mozbuild/test/__init__.py
python/mozbuild/mozbuild/test/action/data/invalid/region.properties
python/mozbuild/mozbuild/test/action/data/valid-zh-CN/region.properties
python/mozbuild/mozbuild/test/action/test_buildlist.py
python/mozbuild/mozbuild/test/action/test_generate_browsersearch.py
python/mozbuild/mozbuild/test/backend/__init__.py
python/mozbuild/mozbuild/test/backend/common.py
python/mozbuild/mozbuild/test/backend/data/android_eclipse/library1/resources/values/strings.xml
python/mozbuild/mozbuild/test/backend/data/android_eclipse/main1/AndroidManifest.xml
python/mozbuild/mozbuild/test/backend/data/android_eclipse/main2/AndroidManifest.xml
python/mozbuild/mozbuild/test/backend/data/android_eclipse/main2/assets/dummy.txt
python/mozbuild/mozbuild/test/backend/data/android_eclipse/main2/extra.jar
python/mozbuild/mozbuild/test/backend/data/android_eclipse/main2/res/values/strings.xml
python/mozbuild/mozbuild/test/backend/data/android_eclipse/main3/AndroidManifest.xml
python/mozbuild/mozbuild/test/backend/data/android_eclipse/main3/a/A.java
python/mozbuild/mozbuild/test/backend/data/android_eclipse/main3/b/B.java
python/mozbuild/mozbuild/test/backend/data/android_eclipse/main3/c/C.java
python/mozbuild/mozbuild/test/backend/data/android_eclipse/main4
python/mozbuild/mozbuild/test/backend/data/android_eclipse/moz.build
python/mozbuild/mozbuild/test/backend/data/android_eclipse/subdir/moz.build
python/mozbuild/mozbuild/test/backend/data/android_eclipse/subdir/submain/AndroidManifest.xml
python/mozbuild/mozbuild/test/backend/data/binary-components/bar/moz.build
python/mozbuild/mozbuild/test/backend/data/binary-components/foo/moz.build
python/mozbuild/mozbuild/test/backend/data/binary-components/moz.build
python/mozbuild/mozbuild/test/backend/data/branding-files/bar.ico
python/mozbuild/mozbuild/test/backend/data/branding-files/foo.ico
python/mozbuild/mozbuild/test/backend/data/branding-files/moz.build
python/mozbuild/mozbuild/test/backend/data/branding-files/sub/quux.png
python/mozbuild/mozbuild/test/backend/data/build/app/moz.build
python/mozbuild/mozbuild/test/backend/data/build/bar.ini
python/mozbuild/mozbuild/test/backend/data/build/bar.js
python/mozbuild/mozbuild/test/backend/data/build/bar.jsm
python/mozbuild/mozbuild/test/backend/data/build/baz.ini
python/mozbuild/mozbuild/test/backend/data/build/baz.jsm
python/mozbuild/mozbuild/test/backend/data/build/components.manifest
python/mozbuild/mozbuild/test/backend/data/build/foo.ini
python/mozbuild/mozbuild/test/backend/data/build/foo.js
python/mozbuild/mozbuild/test/backend/data/build/foo.jsm
python/mozbuild/mozbuild/test/backend/data/build/moz.build
python/mozbuild/mozbuild/test/backend/data/build/prefs.js
python/mozbuild/mozbuild/test/backend/data/build/qux.ini
python/mozbuild/mozbuild/test/backend/data/build/qux.jsm
python/mozbuild/mozbuild/test/backend/data/build/resource
python/mozbuild/mozbuild/test/backend/data/build/resource2
python/mozbuild/mozbuild/test/backend/data/defines/moz.build
python/mozbuild/mozbuild/test/backend/data/dist-files/install.rdf
python/mozbuild/mozbuild/test/backend/data/dist-files/main.js
python/mozbuild/mozbuild/test/backend/data/dist-files/moz.build
python/mozbuild/mozbuild/test/backend/data/exports-generated/dom1.h
python/mozbuild/mozbuild/test/backend/data/exports-generated/foo.h
python/mozbuild/mozbuild/test/backend/data/exports-generated/gfx.h
python/mozbuild/mozbuild/test/backend/data/exports-generated/moz.build
python/mozbuild/mozbuild/test/backend/data/exports-generated/mozilla1.h
python/mozbuild/mozbuild/test/backend/data/exports/dom1.h
python/mozbuild/mozbuild/test/backend/data/exports/dom2.h
python/mozbuild/mozbuild/test/backend/data/exports/foo.h
python/mozbuild/mozbuild/test/backend/data/exports/gfx.h
python/mozbuild/mozbuild/test/backend/data/exports/moz.build
python/mozbuild/mozbuild/test/backend/data/exports/mozilla1.h
python/mozbuild/mozbuild/test/backend/data/exports/mozilla2.h
python/mozbuild/mozbuild/test/backend/data/exports/pprio.h
python/mozbuild/mozbuild/test/backend/data/final_target/both/moz.build
python/mozbuild/mozbuild/test/backend/data/final_target/dist-subdir/moz.build
python/mozbuild/mozbuild/test/backend/data/final_target/final-target/moz.build
python/mozbuild/mozbuild/test/backend/data/final_target/moz.build
python/mozbuild/mozbuild/test/backend/data/final_target/xpi-name/moz.build
python/mozbuild/mozbuild/test/backend/data/generated-files/foo-data
python/mozbuild/mozbuild/test/backend/data/generated-files/generate-bar.py
python/mozbuild/mozbuild/test/backend/data/generated-files/generate-foo.py
python/mozbuild/mozbuild/test/backend/data/generated-files/moz.build
python/mozbuild/mozbuild/test/backend/data/generated_includes/moz.build
python/mozbuild/mozbuild/test/backend/data/host-defines/moz.build
python/mozbuild/mozbuild/test/backend/data/ipdl_sources/bar/moz.build
python/mozbuild/mozbuild/test/backend/data/ipdl_sources/foo/moz.build
python/mozbuild/mozbuild/test/backend/data/ipdl_sources/moz.build
python/mozbuild/mozbuild/test/backend/data/jar-manifests/moz.build
python/mozbuild/mozbuild/test/backend/data/local_includes/bar/baz/dummy_file_for_nonempty_directory
python/mozbuild/mozbuild/test/backend/data/local_includes/foo/dummy_file_for_nonempty_directory
python/mozbuild/mozbuild/test/backend/data/local_includes/moz.build
python/mozbuild/mozbuild/test/backend/data/resources/bar.res.in
python/mozbuild/mozbuild/test/backend/data/resources/cursor.cur
python/mozbuild/mozbuild/test/backend/data/resources/desktop1.ttf
python/mozbuild/mozbuild/test/backend/data/resources/desktop2.ttf
python/mozbuild/mozbuild/test/backend/data/resources/extra.manifest
python/mozbuild/mozbuild/test/backend/data/resources/font1.ttf
python/mozbuild/mozbuild/test/backend/data/resources/font2.ttf
python/mozbuild/mozbuild/test/backend/data/resources/foo.res
python/mozbuild/mozbuild/test/backend/data/resources/mobile.ttf
python/mozbuild/mozbuild/test/backend/data/resources/moz.build
python/mozbuild/mozbuild/test/backend/data/resources/test.manifest
python/mozbuild/mozbuild/test/backend/data/sources/bar.c
python/mozbuild/mozbuild/test/backend/data/sources/bar.cpp
python/mozbuild/mozbuild/test/backend/data/sources/bar.mm
python/mozbuild/mozbuild/test/backend/data/sources/bar.s
python/mozbuild/mozbuild/test/backend/data/sources/baz.S
python/mozbuild/mozbuild/test/backend/data/sources/foo.S
python/mozbuild/mozbuild/test/backend/data/sources/foo.asm
python/mozbuild/mozbuild/test/backend/data/sources/foo.c
python/mozbuild/mozbuild/test/backend/data/sources/foo.cpp
python/mozbuild/mozbuild/test/backend/data/sources/foo.mm
python/mozbuild/mozbuild/test/backend/data/sources/moz.build
python/mozbuild/mozbuild/test/backend/data/stub0/Makefile.in
python/mozbuild/mozbuild/test/backend/data/stub0/dir1/Makefile.in
python/mozbuild/mozbuild/test/backend/data/stub0/dir1/moz.build
python/mozbuild/mozbuild/test/backend/data/stub0/dir2/moz.build
python/mozbuild/mozbuild/test/backend/data/stub0/dir3/Makefile.in
python/mozbuild/mozbuild/test/backend/data/stub0/dir3/moz.build
python/mozbuild/mozbuild/test/backend/data/stub0/moz.build
python/mozbuild/mozbuild/test/backend/data/substitute_config_files/Makefile.in
python/mozbuild/mozbuild/test/backend/data/substitute_config_files/foo.in
python/mozbuild/mozbuild/test/backend/data/substitute_config_files/moz.build
python/mozbuild/mozbuild/test/backend/data/test-manifests-duplicate-support-files/mochitest1.ini
python/mozbuild/mozbuild/test/backend/data/test-manifests-duplicate-support-files/mochitest2.ini
python/mozbuild/mozbuild/test/backend/data/test-manifests-duplicate-support-files/moz.build
python/mozbuild/mozbuild/test/backend/data/test-manifests-duplicate-support-files/test_bar.js
python/mozbuild/mozbuild/test/backend/data/test-manifests-duplicate-support-files/test_foo.js
python/mozbuild/mozbuild/test/backend/data/test-manifests-package-tests/instrumentation.ini
python/mozbuild/mozbuild/test/backend/data/test-manifests-package-tests/mochitest.ini
python/mozbuild/mozbuild/test/backend/data/test-manifests-package-tests/mochitest.js
python/mozbuild/mozbuild/test/backend/data/test-manifests-package-tests/moz.build
python/mozbuild/mozbuild/test/backend/data/test-manifests-package-tests/not_packaged.java
python/mozbuild/mozbuild/test/backend/data/test-manifests-written/dir1/test_bar.js
python/mozbuild/mozbuild/test/backend/data/test-manifests-written/dir1/xpcshell.ini
python/mozbuild/mozbuild/test/backend/data/test-manifests-written/mochitest.ini
python/mozbuild/mozbuild/test/backend/data/test-manifests-written/mochitest.js
python/mozbuild/mozbuild/test/backend/data/test-manifests-written/moz.build
python/mozbuild/mozbuild/test/backend/data/test-manifests-written/xpcshell.ini
python/mozbuild/mozbuild/test/backend/data/test-manifests-written/xpcshell.js
python/mozbuild/mozbuild/test/backend/data/test_config/file.h.in
python/mozbuild/mozbuild/test/backend/data/test_config/file.in
python/mozbuild/mozbuild/test/backend/data/test_config/moz.build
python/mozbuild/mozbuild/test/backend/data/variable_passthru/Makefile.in
python/mozbuild/mozbuild/test/backend/data/variable_passthru/moz.build
python/mozbuild/mozbuild/test/backend/data/variable_passthru/test1.c
python/mozbuild/mozbuild/test/backend/data/variable_passthru/test1.cpp
python/mozbuild/mozbuild/test/backend/data/variable_passthru/test1.mm
python/mozbuild/mozbuild/test/backend/data/variable_passthru/test2.c
python/mozbuild/mozbuild/test/backend/data/variable_passthru/test2.cpp
python/mozbuild/mozbuild/test/backend/data/variable_passthru/test2.mm
python/mozbuild/mozbuild/test/backend/data/visual-studio/dir1/bar.cpp
python/mozbuild/mozbuild/test/backend/data/visual-studio/dir1/foo.cpp
python/mozbuild/mozbuild/test/backend/data/visual-studio/dir1/moz.build
python/mozbuild/mozbuild/test/backend/data/visual-studio/moz.build
python/mozbuild/mozbuild/test/backend/data/xpidl/config/makefiles/xpidl/Makefile.in
python/mozbuild/mozbuild/test/backend/data/xpidl/moz.build
python/mozbuild/mozbuild/test/backend/test_android_eclipse.py
python/mozbuild/mozbuild/test/backend/test_build.py
python/mozbuild/mozbuild/test/backend/test_configenvironment.py
python/mozbuild/mozbuild/test/backend/test_recursivemake.py
python/mozbuild/mozbuild/test/backend/test_visualstudio.py
python/mozbuild/mozbuild/test/common.py
python/mozbuild/mozbuild/test/compilation/__init__.py
python/mozbuild/mozbuild/test/compilation/test_warnings.py
python/mozbuild/mozbuild/test/controller/__init__.py
python/mozbuild/mozbuild/test/controller/test_ccachestats.py
python/mozbuild/mozbuild/test/controller/test_clobber.py
python/mozbuild/mozbuild/test/data/Makefile
python/mozbuild/mozbuild/test/data/bad.properties
python/mozbuild/mozbuild/test/data/test-dir/Makefile
python/mozbuild/mozbuild/test/data/test-dir/with/Makefile
python/mozbuild/mozbuild/test/data/test-dir/with/without/with/Makefile
python/mozbuild/mozbuild/test/data/test-dir/without/with/Makefile
python/mozbuild/mozbuild/test/data/valid.properties
python/mozbuild/mozbuild/test/frontend/__init__.py
python/mozbuild/mozbuild/test/frontend/data/android-res-dirs/dir1/foo
python/mozbuild/mozbuild/test/frontend/data/android-res-dirs/moz.build
python/mozbuild/mozbuild/test/frontend/data/binary-components/bar/moz.build
python/mozbuild/mozbuild/test/frontend/data/binary-components/foo/moz.build
python/mozbuild/mozbuild/test/frontend/data/binary-components/moz.build
python/mozbuild/mozbuild/test/frontend/data/branding-files/moz.build
python/mozbuild/mozbuild/test/frontend/data/config-file-substitution/moz.build
python/mozbuild/mozbuild/test/frontend/data/defines/moz.build
python/mozbuild/mozbuild/test/frontend/data/dist-files-missing/install.rdf
python/mozbuild/mozbuild/test/frontend/data/dist-files-missing/moz.build
python/mozbuild/mozbuild/test/frontend/data/dist-files/install.rdf
python/mozbuild/mozbuild/test/frontend/data/dist-files/main.js
python/mozbuild/mozbuild/test/frontend/data/dist-files/moz.build
python/mozbuild/mozbuild/test/frontend/data/exports-generated/foo.h
python/mozbuild/mozbuild/test/frontend/data/exports-generated/moz.build
python/mozbuild/mozbuild/test/frontend/data/exports-generated/mozilla1.h
python/mozbuild/mozbuild/test/frontend/data/exports-missing-generated/foo.h
python/mozbuild/mozbuild/test/frontend/data/exports-missing-generated/moz.build
python/mozbuild/mozbuild/test/frontend/data/exports-missing/foo.h
python/mozbuild/mozbuild/test/frontend/data/exports-missing/moz.build
python/mozbuild/mozbuild/test/frontend/data/exports-missing/mozilla1.h
python/mozbuild/mozbuild/test/frontend/data/exports/bar.h
python/mozbuild/mozbuild/test/frontend/data/exports/baz.h
python/mozbuild/mozbuild/test/frontend/data/exports/dom1.h
python/mozbuild/mozbuild/test/frontend/data/exports/dom2.h
python/mozbuild/mozbuild/test/frontend/data/exports/dom3.h
python/mozbuild/mozbuild/test/frontend/data/exports/foo.h
python/mozbuild/mozbuild/test/frontend/data/exports/gfx.h
python/mozbuild/mozbuild/test/frontend/data/exports/mem.h
python/mozbuild/mozbuild/test/frontend/data/exports/mem2.h
python/mozbuild/mozbuild/test/frontend/data/exports/moz.build
python/mozbuild/mozbuild/test/frontend/data/exports/mozilla1.h
python/mozbuild/mozbuild/test/frontend/data/exports/mozilla2.h
python/mozbuild/mozbuild/test/frontend/data/exports/pprio.h
python/mozbuild/mozbuild/test/frontend/data/exports/pprthred.h
python/mozbuild/mozbuild/test/frontend/data/files-info/bug_component/bad-assignment/moz.build
python/mozbuild/mozbuild/test/frontend/data/files-info/bug_component/different-matchers/moz.build
python/mozbuild/mozbuild/test/frontend/data/files-info/bug_component/final/moz.build
python/mozbuild/mozbuild/test/frontend/data/files-info/bug_component/final/subcomponent/moz.build
python/mozbuild/mozbuild/test/frontend/data/files-info/bug_component/moz.build
python/mozbuild/mozbuild/test/frontend/data/files-info/bug_component/simple/moz.build
python/mozbuild/mozbuild/test/frontend/data/files-info/bug_component/static/moz.build
python/mozbuild/mozbuild/test/frontend/data/files-info/moz.build
python/mozbuild/mozbuild/test/frontend/data/files-test-metadata/default/module.js
python/mozbuild/mozbuild/test/frontend/data/files-test-metadata/default/moz.build
python/mozbuild/mozbuild/test/frontend/data/files-test-metadata/default/tests/xpcshell/test_default_mod.js
python/mozbuild/mozbuild/test/frontend/data/files-test-metadata/default/tests/xpcshell/xpcshell.ini
python/mozbuild/mozbuild/test/frontend/data/files-test-metadata/moz.build
python/mozbuild/mozbuild/test/frontend/data/files-test-metadata/simple/base.cpp
python/mozbuild/mozbuild/test/frontend/data/files-test-metadata/simple/browser/browser.ini
python/mozbuild/mozbuild/test/frontend/data/files-test-metadata/simple/browser/test_mod.js
python/mozbuild/mozbuild/test/frontend/data/files-test-metadata/simple/moz.build
python/mozbuild/mozbuild/test/frontend/data/files-test-metadata/simple/src/module.jsm
python/mozbuild/mozbuild/test/frontend/data/files-test-metadata/simple/src/moz.build
python/mozbuild/mozbuild/test/frontend/data/files-test-metadata/simple/tests/mochitest.ini
python/mozbuild/mozbuild/test/frontend/data/files-test-metadata/simple/tests/moz.build
python/mozbuild/mozbuild/test/frontend/data/files-test-metadata/simple/tests/test_general.html
python/mozbuild/mozbuild/test/frontend/data/files-test-metadata/simple/tests/test_specific.html
python/mozbuild/mozbuild/test/frontend/data/files-test-metadata/tagged/moz.build
python/mozbuild/mozbuild/test/frontend/data/files-test-metadata/tagged/src/bar.jsm
python/mozbuild/mozbuild/test/frontend/data/files-test-metadata/tagged/src/submodule/foo.js
python/mozbuild/mozbuild/test/frontend/data/files-test-metadata/tagged/tests/mochitest.ini
python/mozbuild/mozbuild/test/frontend/data/files-test-metadata/tagged/tests/test_bar.js
python/mozbuild/mozbuild/test/frontend/data/files-test-metadata/tagged/tests/test_simple.html
python/mozbuild/mozbuild/test/frontend/data/files-test-metadata/tagged/tests/test_specific.html
python/mozbuild/mozbuild/test/frontend/data/files-test-metadata/tagged/tests/xpcshell.ini
python/mozbuild/mozbuild/test/frontend/data/final-target-pp-files-non-srcdir/moz.build
python/mozbuild/mozbuild/test/frontend/data/generated-files-absolute-script/moz.build
python/mozbuild/mozbuild/test/frontend/data/generated-files-absolute-script/script.py
python/mozbuild/mozbuild/test/frontend/data/generated-files-method-names/moz.build
python/mozbuild/mozbuild/test/frontend/data/generated-files-method-names/script.py
python/mozbuild/mozbuild/test/frontend/data/generated-files-no-inputs/moz.build
python/mozbuild/mozbuild/test/frontend/data/generated-files-no-inputs/script.py
python/mozbuild/mozbuild/test/frontend/data/generated-files-no-python-script/moz.build
python/mozbuild/mozbuild/test/frontend/data/generated-files-no-python-script/script.rb
python/mozbuild/mozbuild/test/frontend/data/generated-files-no-script/moz.build
python/mozbuild/mozbuild/test/frontend/data/generated-files/moz.build
python/mozbuild/mozbuild/test/frontend/data/generated-sources/a.cpp
python/mozbuild/mozbuild/test/frontend/data/generated-sources/b.cc
python/mozbuild/mozbuild/test/frontend/data/generated-sources/c.cxx
python/mozbuild/mozbuild/test/frontend/data/generated-sources/d.c
python/mozbuild/mozbuild/test/frontend/data/generated-sources/e.m
python/mozbuild/mozbuild/test/frontend/data/generated-sources/f.mm
python/mozbuild/mozbuild/test/frontend/data/generated-sources/g.S
python/mozbuild/mozbuild/test/frontend/data/generated-sources/h.s
python/mozbuild/mozbuild/test/frontend/data/generated-sources/i.asm
python/mozbuild/mozbuild/test/frontend/data/generated-sources/moz.build
python/mozbuild/mozbuild/test/frontend/data/generated_includes/moz.build
python/mozbuild/mozbuild/test/frontend/data/host-defines/moz.build
python/mozbuild/mozbuild/test/frontend/data/host-sources/a.cpp
python/mozbuild/mozbuild/test/frontend/data/host-sources/b.cc
python/mozbuild/mozbuild/test/frontend/data/host-sources/c.cxx
python/mozbuild/mozbuild/test/frontend/data/host-sources/d.c
python/mozbuild/mozbuild/test/frontend/data/host-sources/e.mm
python/mozbuild/mozbuild/test/frontend/data/host-sources/f.mm
python/mozbuild/mozbuild/test/frontend/data/host-sources/moz.build
python/mozbuild/mozbuild/test/frontend/data/include-basic/included.build
python/mozbuild/mozbuild/test/frontend/data/include-basic/moz.build
python/mozbuild/mozbuild/test/frontend/data/include-file-stack/included-1.build
python/mozbuild/mozbuild/test/frontend/data/include-file-stack/included-2.build
python/mozbuild/mozbuild/test/frontend/data/include-file-stack/moz.build
python/mozbuild/mozbuild/test/frontend/data/include-missing/moz.build
python/mozbuild/mozbuild/test/frontend/data/include-outside-topsrcdir/relative.build
python/mozbuild/mozbuild/test/frontend/data/include-relative-from-child/child/child.build
python/mozbuild/mozbuild/test/frontend/data/include-relative-from-child/child/child2.build
python/mozbuild/mozbuild/test/frontend/data/include-relative-from-child/child/grandchild/grandchild.build
python/mozbuild/mozbuild/test/frontend/data/include-relative-from-child/parent.build
python/mozbuild/mozbuild/test/frontend/data/include-topsrcdir-relative/moz.build
python/mozbuild/mozbuild/test/frontend/data/include-topsrcdir-relative/sibling.build
python/mozbuild/mozbuild/test/frontend/data/inheriting-variables/bar/moz.build
python/mozbuild/mozbuild/test/frontend/data/inheriting-variables/foo/baz/moz.build
python/mozbuild/mozbuild/test/frontend/data/inheriting-variables/foo/moz.build
python/mozbuild/mozbuild/test/frontend/data/inheriting-variables/moz.build
python/mozbuild/mozbuild/test/frontend/data/ipdl_sources/bar/moz.build
python/mozbuild/mozbuild/test/frontend/data/ipdl_sources/foo/moz.build
python/mozbuild/mozbuild/test/frontend/data/ipdl_sources/moz.build
python/mozbuild/mozbuild/test/frontend/data/jar-manifests-multiple-files/moz.build
python/mozbuild/mozbuild/test/frontend/data/jar-manifests/moz.build
python/mozbuild/mozbuild/test/frontend/data/library-defines/liba/moz.build
python/mozbuild/mozbuild/test/frontend/data/library-defines/libb/moz.build
python/mozbuild/mozbuild/test/frontend/data/library-defines/libc/moz.build
python/mozbuild/mozbuild/test/frontend/data/library-defines/libd/moz.build
python/mozbuild/mozbuild/test/frontend/data/library-defines/moz.build
python/mozbuild/mozbuild/test/frontend/data/local_includes/bar/baz/dummy_file_for_nonempty_directory
python/mozbuild/mozbuild/test/frontend/data/local_includes/foo/dummy_file_for_nonempty_directory
python/mozbuild/mozbuild/test/frontend/data/local_includes/moz.build
python/mozbuild/mozbuild/test/frontend/data/missing-local-includes/moz.build
python/mozbuild/mozbuild/test/frontend/data/program/moz.build
python/mozbuild/mozbuild/test/frontend/data/reader-error-bad-dir/moz.build
python/mozbuild/mozbuild/test/frontend/data/reader-error-basic/moz.build
python/mozbuild/mozbuild/test/frontend/data/reader-error-error-func/moz.build
python/mozbuild/mozbuild/test/frontend/data/reader-error-included-from/child.build
python/mozbuild/mozbuild/test/frontend/data/reader-error-included-from/moz.build
python/mozbuild/mozbuild/test/frontend/data/reader-error-missing-include/moz.build
python/mozbuild/mozbuild/test/frontend/data/reader-error-outside-topsrcdir/moz.build
python/mozbuild/mozbuild/test/frontend/data/reader-error-read-unknown-global/moz.build
python/mozbuild/mozbuild/test/frontend/data/reader-error-repeated-dir/moz.build
python/mozbuild/mozbuild/test/frontend/data/reader-error-script-error/moz.build
python/mozbuild/mozbuild/test/frontend/data/reader-error-syntax/moz.build
python/mozbuild/mozbuild/test/frontend/data/reader-error-write-bad-value/moz.build
python/mozbuild/mozbuild/test/frontend/data/reader-error-write-unknown-global/moz.build
python/mozbuild/mozbuild/test/frontend/data/reader-relevant-mozbuild/d1/every-level/a/file
python/mozbuild/mozbuild/test/frontend/data/reader-relevant-mozbuild/d1/every-level/a/moz.build
python/mozbuild/mozbuild/test/frontend/data/reader-relevant-mozbuild/d1/every-level/b/file
python/mozbuild/mozbuild/test/frontend/data/reader-relevant-mozbuild/d1/every-level/b/moz.build
python/mozbuild/mozbuild/test/frontend/data/reader-relevant-mozbuild/d1/every-level/moz.build
python/mozbuild/mozbuild/test/frontend/data/reader-relevant-mozbuild/d1/file1
python/mozbuild/mozbuild/test/frontend/data/reader-relevant-mozbuild/d1/file2
python/mozbuild/mozbuild/test/frontend/data/reader-relevant-mozbuild/d1/moz.build
python/mozbuild/mozbuild/test/frontend/data/reader-relevant-mozbuild/d1/no-intermediate-moz-build/child/file
python/mozbuild/mozbuild/test/frontend/data/reader-relevant-mozbuild/d1/no-intermediate-moz-build/child/moz.build
python/mozbuild/mozbuild/test/frontend/data/reader-relevant-mozbuild/d1/parent-is-far/dir1/dir2/dir3/file
python/mozbuild/mozbuild/test/frontend/data/reader-relevant-mozbuild/d1/parent-is-far/moz.build
python/mozbuild/mozbuild/test/frontend/data/reader-relevant-mozbuild/d2/dir1/file
python/mozbuild/mozbuild/test/frontend/data/reader-relevant-mozbuild/d2/dir1/moz.build
python/mozbuild/mozbuild/test/frontend/data/reader-relevant-mozbuild/d2/dir2/file
python/mozbuild/mozbuild/test/frontend/data/reader-relevant-mozbuild/d2/dir2/moz.build
python/mozbuild/mozbuild/test/frontend/data/reader-relevant-mozbuild/d2/moz.build
python/mozbuild/mozbuild/test/frontend/data/reader-relevant-mozbuild/file
python/mozbuild/mozbuild/test/frontend/data/reader-relevant-mozbuild/moz.build
python/mozbuild/mozbuild/test/frontend/data/sources/a.cpp
python/mozbuild/mozbuild/test/frontend/data/sources/b.cc
python/mozbuild/mozbuild/test/frontend/data/sources/c.cxx
python/mozbuild/mozbuild/test/frontend/data/sources/d.c
python/mozbuild/mozbuild/test/frontend/data/sources/e.m
python/mozbuild/mozbuild/test/frontend/data/sources/f.mm
python/mozbuild/mozbuild/test/frontend/data/sources/g.S
python/mozbuild/mozbuild/test/frontend/data/sources/h.s
python/mozbuild/mozbuild/test/frontend/data/sources/i.asm
python/mozbuild/mozbuild/test/frontend/data/sources/moz.build
python/mozbuild/mozbuild/test/frontend/data/templates/templates.mozbuild
python/mozbuild/mozbuild/test/frontend/data/test-harness-files-root/moz.build
python/mozbuild/mozbuild/test/frontend/data/test-harness-files/mochitest.ini
python/mozbuild/mozbuild/test/frontend/data/test-harness-files/mochitest.py
python/mozbuild/mozbuild/test/frontend/data/test-harness-files/moz.build
python/mozbuild/mozbuild/test/frontend/data/test-harness-files/runtests.py
python/mozbuild/mozbuild/test/frontend/data/test-harness-files/utils.py
python/mozbuild/mozbuild/test/frontend/data/test-manifest-absolute-support/absolute-support.ini
python/mozbuild/mozbuild/test/frontend/data/test-manifest-absolute-support/foo.txt
python/mozbuild/mozbuild/test/frontend/data/test-manifest-absolute-support/moz.build
python/mozbuild/mozbuild/test/frontend/data/test-manifest-emitted-includes/included-reftest.list
python/mozbuild/mozbuild/test/frontend/data/test-manifest-emitted-includes/moz.build
python/mozbuild/mozbuild/test/frontend/data/test-manifest-emitted-includes/reftest.list
python/mozbuild/mozbuild/test/frontend/data/test-manifest-empty/empty.ini
python/mozbuild/mozbuild/test/frontend/data/test-manifest-empty/moz.build
python/mozbuild/mozbuild/test/frontend/data/test-manifest-inactive-ignored/test_inactive.html
python/mozbuild/mozbuild/test/frontend/data/test-manifest-install-includes/common.ini
python/mozbuild/mozbuild/test/frontend/data/test-manifest-install-includes/mochitest.ini
python/mozbuild/mozbuild/test/frontend/data/test-manifest-install-includes/moz.build
python/mozbuild/mozbuild/test/frontend/data/test-manifest-install-includes/test_foo.html
python/mozbuild/mozbuild/test/frontend/data/test-manifest-install-subdir/moz.build
python/mozbuild/mozbuild/test/frontend/data/test-manifest-install-subdir/subdir.ini
python/mozbuild/mozbuild/test/frontend/data/test-manifest-install-subdir/test_foo.html
python/mozbuild/mozbuild/test/frontend/data/test-manifest-just-support/foo.txt
python/mozbuild/mozbuild/test/frontend/data/test-manifest-just-support/just-support.ini
python/mozbuild/mozbuild/test/frontend/data/test-manifest-just-support/moz.build
python/mozbuild/mozbuild/test/frontend/data/test-manifest-keys-extracted/a11y-support/dir1/bar
python/mozbuild/mozbuild/test/frontend/data/test-manifest-keys-extracted/a11y-support/foo
python/mozbuild/mozbuild/test/frontend/data/test-manifest-keys-extracted/a11y.ini
python/mozbuild/mozbuild/test/frontend/data/test-manifest-keys-extracted/browser.ini
python/mozbuild/mozbuild/test/frontend/data/test-manifest-keys-extracted/chrome.ini
python/mozbuild/mozbuild/test/frontend/data/test-manifest-keys-extracted/crashtest.list
python/mozbuild/mozbuild/test/frontend/data/test-manifest-keys-extracted/metro.ini
python/mozbuild/mozbuild/test/frontend/data/test-manifest-keys-extracted/mochitest.ini
python/mozbuild/mozbuild/test/frontend/data/test-manifest-keys-extracted/moz.build
python/mozbuild/mozbuild/test/frontend/data/test-manifest-keys-extracted/reftest.list
python/mozbuild/mozbuild/test/frontend/data/test-manifest-keys-extracted/test_a11y.js
python/mozbuild/mozbuild/test/frontend/data/test-manifest-keys-extracted/test_browser.js
python/mozbuild/mozbuild/test/frontend/data/test-manifest-keys-extracted/test_chrome.js
python/mozbuild/mozbuild/test/frontend/data/test-manifest-keys-extracted/test_metro.js
python/mozbuild/mozbuild/test/frontend/data/test-manifest-keys-extracted/test_mochitest.js
python/mozbuild/mozbuild/test/frontend/data/test-manifest-keys-extracted/test_xpcshell.js
python/mozbuild/mozbuild/test/frontend/data/test-manifest-keys-extracted/xpcshell.ini
python/mozbuild/mozbuild/test/frontend/data/test-manifest-missing-manifest/moz.build
python/mozbuild/mozbuild/test/frontend/data/test-manifest-missing-test-file-unfiltered/moz.build
python/mozbuild/mozbuild/test/frontend/data/test-manifest-missing-test-file-unfiltered/xpcshell.ini
python/mozbuild/mozbuild/test/frontend/data/test-manifest-missing-test-file/mochitest.ini
python/mozbuild/mozbuild/test/frontend/data/test-manifest-missing-test-file/moz.build
python/mozbuild/mozbuild/test/frontend/data/test-manifest-parent-support-files-dir/child/mochitest.ini
python/mozbuild/mozbuild/test/frontend/data/test-manifest-parent-support-files-dir/child/test_foo.js
python/mozbuild/mozbuild/test/frontend/data/test-manifest-parent-support-files-dir/moz.build
python/mozbuild/mozbuild/test/frontend/data/test-manifest-parent-support-files-dir/support-file.txt
python/mozbuild/mozbuild/test/frontend/data/test-manifest-unmatched-generated/moz.build
python/mozbuild/mozbuild/test/frontend/data/test-manifest-unmatched-generated/test.ini
python/mozbuild/mozbuild/test/frontend/data/test-manifest-unmatched-generated/test_foo
python/mozbuild/mozbuild/test/frontend/data/traversal-all-vars/moz.build
python/mozbuild/mozbuild/test/frontend/data/traversal-all-vars/parallel/moz.build
python/mozbuild/mozbuild/test/frontend/data/traversal-all-vars/regular/moz.build
python/mozbuild/mozbuild/test/frontend/data/traversal-all-vars/test/moz.build
python/mozbuild/mozbuild/test/frontend/data/traversal-outside-topsrcdir/moz.build
python/mozbuild/mozbuild/test/frontend/data/traversal-relative-dirs/bar/moz.build
python/mozbuild/mozbuild/test/frontend/data/traversal-relative-dirs/foo/moz.build
python/mozbuild/mozbuild/test/frontend/data/traversal-relative-dirs/moz.build
python/mozbuild/mozbuild/test/frontend/data/traversal-repeated-dirs/bar/moz.build
python/mozbuild/mozbuild/test/frontend/data/traversal-repeated-dirs/foo/moz.build
python/mozbuild/mozbuild/test/frontend/data/traversal-repeated-dirs/moz.build
python/mozbuild/mozbuild/test/frontend/data/traversal-simple/bar/moz.build
python/mozbuild/mozbuild/test/frontend/data/traversal-simple/foo/biz/moz.build
python/mozbuild/mozbuild/test/frontend/data/traversal-simple/foo/moz.build
python/mozbuild/mozbuild/test/frontend/data/traversal-simple/moz.build
python/mozbuild/mozbuild/test/frontend/data/unified-sources-non-unified/bar.cxx
python/mozbuild/mozbuild/test/frontend/data/unified-sources-non-unified/c1.c
python/mozbuild/mozbuild/test/frontend/data/unified-sources-non-unified/c2.c
python/mozbuild/mozbuild/test/frontend/data/unified-sources-non-unified/foo.cpp
python/mozbuild/mozbuild/test/frontend/data/unified-sources-non-unified/moz.build
python/mozbuild/mozbuild/test/frontend/data/unified-sources-non-unified/objc1.mm
python/mozbuild/mozbuild/test/frontend/data/unified-sources-non-unified/objc2.mm
python/mozbuild/mozbuild/test/frontend/data/unified-sources-non-unified/quux.cc
python/mozbuild/mozbuild/test/frontend/data/unified-sources/bar.cxx
python/mozbuild/mozbuild/test/frontend/data/unified-sources/c1.c
python/mozbuild/mozbuild/test/frontend/data/unified-sources/c2.c
python/mozbuild/mozbuild/test/frontend/data/unified-sources/foo.cpp
python/mozbuild/mozbuild/test/frontend/data/unified-sources/moz.build
python/mozbuild/mozbuild/test/frontend/data/unified-sources/objc1.mm
python/mozbuild/mozbuild/test/frontend/data/unified-sources/objc2.mm
python/mozbuild/mozbuild/test/frontend/data/unified-sources/quux.cc
python/mozbuild/mozbuild/test/frontend/data/variable-passthru/bans.S
python/mozbuild/mozbuild/test/frontend/data/variable-passthru/moz.build
python/mozbuild/mozbuild/test/frontend/data/variable-passthru/test1.c
python/mozbuild/mozbuild/test/frontend/data/variable-passthru/test1.cpp
python/mozbuild/mozbuild/test/frontend/data/variable-passthru/test1.mm
python/mozbuild/mozbuild/test/frontend/data/variable-passthru/test2.c
python/mozbuild/mozbuild/test/frontend/data/variable-passthru/test2.cpp
python/mozbuild/mozbuild/test/frontend/data/variable-passthru/test2.mm
python/mozbuild/mozbuild/test/frontend/data/xpidl-module-no-sources/moz.build
python/mozbuild/mozbuild/test/frontend/test_context.py
python/mozbuild/mozbuild/test/frontend/test_emitter.py
python/mozbuild/mozbuild/test/frontend/test_namespaces.py
python/mozbuild/mozbuild/test/frontend/test_reader.py
python/mozbuild/mozbuild/test/frontend/test_sandbox.py
python/mozbuild/mozbuild/test/test_android_version_code.py
python/mozbuild/mozbuild/test/test_base.py
python/mozbuild/mozbuild/test/test_containers.py
python/mozbuild/mozbuild/test/test_dotproperties.py
python/mozbuild/mozbuild/test/test_expression.py
python/mozbuild/mozbuild/test/test_jarmaker.py
python/mozbuild/mozbuild/test/test_line_endings.py
python/mozbuild/mozbuild/test/test_makeutil.py
python/mozbuild/mozbuild/test/test_mozconfig.py
python/mozbuild/mozbuild/test/test_mozinfo.py
python/mozbuild/mozbuild/test/test_preprocessor.py
python/mozbuild/mozbuild/test/test_pythonutil.py
python/mozbuild/mozbuild/test/test_testing.py
python/mozbuild/mozbuild/test/test_util.py
python/mozbuild/mozbuild/testing.py
python/mozbuild/mozbuild/util.py
python/mozbuild/mozbuild/virtualenv.py
python/mozbuild/mozpack/__init__.py
python/mozbuild/mozpack/chrome/__init__.py
python/mozbuild/mozpack/chrome/flags.py
python/mozbuild/mozpack/chrome/manifest.py
python/mozbuild/mozpack/copier.py
python/mozbuild/mozpack/dmg.py
python/mozbuild/mozpack/errors.py
python/mozbuild/mozpack/executables.py
python/mozbuild/mozpack/files.py
python/mozbuild/mozpack/hg.py
python/mozbuild/mozpack/manifests.py
python/mozbuild/mozpack/mozjar.py
python/mozbuild/mozpack/packager/__init__.py
python/mozbuild/mozpack/packager/formats.py
python/mozbuild/mozpack/packager/l10n.py
python/mozbuild/mozpack/packager/unpack.py
python/mozbuild/mozpack/path.py
python/mozbuild/mozpack/test/__init__.py
python/mozbuild/mozpack/test/support/minify_js_verify.py
python/mozbuild/mozpack/test/test_chrome_flags.py
python/mozbuild/mozpack/test/test_chrome_manifest.py
python/mozbuild/mozpack/test/test_copier.py
python/mozbuild/mozpack/test/test_errors.py
python/mozbuild/mozpack/test/test_files.py
python/mozbuild/mozpack/test/test_manifests.py
python/mozbuild/mozpack/test/test_mozjar.py
python/mozbuild/mozpack/test/test_packager.py
python/mozbuild/mozpack/test/test_packager_formats.py
python/mozbuild/mozpack/test/test_packager_l10n.py
python/mozbuild/mozpack/test/test_packager_unpack.py
python/mozbuild/mozpack/test/test_path.py
python/mozbuild/mozpack/test/test_unify.py
python/mozbuild/mozpack/unify.py
python/mozbuild/setup.py
python/mozversioncontrol/mozversioncontrol/__init__.py
python/mozversioncontrol/mozversioncontrol/repoupdate.py
python/psutil/CREDITS
python/psutil/HISTORY.rst
python/psutil/INSTALL.rst
python/psutil/LICENSE
python/psutil/MANIFEST.in
python/psutil/Makefile
python/psutil/PKG-INFO
python/psutil/README.rst
python/psutil/TODO
python/psutil/docs/Makefile
python/psutil/docs/README
python/psutil/docs/_static/copybutton.js
python/psutil/docs/_static/favicon.ico
python/psutil/docs/_static/logo.png
python/psutil/docs/_static/sidebar.js
python/psutil/docs/_template/globaltoc.html
python/psutil/docs/_template/indexcontent.html
python/psutil/docs/_template/indexsidebar.html
python/psutil/docs/_template/page.html
python/psutil/docs/_themes/pydoctheme/static/pydoctheme.css
python/psutil/docs/_themes/pydoctheme/theme.conf
python/psutil/docs/conf.py
python/psutil/docs/index.rst
python/psutil/docs/make.bat
python/psutil/docs/xxx
python/psutil/examples/disk_usage.py
python/psutil/examples/free.py
python/psutil/examples/ifconfig.py
python/psutil/examples/iotop.py
python/psutil/examples/killall.py
python/psutil/examples/meminfo.py
python/psutil/examples/netstat.py
python/psutil/examples/nettop.py
python/psutil/examples/pidof.py
python/psutil/examples/pmap.py
python/psutil/examples/process_detail.py
python/psutil/examples/ps.py
python/psutil/examples/pstree.py
python/psutil/examples/top.py
python/psutil/examples/who.py
python/psutil/make.bat
python/psutil/psutil.egg-info/PKG-INFO
python/psutil/psutil.egg-info/SOURCES.txt
python/psutil/psutil.egg-info/dependency_links.txt
python/psutil/psutil.egg-info/top_level.txt
python/psutil/psutil/__init__.py
python/psutil/psutil/_common.py
python/psutil/psutil/_compat.py
python/psutil/psutil/_psbsd.py
python/psutil/psutil/_pslinux.py
python/psutil/psutil/_psosx.py
python/psutil/psutil/_psposix.py
python/psutil/psutil/_pssunos.py
python/psutil/psutil/_psutil_bsd.c
python/psutil/psutil/_psutil_bsd.h
python/psutil/psutil/_psutil_common.c
python/psutil/psutil/_psutil_common.h
python/psutil/psutil/_psutil_linux.c
python/psutil/psutil/_psutil_linux.h
python/psutil/psutil/_psutil_osx.c
python/psutil/psutil/_psutil_osx.h
python/psutil/psutil/_psutil_posix.c
python/psutil/psutil/_psutil_posix.h
python/psutil/psutil/_psutil_sunos.c
python/psutil/psutil/_psutil_sunos.h
python/psutil/psutil/_psutil_windows.c
python/psutil/psutil/_psutil_windows.h
python/psutil/psutil/_pswindows.py
python/psutil/psutil/arch/bsd/process_info.c
python/psutil/psutil/arch/bsd/process_info.h
python/psutil/psutil/arch/osx/process_info.c
python/psutil/psutil/arch/osx/process_info.h
python/psutil/psutil/arch/windows/glpi.h
python/psutil/psutil/arch/windows/inet_ntop.c
python/psutil/psutil/arch/windows/inet_ntop.h
python/psutil/psutil/arch/windows/ntextapi.h
python/psutil/psutil/arch/windows/process_handles.c
python/psutil/psutil/arch/windows/process_handles.h
python/psutil/psutil/arch/windows/process_info.c
python/psutil/psutil/arch/windows/process_info.h
python/psutil/psutil/arch/windows/security.c
python/psutil/psutil/arch/windows/security.h
python/psutil/setup.cfg
python/psutil/setup.py
python/psutil/test/README.rst
python/psutil/test/_bsd.py
python/psutil/test/_linux.py
python/psutil/test/_osx.py
python/psutil/test/_posix.py
python/psutil/test/_sunos.py
python/psutil/test/_windows.py
python/psutil/test/test_memory_leaks.py
python/psutil/test/test_psutil.py
python/psutil/tox.ini
python/pyasn1-modules/CHANGES
python/pyasn1-modules/LICENSE
python/pyasn1-modules/MANIFEST.in
python/pyasn1-modules/PKG-INFO
python/pyasn1-modules/README
python/pyasn1-modules/pyasn1_modules.egg-info/PKG-INFO
python/pyasn1-modules/pyasn1_modules.egg-info/SOURCES.txt
python/pyasn1-modules/pyasn1_modules.egg-info/dependency_links.txt
python/pyasn1-modules/pyasn1_modules.egg-info/requires.txt
python/pyasn1-modules/pyasn1_modules.egg-info/top_level.txt
python/pyasn1-modules/pyasn1_modules.egg-info/zip-safe
python/pyasn1-modules/pyasn1_modules/__init__.py
python/pyasn1-modules/pyasn1_modules/pem.py
python/pyasn1-modules/pyasn1_modules/pkcs12.py
python/pyasn1-modules/pyasn1_modules/rfc1155.py
python/pyasn1-modules/pyasn1_modules/rfc1157.py
python/pyasn1-modules/pyasn1_modules/rfc1901.py
python/pyasn1-modules/pyasn1_modules/rfc1902.py
python/pyasn1-modules/pyasn1_modules/rfc1905.py
python/pyasn1-modules/pyasn1_modules/rfc2251.py
python/pyasn1-modules/pyasn1_modules/rfc2314.py
python/pyasn1-modules/pyasn1_modules/rfc2315.py
python/pyasn1-modules/pyasn1_modules/rfc2437.py
python/pyasn1-modules/pyasn1_modules/rfc2459.py
python/pyasn1-modules/pyasn1_modules/rfc2511.py
python/pyasn1-modules/pyasn1_modules/rfc2560.py
python/pyasn1-modules/pyasn1_modules/rfc3412.py
python/pyasn1-modules/pyasn1_modules/rfc3414.py
python/pyasn1-modules/pyasn1_modules/rfc3447.py
python/pyasn1-modules/pyasn1_modules/rfc4210.py
python/pyasn1-modules/pyasn1_modules/rfc5208.py
python/pyasn1-modules/setup.cfg
python/pyasn1-modules/setup.py
python/pyasn1-modules/test/cmp.sh
python/pyasn1-modules/test/crl.sh
python/pyasn1-modules/test/crmf.sh
python/pyasn1-modules/test/ocspreq.sh
python/pyasn1-modules/test/ocsprsp.sh
python/pyasn1-modules/test/pkcs1.sh
python/pyasn1-modules/test/pkcs10.sh
python/pyasn1-modules/test/pkcs7.sh
python/pyasn1-modules/test/pkcs8.sh
python/pyasn1-modules/test/x509dump.sh
python/pyasn1-modules/tools/cmpdump.py
python/pyasn1-modules/tools/crldump.py
python/pyasn1-modules/tools/crmfdump.py
python/pyasn1-modules/tools/ocspclient.py
python/pyasn1-modules/tools/ocspreqdump.py
python/pyasn1-modules/tools/ocsprspdump.py
python/pyasn1-modules/tools/ocspserver.py
python/pyasn1-modules/tools/pkcs10dump.py
python/pyasn1-modules/tools/pkcs1dump.py
python/pyasn1-modules/tools/pkcs7dump.py
python/pyasn1-modules/tools/pkcs8dump.py
python/pyasn1-modules/tools/snmpget.py
python/pyasn1-modules/tools/x509dump.py
python/pyasn1/CHANGES
python/pyasn1/LICENSE
python/pyasn1/MANIFEST.in
python/pyasn1/PKG-INFO
python/pyasn1/README
python/pyasn1/THANKS
python/pyasn1/TODO
python/pyasn1/doc/codecs.html
python/pyasn1/doc/constraints.html
python/pyasn1/doc/constructed.html
python/pyasn1/doc/intro.html
python/pyasn1/doc/pyasn1-tutorial.html
python/pyasn1/doc/scalar.html
python/pyasn1/doc/tagging.html
python/pyasn1/pyasn1.egg-info/PKG-INFO
python/pyasn1/pyasn1.egg-info/SOURCES.txt
python/pyasn1/pyasn1.egg-info/dependency_links.txt
python/pyasn1/pyasn1.egg-info/top_level.txt
python/pyasn1/pyasn1.egg-info/zip-safe
python/pyasn1/pyasn1/__init__.py
python/pyasn1/pyasn1/codec/__init__.py
python/pyasn1/pyasn1/codec/ber/__init__.py
python/pyasn1/pyasn1/codec/ber/decoder.py
python/pyasn1/pyasn1/codec/ber/encoder.py
python/pyasn1/pyasn1/codec/ber/eoo.py
python/pyasn1/pyasn1/codec/cer/__init__.py
python/pyasn1/pyasn1/codec/cer/decoder.py
python/pyasn1/pyasn1/codec/cer/encoder.py
python/pyasn1/pyasn1/codec/der/__init__.py
python/pyasn1/pyasn1/codec/der/decoder.py
python/pyasn1/pyasn1/codec/der/encoder.py
python/pyasn1/pyasn1/compat/__init__.py
python/pyasn1/pyasn1/compat/octets.py
python/pyasn1/pyasn1/debug.py
python/pyasn1/pyasn1/error.py
python/pyasn1/pyasn1/type/__init__.py
python/pyasn1/pyasn1/type/base.py
python/pyasn1/pyasn1/type/char.py
python/pyasn1/pyasn1/type/constraint.py
python/pyasn1/pyasn1/type/error.py
python/pyasn1/pyasn1/type/namedtype.py
python/pyasn1/pyasn1/type/namedval.py
python/pyasn1/pyasn1/type/tag.py
python/pyasn1/pyasn1/type/tagmap.py
python/pyasn1/pyasn1/type/univ.py
python/pyasn1/pyasn1/type/useful.py
python/pyasn1/setup.cfg
python/pyasn1/setup.py
python/pyasn1/test/__init__.py
python/pyasn1/test/codec/__init__.py
python/pyasn1/test/codec/ber/__init__.py
python/pyasn1/test/codec/ber/suite.py
python/pyasn1/test/codec/ber/test_decoder.py
python/pyasn1/test/codec/ber/test_encoder.py
python/pyasn1/test/codec/cer/__init__.py
python/pyasn1/test/codec/cer/suite.py
python/pyasn1/test/codec/cer/test_decoder.py
python/pyasn1/test/codec/cer/test_encoder.py
python/pyasn1/test/codec/der/__init__.py
python/pyasn1/test/codec/der/suite.py
python/pyasn1/test/codec/der/test_decoder.py
python/pyasn1/test/codec/der/test_encoder.py
python/pyasn1/test/codec/suite.py
python/pyasn1/test/suite.py
python/pyasn1/test/type/__init__.py
python/pyasn1/test/type/suite.py
python/pyasn1/test/type/test_constraint.py
python/pyasn1/test/type/test_namedtype.py
python/pyasn1/test/type/test_tag.py
python/pyasn1/test/type/test_univ.py
python/pystache/.gitignore
python/pystache/.gitmodules
python/pystache/.travis.yml
python/pystache/HISTORY.md
python/pystache/LICENSE
python/pystache/MANIFEST.in
python/pystache/README.md
python/pystache/TODO.md
python/pystache/gh/images/logo_phillips.png
python/pystache/pystache/__init__.py
python/pystache/pystache/commands/__init__.py
python/pystache/pystache/commands/render.py
python/pystache/pystache/commands/test.py
python/pystache/pystache/common.py
python/pystache/pystache/context.py
python/pystache/pystache/defaults.py
python/pystache/pystache/init.py
python/pystache/pystache/loader.py
python/pystache/pystache/locator.py
python/pystache/pystache/parsed.py
python/pystache/pystache/parser.py
python/pystache/pystache/renderengine.py
python/pystache/pystache/renderer.py
python/pystache/pystache/specloader.py
python/pystache/pystache/template_spec.py
python/pystache/setup.py
python/pystache/setup_description.rst
python/pystache/test_pystache.py
python/pystache/tox.ini
python/pyyaml/CHANGES
python/pyyaml/LICENSE
python/pyyaml/PKG-INFO
python/pyyaml/README
python/pyyaml/examples/pygments-lexer/example.yaml
python/pyyaml/examples/pygments-lexer/yaml.py
python/pyyaml/examples/yaml-highlight/yaml_hl.cfg
python/pyyaml/examples/yaml-highlight/yaml_hl.py
python/pyyaml/ext/_yaml.c
python/pyyaml/ext/_yaml.h
python/pyyaml/ext/_yaml.pxd
python/pyyaml/ext/_yaml.pyx
python/pyyaml/lib/yaml/__init__.py
python/pyyaml/lib/yaml/composer.py
python/pyyaml/lib/yaml/constructor.py
python/pyyaml/lib/yaml/cyaml.py
python/pyyaml/lib/yaml/dumper.py
python/pyyaml/lib/yaml/emitter.py
python/pyyaml/lib/yaml/error.py
python/pyyaml/lib/yaml/events.py
python/pyyaml/lib/yaml/loader.py
python/pyyaml/lib/yaml/nodes.py
python/pyyaml/lib/yaml/parser.py
python/pyyaml/lib/yaml/reader.py
python/pyyaml/lib/yaml/representer.py
python/pyyaml/lib/yaml/resolver.py
python/pyyaml/lib/yaml/scanner.py
python/pyyaml/lib/yaml/serializer.py
python/pyyaml/lib/yaml/tokens.py
python/pyyaml/lib3/yaml/__init__.py
python/pyyaml/lib3/yaml/composer.py
python/pyyaml/lib3/yaml/constructor.py
python/pyyaml/lib3/yaml/cyaml.py
python/pyyaml/lib3/yaml/dumper.py
python/pyyaml/lib3/yaml/emitter.py
python/pyyaml/lib3/yaml/error.py
python/pyyaml/lib3/yaml/events.py
python/pyyaml/lib3/yaml/loader.py
python/pyyaml/lib3/yaml/nodes.py
python/pyyaml/lib3/yaml/parser.py
python/pyyaml/lib3/yaml/reader.py
python/pyyaml/lib3/yaml/representer.py
python/pyyaml/lib3/yaml/resolver.py
python/pyyaml/lib3/yaml/scanner.py
python/pyyaml/lib3/yaml/serializer.py
python/pyyaml/lib3/yaml/tokens.py
python/pyyaml/setup.cfg
python/pyyaml/setup.py
python/redo/PKG-INFO
python/redo/README
python/redo/redo.egg-info/PKG-INFO
python/redo/redo.egg-info/SOURCES.txt
python/redo/redo.egg-info/dependency_links.txt
python/redo/redo.egg-info/entry_points.txt
python/redo/redo.egg-info/top_level.txt
python/redo/redo/__init__.py
python/redo/redo/cmd.py
python/redo/setup.cfg
python/redo/setup.py
python/requests/HISTORY.rst
python/requests/LICENSE
python/requests/MANIFEST.in
python/requests/NOTICE
python/requests/PKG-INFO
python/requests/README.rst
python/requests/requests.egg-info/PKG-INFO
python/requests/requests.egg-info/SOURCES.txt
python/requests/requests.egg-info/dependency_links.txt
python/requests/requests.egg-info/not-zip-safe
python/requests/requests.egg-info/requires.txt
python/requests/requests.egg-info/top_level.txt
python/requests/requests/__init__.py
python/requests/requests/adapters.py
python/requests/requests/api.py
python/requests/requests/auth.py
python/requests/requests/cacert.pem
python/requests/requests/certs.py
python/requests/requests/compat.py
python/requests/requests/cookies.py
python/requests/requests/exceptions.py
python/requests/requests/hooks.py
python/requests/requests/models.py
python/requests/requests/packages/__init__.py
python/requests/requests/packages/chardet/__init__.py
python/requests/requests/packages/chardet/big5freq.py
python/requests/requests/packages/chardet/big5prober.py
python/requests/requests/packages/chardet/chardetect.py
python/requests/requests/packages/chardet/chardistribution.py
python/requests/requests/packages/chardet/charsetgroupprober.py
python/requests/requests/packages/chardet/charsetprober.py
python/requests/requests/packages/chardet/codingstatemachine.py
python/requests/requests/packages/chardet/compat.py
python/requests/requests/packages/chardet/constants.py
python/requests/requests/packages/chardet/cp949prober.py
python/requests/requests/packages/chardet/escprober.py
python/requests/requests/packages/chardet/escsm.py
python/requests/requests/packages/chardet/eucjpprober.py
python/requests/requests/packages/chardet/euckrfreq.py
python/requests/requests/packages/chardet/euckrprober.py
python/requests/requests/packages/chardet/euctwfreq.py
python/requests/requests/packages/chardet/euctwprober.py
python/requests/requests/packages/chardet/gb2312freq.py
python/requests/requests/packages/chardet/gb2312prober.py
python/requests/requests/packages/chardet/hebrewprober.py
python/requests/requests/packages/chardet/jisfreq.py
python/requests/requests/packages/chardet/jpcntx.py
python/requests/requests/packages/chardet/langbulgarianmodel.py
python/requests/requests/packages/chardet/langcyrillicmodel.py
python/requests/requests/packages/chardet/langgreekmodel.py
python/requests/requests/packages/chardet/langhebrewmodel.py
python/requests/requests/packages/chardet/langhungarianmodel.py
python/requests/requests/packages/chardet/langthaimodel.py
python/requests/requests/packages/chardet/latin1prober.py
python/requests/requests/packages/chardet/mbcharsetprober.py
python/requests/requests/packages/chardet/mbcsgroupprober.py
python/requests/requests/packages/chardet/mbcssm.py
python/requests/requests/packages/chardet/sbcharsetprober.py
python/requests/requests/packages/chardet/sbcsgroupprober.py
python/requests/requests/packages/chardet/sjisprober.py
python/requests/requests/packages/chardet/universaldetector.py
python/requests/requests/packages/chardet/utf8prober.py
python/requests/requests/packages/urllib3/__init__.py
python/requests/requests/packages/urllib3/_collections.py
python/requests/requests/packages/urllib3/connection.py
python/requests/requests/packages/urllib3/connectionpool.py
python/requests/requests/packages/urllib3/contrib/__init__.py
python/requests/requests/packages/urllib3/contrib/ntlmpool.py
python/requests/requests/packages/urllib3/contrib/pyopenssl.py
python/requests/requests/packages/urllib3/exceptions.py
python/requests/requests/packages/urllib3/fields.py
python/requests/requests/packages/urllib3/filepost.py
python/requests/requests/packages/urllib3/packages/__init__.py
python/requests/requests/packages/urllib3/packages/ordered_dict.py
python/requests/requests/packages/urllib3/packages/six.py
python/requests/requests/packages/urllib3/packages/ssl_match_hostname/__init__.py
python/requests/requests/packages/urllib3/packages/ssl_match_hostname/_implementation.py
python/requests/requests/packages/urllib3/poolmanager.py
python/requests/requests/packages/urllib3/request.py
python/requests/requests/packages/urllib3/response.py
python/requests/requests/packages/urllib3/util/__init__.py
python/requests/requests/packages/urllib3/util/connection.py
python/requests/requests/packages/urllib3/util/request.py
python/requests/requests/packages/urllib3/util/response.py
python/requests/requests/packages/urllib3/util/retry.py
python/requests/requests/packages/urllib3/util/ssl_.py
python/requests/requests/packages/urllib3/util/timeout.py
python/requests/requests/packages/urllib3/util/url.py
python/requests/requests/sessions.py
python/requests/requests/status_codes.py
python/requests/requests/structures.py
python/requests/requests/utils.py
python/requests/requirements.txt
python/requests/setup.cfg
python/requests/setup.py
python/requests/test_requests.py
python/rsa/LICENSE
python/rsa/MANIFEST.in
python/rsa/PKG-INFO
python/rsa/README.rst
python/rsa/create_timing_table.py
python/rsa/playstuff.py
python/rsa/rsa.egg-info/PKG-INFO
python/rsa/rsa.egg-info/SOURCES.txt
python/rsa/rsa.egg-info/dependency_links.txt
python/rsa/rsa.egg-info/entry_points.txt
python/rsa/rsa.egg-info/requires.txt
python/rsa/rsa.egg-info/top_level.txt
python/rsa/rsa/__init__.py
python/rsa/rsa/_compat.py
python/rsa/rsa/_version133.py
python/rsa/rsa/_version200.py
python/rsa/rsa/asn1.py
python/rsa/rsa/bigfile.py
python/rsa/rsa/cli.py
python/rsa/rsa/common.py
python/rsa/rsa/core.py
python/rsa/rsa/key.py
python/rsa/rsa/parallel.py
python/rsa/rsa/pem.py
python/rsa/rsa/pkcs1.py
python/rsa/rsa/prime.py
python/rsa/rsa/randnum.py
python/rsa/rsa/transform.py
python/rsa/rsa/util.py
python/rsa/rsa/varblock.py
python/rsa/run_tests.py
python/rsa/setup.cfg
python/rsa/setup.py
python/rsa/tests/__init__.py
python/rsa/tests/constants.py
python/rsa/tests/py2kconstants.py
python/rsa/tests/py3kconstants.py
python/rsa/tests/test_bigfile.py
python/rsa/tests/test_common.py
python/rsa/tests/test_compat.py
python/rsa/tests/test_integers.py
python/rsa/tests/test_load_save_keys.py
python/rsa/tests/test_pem.py
python/rsa/tests/test_pkcs1.py
python/rsa/tests/test_strings.py
python/rsa/tests/test_transform.py
python/rsa/tests/test_varblock.py
python/slugid/.gitignore
python/slugid/.travis.yml
python/slugid/LICENSE
python/slugid/README.rst
python/slugid/requirements.txt
python/slugid/setup.py
python/slugid/slugid/__init__.py
python/slugid/slugid/slugid.py
python/slugid/test.py
python/slugid/tox.ini
python/virtualenv/AUTHORS.txt
python/virtualenv/LICENSE.txt
python/virtualenv/MANIFEST.in
python/virtualenv/PKG-INFO
python/virtualenv/README.rst
python/virtualenv/bin/rebuild-script.py
python/virtualenv/docs/Makefile
python/virtualenv/docs/changes.rst
python/virtualenv/docs/conf.py
python/virtualenv/docs/development.rst
python/virtualenv/docs/index.rst
python/virtualenv/docs/installation.rst
python/virtualenv/docs/make.bat
python/virtualenv/docs/reference.rst
python/virtualenv/docs/userguide.rst
python/virtualenv/scripts/virtualenv
python/virtualenv/setup.cfg
python/virtualenv/setup.py
python/virtualenv/virtualenv.py
python/virtualenv/virtualenv_embedded/activate.bat
python/virtualenv/virtualenv_embedded/activate.csh
python/virtualenv/virtualenv_embedded/activate.fish
python/virtualenv/virtualenv_embedded/activate.ps1
python/virtualenv/virtualenv_embedded/activate.sh
python/virtualenv/virtualenv_embedded/activate_this.py
python/virtualenv/virtualenv_embedded/deactivate.bat
python/virtualenv/virtualenv_embedded/distutils-init.py
python/virtualenv/virtualenv_embedded/distutils.cfg
python/virtualenv/virtualenv_embedded/site.py
python/virtualenv/virtualenv_support/__init__.py
python/virtualenv/virtualenv_support/pip-6.0.6-py2.py3-none-any.whl
python/virtualenv/virtualenv_support/setuptools-11.0-py2.py3-none-any.whl
python/which/LICENSE.txt
python/which/MANIFEST.in
python/which/Makefile.win
python/which/PKG-INFO
python/which/README.txt
python/which/TODO.txt
python/which/build.py
python/which/launcher.cpp
python/which/logo.jpg
python/which/setup.py
python/which/test/test_which.py
python/which/test/testsupport.py
python/which/which.py
settings.gradle
test.mozbuild
toolkit/.eslintrc
toolkit/moz.build
toolkit/toolkit.mozbuild
toolkit/xre/CreateAppData.cpp
toolkit/xre/EventTracer.cpp
toolkit/xre/EventTracer.h
toolkit/xre/MacApplicationDelegate.h
toolkit/xre/MacApplicationDelegate.mm
toolkit/xre/MacAutoreleasePool.h
toolkit/xre/MacAutoreleasePool.mm
toolkit/xre/MacLaunchHelper.h
toolkit/xre/MacLaunchHelper.mm
toolkit/xre/MacQuirks.h
toolkit/xre/Makefile.in
toolkit/xre/MozMeegoAppService.h
toolkit/xre/ProfileReset.cpp
toolkit/xre/ProfileReset.h
toolkit/xre/UIKitDirProvider.h
toolkit/xre/UIKitDirProvider.mm
toolkit/xre/WindowsCrtPatch.h
toolkit/xre/glxtest.cpp
toolkit/xre/make-platformini.py
toolkit/xre/moz.build
toolkit/xre/nsAndroidStartup.cpp
toolkit/xre/nsAppRunner.cpp
toolkit/xre/nsAppRunner.h
toolkit/xre/nsCommandLineServiceMac.cpp
toolkit/xre/nsCommandLineServiceMac.h
toolkit/xre/nsConsoleWriter.cpp
toolkit/xre/nsEmbedFunctions.cpp
toolkit/xre/nsGDKErrorHandler.cpp
toolkit/xre/nsGDKErrorHandler.h
toolkit/xre/nsINativeAppSupport.idl
toolkit/xre/nsIWinAppHelper.idl
toolkit/xre/nsNativeAppSupportBase.cpp
toolkit/xre/nsNativeAppSupportBase.h
toolkit/xre/nsNativeAppSupportCocoa.mm
toolkit/xre/nsNativeAppSupportDefault.cpp
toolkit/xre/nsNativeAppSupportQt.cpp
toolkit/xre/nsNativeAppSupportQt.h
toolkit/xre/nsNativeAppSupportUnix.cpp
toolkit/xre/nsNativeAppSupportWin.cpp
toolkit/xre/nsNativeAppSupportWin.h
toolkit/xre/nsQAppInstance.cpp
toolkit/xre/nsQAppInstance.h
toolkit/xre/nsSigHandlers.cpp
toolkit/xre/nsSigHandlers.h
toolkit/xre/nsUpdateDriver.cpp
toolkit/xre/nsUpdateDriver.h
toolkit/xre/nsWindowsRestart.cpp
toolkit/xre/nsWindowsWMain.cpp
toolkit/xre/nsX11ErrorHandler.cpp
toolkit/xre/nsX11ErrorHandler.h
toolkit/xre/nsXREDirProvider.cpp
toolkit/xre/nsXREDirProvider.h
toolkit/xre/test/mochitest.ini
toolkit/xre/test/test_fpuhandler.html
toolkit/xre/test/win/Makefile.in
toolkit/xre/test/win/TestDllInterceptor.cpp
toolkit/xre/test/win/TestXREMakeCommandLineWin.cpp
toolkit/xre/test/win/TestXREMakeCommandLineWin.ini
toolkit/xre/test/win/moz.build

sent 114798771 bytes  received 372156 bytes  3638765 bytes/sec
total size is 112614237  speedup is 0.98
OK: tree synced to imacg52:/Users/macuser/tmp/ionpower-node/src-tree/
158M	/Users/macuser/tmp/ionpower-node/src-tree
